date,return,method,fund
2022-01-03,0.007893532580496581,equal_weight,Equity
2022-01-04,0.008287326862424099,equal_weight,Equity
2022-01-05,-0.009811024567845612,equal_weight,Equity
2022-01-06,0.000596376931055134,equal_weight,Equity
2022-01-07,0.0013930725716407816,equal_weight,Equity
2022-01-10,-0.006524926800297903,equal_weight,Equity
2022-01-11,0.010108670902059982,equal_weight,Equity
2022-01-12,0.002808856818174212,equal_weight,Equity
2022-01-13,-0.005023576980461088,equal_weight,Equity
2022-01-14,0.0018072024404420662,equal_weight,Equity
2022-01-18,-0.010761970773172893,equal_weight,Equity
2022-01-19,-0.006784420342637872,equal_weight,Equity
2022-01-20,-0.011862060931541647,equal_weight,Equity
2022-01-21,-0.012930960558085396,equal_weight,Equity
2022-01-24,0.002307455792883595,equal_weight,Equity
2022-01-25,-0.0033894377559069416,equal_weight,Equity
2022-01-26,-0.00884844116500199,equal_weight,Equity
2022-01-27,-0.003411783232470778,equal_weight,Equity
2022-01-28,0.0168862597049742,equal_weight,Equity
2022-01-31,0.014021638256743596,equal_weight,Equity
2022-02-01,0.010950258432124882,equal_weight,Equity
2022-02-02,0.009991702955684327,equal_weight,Equity
2022-02-03,-0.00951382855415483,equal_weight,Equity
2022-02-04,-0.0009650934505631595,equal_weight,Equity
2022-02-07,0.0023266470700742483,equal_weight,Equity
2022-02-08,0.004025120961881328,equal_weight,Equity
2022-02-09,0.0126067933136182,equal_weight,Equity
2022-02-10,-0.016922118858680186,equal_weight,Equity
2022-02-11,-0.010206802133622505,equal_weight,Equity
2022-02-14,-0.006341009055696149,equal_weight,Equity
2022-02-15,0.0104701416520558,equal_weight,Equity
2022-02-16,-0.0004521061122067474,equal_weight,Equity
2022-02-17,-0.01523585324930586,equal_weight,Equity
2022-02-18,-0.008409016441980766,equal_weight,Equity
2022-02-22,-0.006636163123505223,equal_weight,Equity
2022-02-23,-0.011444759515712766,equal_weight,Equity
2022-02-24,0.00664616201331293,equal_weight,Equity
2022-02-25,0.025427521482620962,equal_weight,Equity
2022-02-28,-0.002195598379704531,equal_weight,Equity
2022-03-01,-0.012896231197349312,equal_weight,Equity
2022-03-02,0.019780619392027854,equal_weight,Equity
2022-03-03,-0.0008418490610408497,equal_weight,Equity
2022-03-04,0.0018169686926337767,equal_weight,Equity
2022-03-07,-0.01776749892036473,equal_weight,Equity
2022-03-08,-0.004451663647359793,equal_weight,Equity
2022-03-09,0.015019626125899074,equal_weight,Equity
2022-03-10,-0.0008810613935192377,equal_weight,Equity
2022-03-11,-0.008321164119682882,equal_weight,Equity
2022-03-14,-0.009521426509802984,equal_weight,Equity
2022-03-15,0.009821014009503295,equal_weight,Equity
2022-03-16,0.01583014592972459,equal_weight,Equity
2022-03-17,0.014569366617528789,equal_weight,Equity
2022-03-18,0.004900691902451892,equal_weight,Equity
2022-03-21,0.003616403556229849,equal_weight,Equity
2022-03-22,0.0055469342443239394,equal_weight,Equity
2022-03-23,-0.009675333619606638,equal_weight,Equity
2022-03-24,0.010775713212324893,equal_weight,Equity
2022-03-25,0.009012400337871583,equal_weight,Equity
2022-03-28,0.0008465485017869987,equal_weight,Equity
2022-03-29,0.012421936723784475,equal_weight,Equity
2022-03-30,-0.004279865159334702,equal_weight,Equity
2022-03-31,-0.014612859704207257,equal_weight,Equity
2022-04-01,0.006186125023239843,equal_weight,Equity
2022-04-04,0.0023851263573864533,equal_weight,Equity
2022-04-05,-0.01069834050561134,equal_weight,Equity
2022-04-06,-0.0012633246356550418,equal_weight,Equity
2022-04-07,0.0016102370143205452,equal_weight,Equity
2022-04-08,0.0031541323434364893,equal_weight,Equity
2022-04-11,-0.011840453695113766,equal_weight,Equity
2022-04-12,-0.0008602131354637923,equal_weight,Equity
2022-04-13,0.009111691535789813,equal_weight,Equity
2022-04-14,-0.0021576094399995685,equal_weight,Equity
2022-04-18,0.0008561339045568395,equal_weight,Equity
2022-04-19,0.012514123824200307,equal_weight,Equity
2022-04-20,0.0015008733592365077,equal_weight,Equity
2022-04-21,-0.012365582660085608,equal_weight,Equity
2022-04-22,-0.02310687701405425,equal_weight,Equity
2022-04-25,-0.002562322005097424,equal_weight,Equity
2022-04-26,-0.02058994664206025,equal_weight,Equity
2022-04-27,0.0004532832337849469,equal_weight,Equity
2022-04-28,0.0175969767603209,equal_weight,Equity
2022-04-29,-0.035137233680550675,equal_weight,Equity
2022-05-02,0.004282752066340887,equal_weight,Equity
2022-05-03,0.006419254004216235,equal_weight,Equity
2022-05-04,0.03059747582803359,equal_weight,Equity
2022-05-05,-0.02522333353713442,equal_weight,Equity
2022-05-06,-0.0037348140552296684,equal_weight,Equity
2022-05-09,-0.03505511084284932,equal_weight,Equity
2022-05-10,-0.00435015726679066,equal_weight,Equity
2022-05-11,-0.003418132781437833,equal_weight,Equity
2022-05-12,0.0022033135934364755,equal_weight,Equity
2022-05-13,0.022291124944625016,equal_weight,Equity
2022-05-16,0.0013181692032246065,equal_weight,Equity
2022-05-17,0.019450539934054743,equal_weight,Equity
2022-05-18,-0.02801387185213911,equal_weight,Equity
2022-05-19,-0.0018228315479148114,equal_weight,Equity
2022-05-20,0.0006859801810684973,equal_weight,Equity
2022-05-23,0.019290594368582815,equal_weight,Equity
2022-05-24,0.0004160499764193643,equal_weight,Equity
2022-05-25,0.008934932428617256,equal_weight,Equity
2022-05-26,0.015234428874930364,equal_weight,Equity
2022-05-27,0.01958241057376831,equal_weight,Equity
2022-05-31,-0.007686832348451913,equal_weight,Equity
2022-06-01,-0.005248085487194567,equal_weight,Equity
2022-06-02,0.014666480722361935,equal_weight,Equity
2022-06-03,-0.00828168804204499,equal_weight,Equity
2022-06-06,-0.0004726634839063059,equal_weight,Equity
2022-06-07,0.010212564518665375,equal_weight,Equity
2022-06-08,-0.01288874606797629,equal_weight,Equity
2022-06-09,-0.02355902207801281,equal_weight,Equity
2022-06-10,-0.02572519852341478,equal_weight,Equity
2022-06-13,-0.04038529147505947,equal_weight,Equity
2022-06-14,-0.0064914420956831,equal_weight,Equity
2022-06-15,0.010895650187921786,equal_weight,Equity
2022-06-16,-0.02883302653138866,equal_weight,Equity
2022-06-17,-0.0040129501461385695,equal_weight,Equity
2022-06-21,0.021283145794544635,equal_weight,Equity
2022-06-22,-0.003436148511325536,equal_weight,Equity
2022-06-23,0.0025338360448495245,equal_weight,Equity
2022-06-24,0.028722864719396547,equal_weight,Equity
2022-06-27,-0.0030991162767539794,equal_weight,Equity
2022-06-28,-0.009510549810128442,equal_weight,Equity
2022-06-29,-0.005108620032928052,equal_weight,Equity
2022-06-30,-0.00757003786096443,equal_weight,Equity
2022-07-01,0.010735052336339567,equal_weight,Equity
2022-07-05,-0.006293927342713394,equal_weight,Equity
2022-07-06,-0.00013597333307193254,equal_weight,Equity
2022-07-07,0.014110195282665636,equal_weight,Equity
2022-07-08,-0.003327694098526209,equal_weight,Equity
2022-07-11,-0.007581620815643344,equal_weight,Equity
2022-07-12,-0.0038619318641055773,equal_weight,Equity
2022-07-13,-0.0037269688378600173,equal_weight,Equity
2022-07-14,-0.0041632110087867465,equal_weight,Equity
2022-07-15,0.018608815343360566,equal_weight,Equity
2022-07-18,-0.0032098002043968576,equal_weight,Equity
2022-07-19,0.027385120685752967,equal_weight,Equity
2022-07-20,0.002652137007976471,equal_weight,Equity
2022-07-21,0.005351057035176227,equal_weight,Equity
2022-07-22,-0.004943947923047727,equal_weight,Equity
2022-07-25,0.0035859017301082836,equal_weight,Equity
2022-07-26,-0.004859655657097753,equal_weight,Equity
2022-07-27,0.011691570468449708,equal_weight,Equity
2022-07-28,0.010345161395059147,equal_weight,Equity
2022-07-29,0.009706179215131488,equal_weight,Equity
2022-08-01,-0.0016167632894356567,equal_weight,Equity
2022-08-02,-0.009763777204931854,equal_weight,Equity
2022-08-03,0.0063489694907891345,equal_weight,Equity
2022-08-04,-0.001620504861874982,equal_weight,Equity
2022-08-05,0.001588598643800305,equal_weight,Equity
2022-08-08,-0.00012185518376140356,equal_weight,Equity
2022-08-09,-0.0008059676403024054,equal_weight,Equity
2022-08-10,0.01673915248481959,equal_weight,Equity
2022-08-11,0.005926270642628072,equal_weight,Equity
2022-08-12,0.014869254887947707,equal_weight,Equity
2022-08-15,0.004334572828434533,equal_weight,Equity
2022-08-16,0.002959074994956916,equal_weight,Equity
2022-08-17,-0.008142599544448665,equal_weight,Equity
2022-08-18,0.00399189397737818,equal_weight,Equity
2022-08-19,-0.008808503379776999,equal_weight,Equity
2022-08-22,-0.019339684380979445,equal_weight,Equity
2022-08-23,0.0019793433425868744,equal_weight,Equity
2022-08-24,0.0023558955475155583,equal_weight,Equity
2022-08-25,0.01385520701878383,equal_weight,Equity
2022-08-26,-0.02769034731246524,equal_weight,Equity
2022-08-29,-0.0038147275975503716,equal_weight,Equity
2022-08-30,-0.013364542345735518,equal_weight,Equity
2022-08-31,-0.007346647125874835,equal_weight,Equity
2022-09-01,-0.0006877551969647988,equal_weight,Equity
2022-09-02,-0.009523452905370693,equal_weight,Equity
2022-09-06,-0.003960837321840623,equal_weight,Equity
2022-09-07,0.015912572907354684,equal_weight,Equity
2022-09-08,0.006066542642071269,equal_weight,Equity
2022-09-09,0.01464305635253413,equal_weight,Equity
2022-09-12,0.008484821861791864,equal_weight,Equity
2022-09-13,-0.040049309985713,equal_weight,Equity
2022-09-14,0.0031318623014507806,equal_weight,Equity
2022-09-15,-0.016171537094844503,equal_weight,Equity
2022-09-16,-0.007247144972022488,equal_weight,Equity
2022-09-19,0.006236594572679689,equal_weight,Equity
2022-09-20,-0.015572445225681552,equal_weight,Equity
2022-09-21,-0.01695516019963178,equal_weight,Equity
2022-09-22,-0.009265739650809665,equal_weight,Equity
2022-09-23,-0.022218416288988612,equal_weight,Equity
2022-09-26,-0.016062688619373502,equal_weight,Equity
2022-09-27,-0.003665789050752121,equal_weight,Equity
2022-09-28,0.021300718433708198,equal_weight,Equity
2022-09-29,-0.019865724827656667,equal_weight,Equity
2022-09-30,-0.014866290633047613,equal_weight,Equity
2022-10-03,0.0321847780436476,equal_weight,Equity
2022-10-04,0.02965210942898404,equal_weight,Equity
2022-10-05,-0.0032365855896064836,equal_weight,Equity
2022-10-06,-0.011450484466690943,equal_weight,Equity
2022-10-07,-0.023496317394339133,equal_weight,Equity
2022-10-10,-0.0056979257390414656,equal_weight,Equity
2022-10-11,-0.0033305028978534044,equal_weight,Equity
2022-10-12,-0.005622661763774912,equal_weight,Equity
2022-10-13,0.02967841986663329,equal_weight,Equity
2022-10-14,-0.01841214369489535,equal_weight,Equity
2022-10-17,0.0200606025838804,equal_weight,Equity
2022-10-18,0.011945856181977303,equal_weight,Equity
2022-10-19,-0.00776157460082436,equal_weight,Equity
2022-10-20,-0.004160841489002482,equal_weight,Equity
2022-10-21,0.02375712927962149,equal_weight,Equity
2022-10-24,0.008125459137320445,equal_weight,Equity
2022-10-25,0.016802467883056647,equal_weight,Equity
2022-10-26,0.004962875049564562,equal_weight,Equity
2022-10-27,-0.0001484410730095842,equal_weight,Equity
2022-10-28,0.02428404944569426,equal_weight,Equity
2022-10-31,-0.007574400264519284,equal_weight,Equity
2022-11-01,0.0023824155053552665,equal_weight,Equity
2022-11-02,-0.017184054928434216,equal_weight,Equity
2022-11-03,-0.0024372190071154628,equal_weight,Equity
2022-11-04,0.01858260290394176,equal_weight,Equity
2022-11-07,0.007644605369874352,equal_weight,Equity
2022-11-08,0.0069143443870953196,equal_weight,Equity
2022-11-09,-0.02140736571925811,equal_weight,Equity
2022-11-10,0.049564450163136105,equal_weight,Equity
2022-11-11,0.011668351522039636,equal_weight,Equity
2022-11-14,-0.00878482610937268,equal_weight,Equity
2022-11-15,0.009768660956136384,equal_weight,Equity
2022-11-16,-0.010351341361087306,equal_weight,Equity
2022-11-17,-0.0023031547499413737,equal_weight,Equity
2022-11-18,0.005043184604821626,equal_weight,Equity
2022-11-21,0.0008225379434163571,equal_weight,Equity
2022-11-22,0.014802864627182208,equal_weight,Equity
2022-11-23,0.003386155798051085,equal_weight,Equity
2022-11-25,0.0007421905149644115,equal_weight,Equity
2022-11-28,-0.018420829031751167,equal_weight,Equity
2022-11-29,0.004199710872548122,equal_weight,Equity
2022-11-30,0.023794226081712402,equal_weight,Equity
2022-12-01,-0.0002670937734517388,equal_weight,Equity
2022-12-02,0.0015015822510261341,equal_weight,Equity
2022-12-05,-0.017223212605578294,equal_weight,Equity
2022-12-06,-0.01234790929014816,equal_weight,Equity
2022-12-07,-0.0011825738283450572,equal_weight,Equity
2022-12-08,0.007090693516795498,equal_weight,Equity
2022-12-09,-0.01023016726281893,equal_weight,Equity
2022-12-12,0.01662403157485824,equal_weight,Equity
2022-12-13,0.008769632273229215,equal_weight,Equity
2022-12-14,-0.008793645194072683,equal_weight,Equity
2022-12-15,-0.02158506981452662,equal_weight,Equity
2022-12-16,-0.009499489174056307,equal_weight,Equity
2022-12-19,-0.006694591923182898,equal_weight,Equity
2022-12-20,0.0031792629903663805,equal_weight,Equity
2022-12-21,0.017830127277777864,equal_weight,Equity
2022-12-22,-0.011582264695177421,equal_weight,Equity
2022-12-23,0.007750029854520149,equal_weight,Equity
2022-12-27,0.00026554827864285954,equal_weight,Equity
2022-12-28,-0.012808033008290866,equal_weight,Equity
2022-12-29,0.013599359712046972,equal_weight,Equity
2022-12-30,-0.0018817762241893554,equal_weight,Equity
2023-01-03,0.0022509057491670536,equal_weight,Equity
2023-01-04,0.018428178719494943,equal_weight,Equity
2023-01-05,-0.00679763801193668,equal_weight,Equity
2023-01-06,0.023249459158050576,equal_weight,Equity
2023-01-09,0.00017208903132034817,equal_weight,Equity
2023-01-10,0.007616604974202161,equal_weight,Equity
2023-01-11,0.00985384963869968,equal_weight,Equity
2023-01-12,0.007037757028810942,equal_weight,Equity
2023-01-13,0.003431146425461702,equal_weight,Equity
2023-01-17,-0.004052224805721268,equal_weight,Equity
2023-01-18,-0.015965505018307232,equal_weight,Equity
2023-01-19,-0.007476202030265404,equal_weight,Equity
2023-01-20,0.01531290783669132,equal_weight,Equity
2023-01-23,0.011435710954858267,equal_weight,Equity
2023-01-24,-0.0028834216294746054,equal_weight,Equity
2023-01-25,0.0018486905394841722,equal_weight,Equity
2023-01-26,0.008422064284225662,equal_weight,Equity
2023-01-27,-0.0012064818542402754,equal_weight,Equity
2023-01-30,-0.01014423915496513,equal_weight,Equity
2023-01-31,0.011922802217140906,equal_weight,Equity
2023-02-01,0.006518284067217187,equal_weight,Equity
2023-02-02,0.00015704536703527584,equal_weight,Equity
2023-02-03,-0.012768350780830776,equal_weight,Equity
2023-02-06,-0.004594982931553284,equal_weight,Equity
2023-02-07,0.010953461048114671,equal_weight,Equity
2023-02-08,-0.009564990182089908,equal_weight,Equity
2023-02-09,-0.00969477310696571,equal_weight,Equity
2023-02-10,0.00760192629547806,equal_weight,Equity
2023-02-13,0.00875099441629904,equal_weight,Equity
2023-02-14,-0.000643929332159083,equal_weight,Equity
2023-02-15,0.0002892134172157811,equal_weight,Equity
2023-02-16,-0.01393944574150931,equal_weight,Equity
2023-02-17,-0.0027721399648127053,equal_weight,Equity
2023-02-21,-0.017502776074307804,equal_weight,Equity
2023-02-22,-0.005551258644505817,equal_weight,Equity
2023-02-23,0.0054789650955139645,equal_weight,Equity
2023-02-24,-0.00947722361510689,equal_weight,Equity
2023-02-27,0.0017761100564900143,equal_weight,Equity
2023-02-28,-0.004292925502667183,equal_weight,Equity
2023-03-01,-0.0010580319937396523,equal_weight,Equity
2023-03-02,0.01196363459680069,equal_weight,Equity
2023-03-03,0.013041698662887865,equal_weight,Equity
2023-03-06,-0.001808663736776781,equal_weight,Equity
2023-03-07,-0.01716608729068231,equal_weight,Equity
2023-03-08,0.0031917270516937163,equal_weight,Equity
2023-03-09,-0.01731871782501915,equal_weight,Equity
2023-03-10,-0.013042274760361034,equal_weight,Equity
2023-03-13,-0.0035160180638044687,equal_weight,Equity
2023-03-14,0.014545495217757273,equal_weight,Equity
2023-03-15,-0.00968814247115212,equal_weight,Equity
2023-03-16,0.01420064899894593,equal_weight,Equity
2023-03-17,-0.012241012240181462,equal_weight,Equity
2023-03-20,0.011381656021337803,equal_weight,Equity
2023-03-21,0.008352348230895297,equal_weight,Equity
2023-03-22,-0.01994875486296806,equal_weight,Equity
2023-03-23,0.0017877909140547074,equal_weight,Equity
2023-03-24,0.007631212702629167,equal_weight,Equity
2023-03-27,0.004297343942389522,equal_weight,Equity
2023-03-28,0.0015994860897350029,equal_weight,Equity
2023-03-29,0.01557046620206545,equal_weight,Equity
2023-03-30,0.004909293457587829,equal_weight,Equity
2023-03-31,0.01245554165487161,equal_weight,Equity
2023-04-03,0.006940014431519134,equal_weight,Equity
2023-04-04,-0.005064090563162217,equal_weight,Equity
2023-04-05,0.0037000673038339793,equal_weight,Equity
2023-04-06,-0.00016101982917674727,equal_weight,Equity
2023-04-10,0.003514247817485643,equal_weight,Equity
2023-04-11,0.002569206481788522,equal_weight,Equity
2023-04-12,-0.002221933994919998,equal_weight,Equity
2023-04-13,0.006972895720065671,equal_weight,Equity
2023-04-14,-0.005796901834398556,equal_weight,Equity
2023-04-17,0.00501314190495388,equal_weight,Equity
2023-04-18,0.00031857017390728875,equal_weight,Equity
2023-04-19,0.00215018613987956,equal_weight,Equity
2023-04-20,-0.006963271769652834,equal_weight,Equity
2023-04-21,-0.0010172047667623982,equal_weight,Equity
2023-04-24,0.001757089349559311,equal_weight,Equity
2023-04-25,-0.014954209205319131,equal_weight,Equity
2023-04-26,-0.012476823412631973,equal_weight,Equity
2023-04-27,0.01466191302179606,equal_weight,Equity
2023-04-28,0.009482238561268223,equal_weight,Equity
2023-05-01,-0.0034225665792960943,equal_weight,Equity
2023-05-02,-0.01668205447422317,equal_weight,Equity
2023-05-03,-0.01221749617771301,equal_weight,Equity
2023-05-04,-0.005351289952589209,equal_weight,Equity
2023-05-05,0.017515249613176284,equal_weight,Equity
2023-05-08,-0.0006943661313251728,equal_weight,Equity
2023-05-09,-0.004258718762879401,equal_weight,Equity
2023-05-10,-0.0017783329876314969,equal_weight,Equity
2023-05-11,-0.008972948417903201,equal_weight,Equity
2023-05-12,-0.0008388740546909412,equal_weight,Equity
2023-05-15,0.004566875681341904,equal_weight,Equity
2023-05-16,-0.01596931677803586,equal_weight,Equity
2023-05-17,0.012319075380388223,equal_weight,Equity
2023-05-18,0.0058853739811349,equal_weight,Equity
2023-05-19,-0.0024750102388178584,equal_weight,Equity
2023-05-22,0.0006733174629292172,equal_weight,Equity
2023-05-23,-0.007158860298573353,equal_weight,Equity
2023-05-24,-0.0092430297574062,equal_weight,Equity
2023-05-25,9.278741905413855e-05,equal_weight,Equity
2023-05-26,0.008663674683658413,equal_weight,Equity
2023-05-30,-0.0018190711166541518,equal_weight,Equity
2023-05-31,-0.004663092855496197,equal_weight,Equity
2023-06-01,0.005148317863618266,equal_weight,Equity
2023-06-02,0.0195001976644241,equal_weight,Equity
2023-06-05,-0.005896949385171216,equal_weight,Equity
2023-06-06,0.004403184679716094,equal_weight,Equity
2023-06-07,0.008253330916676531,equal_weight,Equity
2023-06-08,0.004105881849056212,equal_weight,Equity
2023-06-09,-0.002802731516898365,equal_weight,Equity
2023-06-12,0.0052286646422442075,equal_weight,Equity
2023-06-13,0.007318719029048488,equal_weight,Equity
2023-06-14,0.00012724349296770352,equal_weight,Equity
2023-06-15,0.010003512200136698,equal_weight,Equity
2023-06-16,0.0005502064556709698,equal_weight,Equity
2023-06-20,-0.012622406708579165,equal_weight,Equity
2023-06-21,-0.0031648906733249046,equal_weight,Equity
2023-06-22,-0.005592422870120342,equal_weight,Equity
2023-06-23,-0.007259581439822718,equal_weight,Equity
2023-06-26,0.006682503230795585,equal_weight,Equity
2023-06-27,0.007222896182025428,equal_weight,Equity
2023-06-28,-0.0017040372863230946,equal_weight,Equity
2023-06-29,0.006333876012833468,equal_weight,Equity
2023-06-30,0.008314033679412115,equal_weight,Equity
2023-07-03,0.005677130992006776,equal_weight,Equity
2023-07-05,-0.004240653464778885,equal_weight,Equity
2023-07-06,-0.012084138933912192,equal_weight,Equity
2023-07-07,0.0006819149565187499,equal_weight,Equity
2023-07-10,0.004779669698334353,equal_weight,Equity
2023-07-11,0.014211688018259465,equal_weight,Equity
2023-07-12,0.00823735096035434,equal_weight,Equity
2023-07-13,0.005613289998631371,equal_weight,Equity
2023-07-14,-0.006609687433745771,equal_weight,Equity
2023-07-17,-0.0035596088175880555,equal_weight,Equity
2023-07-18,0.005936202752823029,equal_weight,Equity
2023-07-19,0.006037952272526241,equal_weight,Equity
2023-07-20,0.0017480758015509055,equal_weight,Equity
2023-07-21,0.004489892359851595,equal_weight,Equity
2023-07-24,0.005464941830862187,equal_weight,Equity
2023-07-25,0.0034160131953540483,equal_weight,Equity
2023-07-26,0.0021904630775948686,equal_weight,Equity
2023-07-27,-0.004634011643839128,equal_weight,Equity
2023-07-28,0.004241321399844555,equal_weight,Equity
2023-07-31,0.004314741590100032,equal_weight,Equity
2023-08-01,-0.0036317010240047836,equal_weight,Equity
2023-08-02,-0.013699281238668084,equal_weight,Equity
2023-08-03,-0.004931584621457254,equal_weight,Equity
2023-08-04,-0.002197023217300111,equal_weight,Equity
2023-08-07,0.00802041392341124,equal_weight,Equity
2023-08-08,-0.003440940743932581,equal_weight,Equity
2023-08-09,-0.0019255958226743846,equal_weight,Equity
2023-08-10,0.0009644399956669524,equal_weight,Equity
2023-08-11,0.001675815022885709,equal_weight,Equity
2023-08-14,0.0017062775996715216,equal_weight,Equity
2023-08-15,-0.013225456282507148,equal_weight,Equity
2023-08-16,-0.008186117279367163,equal_weight,Equity
2023-08-17,-0.004655788275770239,equal_weight,Equity
2023-08-18,0.0017330293707238818,equal_weight,Equity
2023-08-21,-0.0005131283529655393,equal_weight,Equity
2023-08-22,-0.0049044034665741655,equal_weight,Equity
2023-08-23,0.007321780440630265,equal_weight,Equity
2023-08-24,-0.012228581664713429,equal_weight,Equity
2023-08-25,0.004912513294952161,equal_weight,Equity
2023-08-28,0.008364884527056863,equal_weight,Equity
2023-08-29,0.011982477817999241,equal_weight,Equity
2023-08-30,0.0015849659208836808,equal_weight,Equity
2023-08-31,-0.0030555686910886835,equal_weight,Equity
2023-09-01,0.004049068438607958,equal_weight,Equity
2023-09-05,-0.008724813019335222,equal_weight,Equity
2023-09-06,-0.00417614715166231,equal_weight,Equity
2023-09-07,-0.00017340816510796176,equal_weight,Equity
2023-09-08,0.002637923536046847,equal_weight,Equity
2023-09-11,0.002865687446399157,equal_weight,Equity
2023-09-12,0.00230824385120429,equal_weight,Equity
2023-09-13,-0.0009672270966173916,equal_weight,Equity
2023-09-14,0.012360870706178877,equal_weight,Equity
2023-09-15,-0.010489077213557506,equal_weight,Equity
2023-09-18,-0.00024995003851792564,equal_weight,Equity
2023-09-19,-0.0042135020148569065,equal_weight,Equity
2023-09-20,-0.005264643861468341,equal_weight,Equity
2023-09-21,-0.018588068789013295,equal_weight,Equity
2023-09-22,-0.0033341264056424035,equal_weight,Equity
2023-09-25,0.002086940375641444,equal_weight,Equity
2023-09-26,-0.012038678588931193,equal_weight,Equity
2023-09-27,-0.0014106684457594154,equal_weight,Equity
2023-09-28,0.004051206390830819,equal_weight,Equity
2023-09-29,-0.001064597661618716,equal_weight,Equity
2023-10-02,-0.014277794548844161,equal_weight,Equity
2023-10-03,-0.008623840049693498,equal_weight,Equity
2023-10-04,0.0014587619619191331,equal_weight,Equity
2023-10-05,-0.0018481504494788205,equal_weight,Equity
2023-10-06,0.010572819190709796,equal_weight,Equity
2023-10-09,0.00876392630362377,equal_weight,Equity
2023-10-10,0.008282561086268073,equal_weight,Equity
2023-10-11,0.003365157629009226,equal_weight,Equity
2023-10-12,-0.008311144835865696,equal_weight,Equity
2023-10-13,0.0011147766253742544,equal_weight,Equity
2023-10-16,0.01005749232970492,equal_weight,Equity
2023-10-17,0.002793269700487219,equal_weight,Equity
2023-10-18,-0.014298523672335571,equal_weight,Equity
2023-10-19,-0.009313396223776079,equal_weight,Equity
2023-10-20,-0.008972743882415861,equal_weight,Equity
2023-10-23,-0.00659698441956091,equal_weight,Equity
2023-10-24,0.010865236461424664,equal_weight,Equity
2023-10-25,-0.012071946699170874,equal_weight,Equity
2023-10-26,-0.0020912306436232254,equal_weight,Equity
2023-10-27,-0.010091752733279386,equal_weight,Equity
2023-10-30,0.010000411649502996,equal_weight,Equity
2023-10-31,0.005876567388702727,equal_weight,Equity
2023-11-01,0.004883111660390648,equal_weight,Equity
2023-11-02,0.025794960167503007,equal_weight,Equity
2023-11-03,0.012794021607402126,equal_weight,Equity
2023-11-06,-0.004456576056500964,equal_weight,Equity
2023-11-07,-0.0037390629774691317,equal_weight,Equity
2023-11-08,-0.0011798844009914004,equal_weight,Equity
2023-11-09,-0.008903880726641446,equal_weight,Equity
2023-11-10,0.010646732594233557,equal_weight,Equity
2023-11-13,-0.0011335907036108964,equal_weight,Equity
2023-11-14,0.02459404341561296,equal_weight,Equity
2023-11-15,0.005349194798091736,equal_weight,Equity
2023-11-16,0.000763167978912289,equal_weight,Equity
2023-11-17,0.0031683198127045098,equal_weight,Equity
2023-11-20,0.004432305553655234,equal_weight,Equity
2023-11-21,-0.0023448833096139056,equal_weight,Equity
2023-11-22,0.0017220553186484743,equal_weight,Equity
2023-11-24,0.002442867504645432,equal_weight,Equity
2023-11-27,0.0005314905739881359,equal_weight,Equity
2023-11-28,0.002042655700020208,equal_weight,Equity
2023-11-29,0.004678034968830294,equal_weight,Equity
2023-11-30,0.006384512229031318,equal_weight,Equity
2023-12-01,0.009225927380084266,equal_weight,Equity
2023-12-04,-0.0018134092183667125,equal_weight,Equity
2023-12-05,-0.005261485729965479,equal_weight,Equity
2023-12-06,-0.0007160063436409096,equal_weight,Equity
2023-12-07,0.004900293951280299,equal_weight,Equity
2023-12-08,0.00322869369613636,equal_weight,Equity
2023-12-11,0.006783475745804727,equal_weight,Equity
2023-12-12,0.0007978025859253553,equal_weight,Equity
2023-12-13,0.020902411458579087,equal_weight,Equity
2023-12-14,0.01449340725484245,equal_weight,Equity
2023-12-15,-0.003011783157942525,equal_weight,Equity
2023-12-18,-0.0013770380177555875,equal_weight,Equity
2023-12-19,0.008156436334441006,equal_weight,Equity
2023-12-20,-0.01475297813585756,equal_weight,Equity
2023-12-21,0.008160532810200164,equal_weight,Equity
2023-12-22,0.0019599641329174915,equal_weight,Equity
2023-12-26,0.006506457589898613,equal_weight,Equity
2023-12-27,0.0014553578874705298,equal_weight,Equity
2023-12-28,0.0012242203691481567,equal_weight,Equity
2023-12-29,-0.0030351187391592354,equal_weight,Equity
2022-01-03,-0.0022131155084204866,min_variance,Equity
2022-01-04,-0.002370651692054128,min_variance,Equity
2022-01-05,-0.00010131882081978539,min_variance,Equity
2022-01-06,-0.009107384114046503,min_variance,Equity
2022-01-07,0.0030156085656264514,min_variance,Equity
2022-01-10,-0.002370650823749589,min_variance,Equity
2022-01-11,0.004935673340225842,min_variance,Equity
2022-01-12,0.004485442771245622,min_variance,Equity
2022-01-13,-0.001558644320455575,min_variance,Equity
2022-01-14,-0.0017721530920981087,min_variance,Equity
2022-01-18,-0.00380987980401654,min_variance,Equity
2022-01-19,0.0076779279579205885,min_variance,Equity
2022-01-20,-0.013176442135595025,min_variance,Equity
2022-01-21,-0.0033598667628269973,min_variance,Equity
2022-01-24,-0.0028968396513359878,min_variance,Equity
2022-01-25,-0.006270410881947969,min_variance,Equity
2022-01-26,-0.011573678875452706,min_variance,Equity
2022-01-27,0.0012760347685263603,min_variance,Equity
2022-01-28,0.008884232685481847,min_variance,Equity
2022-01-31,0.008386024764717344,min_variance,Equity
2022-02-01,0.001207381238544732,min_variance,Equity
2022-02-02,0.007751336689681563,min_variance,Equity
2022-02-03,-0.004679311398537554,min_variance,Equity
2022-02-04,-0.008194626786402376,min_variance,Equity
2022-02-07,0.0020812375271986247,min_variance,Equity
2022-02-08,-0.0008201094145736483,min_variance,Equity
2022-02-09,0.0009655409484189905,min_variance,Equity
2022-02-10,-0.015651885707631055,min_variance,Equity
2022-02-11,0.0017453553311834087,min_variance,Equity
2022-02-14,-0.00510569588822437,min_variance,Equity
2022-02-15,0.00263638556541895,min_variance,Equity
2022-02-16,-0.00043146516979878724,min_variance,Equity
2022-02-17,0.003917492663864415,min_variance,Equity
2022-02-18,-0.005320683045098869,min_variance,Equity
2022-02-22,-0.005574827233700224,min_variance,Equity
2022-02-23,0.0017291172870138793,min_variance,Equity
2022-02-24,-0.007590929369652991,min_variance,Equity
2022-02-25,0.02204193016273897,min_variance,Equity
2022-02-28,-0.010616097504925816,min_variance,Equity
2022-03-01,0.0011678643608965611,min_variance,Equity
2022-03-02,0.01051736253625189,min_variance,Equity
2022-03-03,0.009429086526455778,min_variance,Equity
2022-03-04,0.01061123933391464,min_variance,Equity
2022-03-07,-0.006270764696632816,min_variance,Equity
2022-03-08,-0.015146583119918929,min_variance,Equity
2022-03-09,0.005262773025607544,min_variance,Equity
2022-03-10,0.0009880788850955757,min_variance,Equity
2022-03-11,-0.005734925678213996,min_variance,Equity
2022-03-14,-0.0018578915610583204,min_variance,Equity
2022-03-15,0.008490345407875683,min_variance,Equity
2022-03-16,0.003099122570460285,min_variance,Equity
2022-03-17,0.012284959949525215,min_variance,Equity
2022-03-18,0.004444232258610173,min_variance,Equity
2022-03-21,0.0024908451709110603,min_variance,Equity
2022-03-22,0.003680369023335755,min_variance,Equity
2022-03-23,-0.007769756956754827,min_variance,Equity
2022-03-24,0.006418391593557666,min_variance,Equity
2022-03-25,0.00701245322876222,min_variance,Equity
2022-03-28,0.007081190340548089,min_variance,Equity
2022-03-29,0.012677444315532927,min_variance,Equity
2022-03-30,0.003267905004428349,min_variance,Equity
2022-03-31,-0.008660248905603341,min_variance,Equity
2022-04-01,0.009895317204994878,min_variance,Equity
2022-04-04,0.0027842063405254204,min_variance,Equity
2022-04-05,-0.0032338848217616165,min_variance,Equity
2022-04-06,0.014233049706022113,min_variance,Equity
2022-04-07,0.003662993967653596,min_variance,Equity
2022-04-08,0.0052867505364156304,min_variance,Equity
2022-04-11,-0.010610827658526587,min_variance,Equity
2022-04-12,-0.0026995225973944726,min_variance,Equity
2022-04-13,0.004158355332405154,min_variance,Equity
2022-04-14,0.002512023433879606,min_variance,Equity
2022-04-18,-0.0069138185575769425,min_variance,Equity
2022-04-19,0.009503793513269547,min_variance,Equity
2022-04-20,0.003923835466580417,min_variance,Equity
2022-04-21,-0.0026575606073409963,min_variance,Equity
2022-04-22,-0.01451827948717054,min_variance,Equity
2022-04-25,-0.0008850511630735633,min_variance,Equity
2022-04-26,-0.016815341083136245,min_variance,Equity
2022-04-27,-0.00531489656278749,min_variance,Equity
2022-04-28,0.014147781909349889,min_variance,Equity
2022-04-29,-0.032760765825236765,min_variance,Equity
2022-05-02,0.000616774318223808,min_variance,Equity
2022-05-03,0.003853911392741208,min_variance,Equity
2022-05-04,0.020453338802238114,min_variance,Equity
2022-05-05,-0.01336393925622383,min_variance,Equity
2022-05-06,-0.009939614087395536,min_variance,Equity
2022-05-09,-0.010804500354388114,min_variance,Equity
2022-05-10,-0.009205929737078487,min_variance,Equity
2022-05-11,0.004159644268193926,min_variance,Equity
2022-05-12,0.006681048869832865,min_variance,Equity
2022-05-13,0.008189527113916663,min_variance,Equity
2022-05-16,0.005941120988761787,min_variance,Equity
2022-05-17,-0.010610941725091354,min_variance,Equity
2022-05-18,-0.025013453598267926,min_variance,Equity
2022-05-19,-0.007146798861144161,min_variance,Equity
2022-05-20,0.002277959920063264,min_variance,Equity
2022-05-23,0.014203309202768086,min_variance,Equity
2022-05-24,0.011217477712657903,min_variance,Equity
2022-05-25,0.0022603453138751554,min_variance,Equity
2022-05-26,0.00588977291865916,min_variance,Equity
2022-05-27,0.011247119203342155,min_variance,Equity
2022-05-31,-0.006131533729619072,min_variance,Equity
2022-06-01,-0.008088459125270314,min_variance,Equity
2022-06-02,0.007318194803025298,min_variance,Equity
2022-06-03,-0.007418364257246322,min_variance,Equity
2022-06-06,-0.004586698448005987,min_variance,Equity
2022-06-07,0.007061669921169286,min_variance,Equity
2022-06-08,-0.010579502731268023,min_variance,Equity
2022-06-09,-0.01974377783104007,min_variance,Equity
2022-06-10,-0.009510807673776774,min_variance,Equity
2022-06-13,-0.031526413743936936,min_variance,Equity
2022-06-14,-0.011130516336417642,min_variance,Equity
2022-06-15,0.0051176409703446776,min_variance,Equity
2022-06-16,-0.007600048716129606,min_variance,Equity
2022-06-17,-0.003908571952106525,min_variance,Equity
2022-06-21,0.023110179354189804,min_variance,Equity
2022-06-22,0.004241157554223894,min_variance,Equity
2022-06-23,0.015369817686011103,min_variance,Equity
2022-06-24,0.0150430741917774,min_variance,Equity
2022-06-27,-0.0025018236758001964,min_variance,Equity
2022-06-28,-0.01175946990793544,min_variance,Equity
2022-06-29,0.0015534964880278912,min_variance,Equity
2022-06-30,-0.0053986943847326605,min_variance,Equity
2022-07-01,0.012527138014994424,min_variance,Equity
2022-07-05,-0.003319404617402406,min_variance,Equity
2022-07-06,0.0026528468177240676,min_variance,Equity
2022-07-07,0.0023405759232905583,min_variance,Equity
2022-07-08,-0.0024606936771598017,min_variance,Equity
2022-07-11,-0.0004392578149332651,min_variance,Equity
2022-07-12,-0.00497273768645814,min_variance,Equity
2022-07-13,-0.0028668880341849567,min_variance,Equity
2022-07-14,-1.7762710773674506e-05,min_variance,Equity
2022-07-15,0.012262681930059154,min_variance,Equity
2022-07-18,-0.012157816991051755,min_variance,Equity
2022-07-19,0.013311384231987957,min_variance,Equity
2022-07-20,-0.0053665084021769964,min_variance,Equity
2022-07-21,0.0012892169128670458,min_variance,Equity
2022-07-22,-0.0006212218345719281,min_variance,Equity
2022-07-25,0.0025637870100171964,min_variance,Equity
2022-07-26,-0.004300914261045745,min_variance,Equity
2022-07-27,0.006460377806218956,min_variance,Equity
2022-07-28,0.00997914813494528,min_variance,Equity
2022-07-29,0.0038951418640310958,min_variance,Equity
2022-08-01,-0.004106985118308961,min_variance,Equity
2022-08-02,-0.008367556619570747,min_variance,Equity
2022-08-03,0.011307508651480412,min_variance,Equity
2022-08-04,-0.005593778148180931,min_variance,Equity
2022-08-05,-0.0024553264699265155,min_variance,Equity
2022-08-08,0.004127390770491448,min_variance,Equity
2022-08-09,0.002657751974445807,min_variance,Equity
2022-08-10,0.009064807074444247,min_variance,Equity
2022-08-11,-0.0003910536315664988,min_variance,Equity
2022-08-12,0.016714361610722726,min_variance,Equity
2022-08-15,0.008659271405771796,min_variance,Equity
2022-08-16,0.013296351271160614,min_variance,Equity
2022-08-17,-0.006203708212816255,min_variance,Equity
2022-08-18,-0.0027293486102578455,min_variance,Equity
2022-08-19,-0.003939390686222111,min_variance,Equity
2022-08-22,-0.01533822178063608,min_variance,Equity
2022-08-23,-0.005532817807285775,min_variance,Equity
2022-08-24,-0.0006274495798879849,min_variance,Equity
2022-08-25,0.007685158008575891,min_variance,Equity
2022-08-26,-0.022598528894580944,min_variance,Equity
2022-08-29,-0.005241011415287801,min_variance,Equity
2022-08-30,-0.008656441649993973,min_variance,Equity
2022-08-31,-0.0049763650226256504,min_variance,Equity
2022-09-01,0.012323154778463519,min_variance,Equity
2022-09-02,-0.012411500876321696,min_variance,Equity
2022-09-06,-0.004179951046154113,min_variance,Equity
2022-09-07,0.018283878012604875,min_variance,Equity
2022-09-08,0.0006002119201089484,min_variance,Equity
2022-09-09,0.010361383345306978,min_variance,Equity
2022-09-12,0.012171009187607681,min_variance,Equity
2022-09-13,-0.027931025591920455,min_variance,Equity
2022-09-14,0.0029757333062850524,min_variance,Equity
2022-09-15,-0.011342600596901854,min_variance,Equity
2022-09-16,-0.0003697127585310916,min_variance,Equity
2022-09-19,0.0035998410021150316,min_variance,Equity
2022-09-20,-0.012675259058120314,min_variance,Equity
2022-09-21,-0.012716594639668819,min_variance,Equity
2022-09-22,0.0009639029659611461,min_variance,Equity
2022-09-23,-0.015538166120907314,min_variance,Equity
2022-09-26,-0.010218565251795604,min_variance,Equity
2022-09-27,-0.007002434002909435,min_variance,Equity
2022-09-28,0.01863526835284355,min_variance,Equity
2022-09-29,-0.01943841765371735,min_variance,Equity
2022-09-30,-0.016826740336557244,min_variance,Equity
2022-10-03,0.025178300885762134,min_variance,Equity
2022-10-04,0.019876096905675232,min_variance,Equity
2022-10-05,-0.007849239249173894,min_variance,Equity
2022-10-06,-0.012283381533641717,min_variance,Equity
2022-10-07,-0.015764510490674403,min_variance,Equity
2022-10-10,0.0036823644380380677,min_variance,Equity
2022-10-11,0.008708430696217054,min_variance,Equity
2022-10-12,-0.007883334090781239,min_variance,Equity
2022-10-13,0.02062128204042475,min_variance,Equity
2022-10-14,-0.011393975220723636,min_variance,Equity
2022-10-17,0.013489781134702089,min_variance,Equity
2022-10-18,0.01429789374820937,min_variance,Equity
2022-10-19,-0.00873606903211532,min_variance,Equity
2022-10-20,-0.0014656935432470917,min_variance,Equity
2022-10-21,0.020329754862498616,min_variance,Equity
2022-10-24,0.014129908007523177,min_variance,Equity
2022-10-25,0.010524758067476133,min_variance,Equity
2022-10-26,0.010088466840950732,min_variance,Equity
2022-10-27,0.0005880432001621459,min_variance,Equity
2022-10-28,0.02356777125802591,min_variance,Equity
2022-10-31,-0.00836597290754121,min_variance,Equity
2022-11-01,-0.0012971498192995358,min_variance,Equity
2022-11-02,-0.0122754119220131,min_variance,Equity
2022-11-03,-0.005024737892147861,min_variance,Equity
2022-11-04,0.012022101047523184,min_variance,Equity
2022-11-07,0.008287419691590608,min_variance,Equity
2022-11-08,0.004447660983826115,min_variance,Equity
2022-11-09,-0.010832444567602503,min_variance,Equity
2022-11-10,0.027767738642123424,min_variance,Equity
2022-11-11,-0.002225803224367596,min_variance,Equity
2022-11-14,-0.0054098930864604775,min_variance,Equity
2022-11-15,0.010297298368594738,min_variance,Equity
2022-11-16,-0.0008162747534689167,min_variance,Equity
2022-11-17,0.0012073490565608816,min_variance,Equity
2022-11-18,0.009541262391361653,min_variance,Equity
2022-11-21,0.004389780202381715,min_variance,Equity
2022-11-22,0.00951325932532022,min_variance,Equity
2022-11-23,0.00223601105893244,min_variance,Equity
2022-11-25,0.0018527153576431113,min_variance,Equity
2022-11-28,-0.009942563792902672,min_variance,Equity
2022-11-29,0.0030550929343158223,min_variance,Equity
2022-11-30,0.017177396808262756,min_variance,Equity
2022-12-01,0.0024159119202648294,min_variance,Equity
2022-12-02,0.0026398135931677462,min_variance,Equity
2022-12-05,-0.009519699456440978,min_variance,Equity
2022-12-06,-0.006545462392267604,min_variance,Equity
2022-12-07,0.0021409741386017945,min_variance,Equity
2022-12-08,0.004260609419355791,min_variance,Equity
2022-12-09,-0.012998496031359474,min_variance,Equity
2022-12-12,0.009154628671762727,min_variance,Equity
2022-12-13,0.003294984047460749,min_variance,Equity
2022-12-14,-0.0014892115314302718,min_variance,Equity
2022-12-15,-0.014720622702057016,min_variance,Equity
2022-12-16,-0.008304105207832703,min_variance,Equity
2022-12-19,-0.002073547557872202,min_variance,Equity
2022-12-20,0.0007734737306555311,min_variance,Equity
2022-12-21,0.012431198765089437,min_variance,Equity
2022-12-22,-0.005206628885662654,min_variance,Equity
2022-12-23,0.004932844665467105,min_variance,Equity
2022-12-27,0.0017518191542393213,min_variance,Equity
2022-12-28,-0.010850377818874164,min_variance,Equity
2022-12-29,0.00823733748086173,min_variance,Equity
2022-12-30,-0.001338099438408531,min_variance,Equity
2023-01-03,0.0026863798505488462,min_variance,Equity
2023-01-04,0.009194939835984331,min_variance,Equity
2023-01-05,-0.0021608780651362616,min_variance,Equity
2023-01-06,0.01588261537493442,min_variance,Equity
2023-01-09,-0.012751834005909759,min_variance,Equity
2023-01-10,0.0021588185225550954,min_variance,Equity
2023-01-11,0.0037854077131869433,min_variance,Equity
2023-01-12,-0.003818987396950243,min_variance,Equity
2023-01-13,0.0022368298911541146,min_variance,Equity
2023-01-17,-0.005930461674539123,min_variance,Equity
2023-01-18,-0.01862581422344254,min_variance,Equity
2023-01-19,-0.0039916195250450735,min_variance,Equity
2023-01-20,0.009390542055695438,min_variance,Equity
2023-01-23,0.0034703364106314903,min_variance,Equity
2023-01-24,-0.0020129014735768614,min_variance,Equity
2023-01-25,0.001440758961293375,min_variance,Equity
2023-01-26,0.0008501883022749418,min_variance,Equity
2023-01-27,-0.003120612648220987,min_variance,Equity
2023-01-30,-0.004344653503686077,min_variance,Equity
2023-01-31,0.008070624777886157,min_variance,Equity
2023-02-01,-0.011677286288517599,min_variance,Equity
2023-02-02,-0.009353689337211282,min_variance,Equity
2023-02-03,-0.008552277341151979,min_variance,Equity
2023-02-06,-0.0012939894311437977,min_variance,Equity
2023-02-07,0.006943279003511965,min_variance,Equity
2023-02-08,-0.008016515987631426,min_variance,Equity
2023-02-09,-0.001373230302507741,min_variance,Equity
2023-02-10,0.011627940018810871,min_variance,Equity
2023-02-13,0.008791530993533511,min_variance,Equity
2023-02-14,-0.00774926479798248,min_variance,Equity
2023-02-15,0.000821059415347406,min_variance,Equity
2023-02-16,-0.011935140668223883,min_variance,Equity
2023-02-17,0.011224581255509403,min_variance,Equity
2023-02-21,-0.0054742211412670905,min_variance,Equity
2023-02-22,-0.004817019202630234,min_variance,Equity
2023-02-23,0.000637904009527461,min_variance,Equity
2023-02-24,-0.006018474108627373,min_variance,Equity
2023-02-27,-0.00020743889032247612,min_variance,Equity
2023-02-28,-0.008887317895295534,min_variance,Equity
2023-03-01,-0.003162431251671156,min_variance,Equity
2023-03-02,0.00801962169827923,min_variance,Equity
2023-03-03,0.0061645300260905886,min_variance,Equity
2023-03-06,0.006229139569968177,min_variance,Equity
2023-03-07,-0.010735515840745656,min_variance,Equity
2023-03-08,-0.0046354462060248115,min_variance,Equity
2023-03-09,-0.012023575230699838,min_variance,Equity
2023-03-10,-0.004560506678805661,min_variance,Equity
2023-03-13,0.007656059294175574,min_variance,Equity
2023-03-14,0.008310264090317864,min_variance,Equity
2023-03-15,0.0029814951828710198,min_variance,Equity
2023-03-16,0.002145262038521079,min_variance,Equity
2023-03-17,-0.009870051980270153,min_variance,Equity
2023-03-20,0.012171049382819862,min_variance,Equity
2023-03-21,-0.0013354724140820398,min_variance,Equity
2023-03-22,-0.015068998534266392,min_variance,Equity
2023-03-23,0.005652432323877575,min_variance,Equity
2023-03-24,0.016831879016616095,min_variance,Equity
2023-03-27,0.00433406960639853,min_variance,Equity
2023-03-28,0.0004200389162542302,min_variance,Equity
2023-03-29,0.006912870526731314,min_variance,Equity
2023-03-30,0.004258481667671756,min_variance,Equity
2023-03-31,0.008747884615891467,min_variance,Equity
2023-04-03,0.007741792399884654,min_variance,Equity
2023-04-04,0.00359713020063265,min_variance,Equity
2023-04-05,0.013279077268973257,min_variance,Equity
2023-04-06,0.00023581268743400939,min_variance,Equity
2023-04-10,-0.0013977803414041928,min_variance,Equity
2023-04-11,-0.0012584164824787267,min_variance,Equity
2023-04-12,0.000476728724924351,min_variance,Equity
2023-04-13,0.008397728887755083,min_variance,Equity
2023-04-14,-0.005248533802644208,min_variance,Equity
2023-04-17,0.0017627571701931233,min_variance,Equity
2023-04-18,-0.0014416884172447407,min_variance,Equity
2023-04-19,0.0008585835198712182,min_variance,Equity
2023-04-20,-0.0020615271128267164,min_variance,Equity
2023-04-21,0.005292618433144715,min_variance,Equity
2023-04-24,0.0030400485849164916,min_variance,Equity
2023-04-25,-0.0021638099566055648,min_variance,Equity
2023-04-26,-0.017783315690274613,min_variance,Equity
2023-04-27,0.0020522266767178,min_variance,Equity
2023-04-28,0.0028068019068203847,min_variance,Equity
2023-05-01,0.0007739692118341669,min_variance,Equity
2023-05-02,-0.009221061547817226,min_variance,Equity
2023-05-03,-0.008378005724795641,min_variance,Equity
2023-05-04,0.0003197385462551142,min_variance,Equity
2023-05-05,0.011096973600802256,min_variance,Equity
2023-05-08,-0.0009746511886338729,min_variance,Equity
2023-05-09,-0.004274112641401573,min_variance,Equity
2023-05-10,-0.0010915073956696253,min_variance,Equity
2023-05-11,-0.0015966401863087292,min_variance,Equity
2023-05-12,0.0011071011994534606,min_variance,Equity
2023-05-15,-0.0026291586046792133,min_variance,Equity
2023-05-16,-0.014922261548620523,min_variance,Equity
2023-05-17,-0.0004324432180574482,min_variance,Equity
2023-05-18,0.0014670000507108522,min_variance,Equity
2023-05-19,0.0003595975029865928,min_variance,Equity
2023-05-22,-0.005981719233155004,min_variance,Equity
2023-05-23,-0.003234474031754127,min_variance,Equity
2023-05-24,-0.005874005645341163,min_variance,Equity
2023-05-25,-0.012073476764651371,min_variance,Equity
2023-05-26,-0.0003758038037192203,min_variance,Equity
2023-05-30,-0.00411191410024242,min_variance,Equity
2023-05-31,0.006545748551616644,min_variance,Equity
2023-06-01,-0.0034869510675127223,min_variance,Equity
2023-06-02,0.012137389419273613,min_variance,Equity
2023-06-05,0.0021427835817227577,min_variance,Equity
2023-06-06,-0.006414962319857799,min_variance,Equity
2023-06-07,0.0023590247527762107,min_variance,Equity
2023-06-08,0.007516895633208608,min_variance,Equity
2023-06-09,-0.0007603043859175426,min_variance,Equity
2023-06-12,-0.0014443794621149392,min_variance,Equity
2023-06-13,0.006252949265568057,min_variance,Equity
2023-06-14,0.0004326405143964631,min_variance,Equity
2023-06-15,0.009586872683639941,min_variance,Equity
2023-06-16,0.001751524143541138,min_variance,Equity
2023-06-20,-0.008942652302086358,min_variance,Equity
2023-06-21,-0.0017522536324470579,min_variance,Equity
2023-06-22,0.005416793121567926,min_variance,Equity
2023-06-23,-0.00613535791613042,min_variance,Equity
2023-06-26,0.0026785229609972345,min_variance,Equity
2023-06-27,0.0013324261753062665,min_variance,Equity
2023-06-28,-0.0036796292301513084,min_variance,Equity
2023-06-29,0.0004543517119383232,min_variance,Equity
2023-06-30,0.008416713841308788,min_variance,Equity
2023-07-03,0.0047639542057897185,min_variance,Equity
2023-07-05,0.0012081730710824473,min_variance,Equity
2023-07-06,-0.009219050798627367,min_variance,Equity
2023-07-07,-0.012575902084213848,min_variance,Equity
2023-07-10,0.004482095423321798,min_variance,Equity
2023-07-11,0.010302814711967773,min_variance,Equity
2023-07-12,0.0010939852760236104,min_variance,Equity
2023-07-13,0.0016780716328115973,min_variance,Equity
2023-07-14,0.0018609104220842874,min_variance,Equity
2023-07-17,-0.0032286053012854686,min_variance,Equity
2023-07-18,0.0027978568961993726,min_variance,Equity
2023-07-19,0.005650507181500476,min_variance,Equity
2023-07-20,0.01224180689053419,min_variance,Equity
2023-07-21,0.007441509420403062,min_variance,Equity
2023-07-24,0.00033182861827130985,min_variance,Equity
2023-07-25,-0.0016641913231258947,min_variance,Equity
2023-07-26,0.001889268197008665,min_variance,Equity
2023-07-27,-0.005844355196870812,min_variance,Equity
2023-07-28,0.0020895810311341717,min_variance,Equity
2023-07-31,-0.0020743892344639867,min_variance,Equity
2023-08-01,-0.007300390830746016,min_variance,Equity
2023-08-02,-0.009340891389739476,min_variance,Equity
2023-08-03,-0.007571304424178464,min_variance,Equity
2023-08-04,0.001135050931731661,min_variance,Equity
2023-08-07,0.013044045892119764,min_variance,Equity
2023-08-08,-0.0006243334934947309,min_variance,Equity
2023-08-09,0.001327085032899118,min_variance,Equity
2023-08-10,-0.0006646206575242305,min_variance,Equity
2023-08-11,0.006122426701158452,min_variance,Equity
2023-08-14,-0.0022119371312870817,min_variance,Equity
2023-08-15,-0.0062778251290563055,min_variance,Equity
2023-08-16,-0.003218227472389996,min_variance,Equity
2023-08-17,-0.004906207855995884,min_variance,Equity
2023-08-18,0.002010245978913611,min_variance,Equity
2023-08-21,-0.0028287941553182404,min_variance,Equity
2023-08-22,-0.00462131078803933,min_variance,Equity
2023-08-23,0.009685218497276733,min_variance,Equity
2023-08-24,-0.008625445175755779,min_variance,Equity
2023-08-25,0.002149686633507307,min_variance,Equity
2023-08-28,0.003050040546373763,min_variance,Equity
2023-08-29,0.006123262974173585,min_variance,Equity
2023-08-30,0.0007530977047842885,min_variance,Equity
2023-08-31,-0.0047924036293213275,min_variance,Equity
2023-09-01,0.00099886632697864,min_variance,Equity
2023-09-05,-0.009329368715813429,min_variance,Equity
2023-09-06,-0.003365471031586952,min_variance,Equity
2023-09-07,0.007599269654773193,min_variance,Equity
2023-09-08,0.006529884170427594,min_variance,Equity
2023-09-11,0.003058035930298761,min_variance,Equity
2023-09-12,-0.0014526888060956242,min_variance,Equity
2023-09-13,0.0008391177459219634,min_variance,Equity
2023-09-14,0.01013984781639454,min_variance,Equity
2023-09-15,-0.008047702576099682,min_variance,Equity
2023-09-18,0.001348405695789872,min_variance,Equity
2023-09-19,0.0004946145161806183,min_variance,Equity
2023-09-20,0.003838088015151666,min_variance,Equity
2023-09-21,-0.012596489625933776,min_variance,Equity
2023-09-22,-0.0012621769939205137,min_variance,Equity
2023-09-25,6.295334114925374e-05,min_variance,Equity
2023-09-26,-0.006561587282618887,min_variance,Equity
2023-09-27,-0.006725904363581713,min_variance,Equity
2023-09-28,0.0013976852434402535,min_variance,Equity
2023-09-29,-0.005224739209546228,min_variance,Equity
2023-10-02,-0.009546036414700618,min_variance,Equity
2023-10-03,-0.006979889997505227,min_variance,Equity
2023-10-04,0.0066619416552056,min_variance,Equity
2023-10-05,-0.005268804150876984,min_variance,Equity
2023-10-06,0.004073000013650188,min_variance,Equity
2023-10-09,0.007065232018004175,min_variance,Equity
2023-10-10,0.007014555529297345,min_variance,Equity
2023-10-11,0.005548772681790601,min_variance,Equity
2023-10-12,-0.0031250567518222925,min_variance,Equity
2023-10-13,0.0036454540944472003,min_variance,Equity
2023-10-16,0.005683668351702297,min_variance,Equity
2023-10-17,0.004809865838273159,min_variance,Equity
2023-10-18,-0.006583708424797614,min_variance,Equity
2023-10-19,-0.0071312694130010856,min_variance,Equity
2023-10-20,-0.0009271799707581629,min_variance,Equity
2023-10-23,-0.006827934727873203,min_variance,Equity
2023-10-24,0.01020045527769,min_variance,Equity
2023-10-25,-0.00557796063379713,min_variance,Equity
2023-10-26,-0.0015044885629369425,min_variance,Equity
2023-10-27,-0.019964905435826467,min_variance,Equity
2023-10-30,0.001548948762776269,min_variance,Equity
2023-10-31,0.0025405674922495077,min_variance,Equity
2023-11-01,0.005684168545156765,min_variance,Equity
2023-11-02,0.01702110209173835,min_variance,Equity
2023-11-03,0.0025763746318210492,min_variance,Equity
2023-11-06,-0.0005515573350207025,min_variance,Equity
2023-11-07,-0.00037089489828483343,min_variance,Equity
2023-11-08,-0.0009908228599670179,min_variance,Equity
2023-11-09,-0.012904875697753922,min_variance,Equity
2023-11-10,0.004713101204689708,min_variance,Equity
2023-11-13,0.0030126364737069295,min_variance,Equity
2023-11-14,0.009525375232273944,min_variance,Equity
2023-11-15,0.003179708468903788,min_variance,Equity
2023-11-16,-0.01156991615933582,min_variance,Equity
2023-11-17,-0.0009250823251146739,min_variance,Equity
2023-11-20,0.003944454351655572,min_variance,Equity
2023-11-21,0.0021574702920773596,min_variance,Equity
2023-11-22,-0.00021603695050076394,min_variance,Equity
2023-11-24,0.004116983751243556,min_variance,Equity
2023-11-27,0.0004252747346207378,min_variance,Equity
2023-11-28,0.0014994218461301491,min_variance,Equity
2023-11-29,-0.00107714005606924,min_variance,Equity
2023-11-30,0.009480026881113397,min_variance,Equity
2023-12-01,0.0050235151257544425,min_variance,Equity
2023-12-04,0.0036414523569022286,min_variance,Equity
2023-12-05,0.0016637723075468187,min_variance,Equity
2023-12-06,-0.0031431145980240476,min_variance,Equity
2023-12-07,-0.0034149999588863307,min_variance,Equity
2023-12-08,-0.0016241688105138189,min_variance,Equity
2023-12-11,0.005705414249023862,min_variance,Equity
2023-12-12,0.0029955905530307013,min_variance,Equity
2023-12-13,0.02004127086536158,min_variance,Equity
2023-12-14,-0.0020505832228772582,min_variance,Equity
2023-12-15,-0.006415574243687566,min_variance,Equity
2023-12-18,0.003021779494140981,min_variance,Equity
2023-12-19,0.004634802855484551,min_variance,Equity
2023-12-20,-0.01278963420109407,min_variance,Equity
2023-12-21,0.008064033014359782,min_variance,Equity
2023-12-22,0.008539663400727543,min_variance,Equity
2023-12-26,0.0010733527171832102,min_variance,Equity
2023-12-27,0.0031351427043399592,min_variance,Equity
2023-12-28,0.0017998351240978343,min_variance,Equity
2023-12-29,-0.0005053932064968762,min_variance,Equity
2022-01-03,-0.00036631975651978696,max_sharpe,Equity
2022-01-04,-0.007064021926637502,max_sharpe,Equity
2022-01-05,-0.02072763640119088,max_sharpe,Equity
2022-01-06,0.003224385148727825,max_sharpe,Equity
2022-01-07,-0.021869998659692795,max_sharpe,Equity
2022-01-10,0.003246371201733435,max_sharpe,Equity
2022-01-11,0.00831835160997817,max_sharpe,Equity
2022-01-12,0.011560727834780914,max_sharpe,Equity
2022-01-13,-0.026340669356416078,max_sharpe,Equity
2022-01-14,0.0010947875981170338,max_sharpe,Equity
2022-01-18,-0.021715682748252772,max_sharpe,Equity
2022-01-19,-0.013681404498136557,max_sharpe,Equity
2022-01-20,-0.025688932905423935,max_sharpe,Equity
2022-01-21,-0.022436530488400164,max_sharpe,Equity
2022-01-24,0.0024579686177109384,max_sharpe,Equity
2022-01-25,-0.019250128474535916,max_sharpe,Equity
2022-01-26,0.0004404035171883962,max_sharpe,Equity
2022-01-27,-0.013575422753474137,max_sharpe,Equity
2022-01-28,0.03287574487736768,max_sharpe,Equity
2022-01-31,0.032114349783372326,max_sharpe,Equity
2022-02-01,0.01445910112258609,max_sharpe,Equity
2022-02-02,0.020239409078859946,max_sharpe,Equity
2022-02-03,-0.01597137541390887,max_sharpe,Equity
2022-02-04,-0.0034253245215947014,max_sharpe,Equity
2022-02-07,0.01024219319728298,max_sharpe,Equity
2022-02-08,0.01026976295852672,max_sharpe,Equity
2022-02-09,0.02263326273890747,max_sharpe,Equity
2022-02-10,-0.019063088846509178,max_sharpe,Equity
2022-02-11,-0.02831872182320004,max_sharpe,Equity
2022-02-14,0.004444422812658934,max_sharpe,Equity
2022-02-15,0.03316408674488142,max_sharpe,Equity
2022-02-16,0.0014905074599256072,max_sharpe,Equity
2022-02-17,-0.026528694286317493,max_sharpe,Equity
2022-02-18,-0.009667154894737491,max_sharpe,Equity
2022-02-22,-0.006152159116044219,max_sharpe,Equity
2022-02-23,-0.01215829129072704,max_sharpe,Equity
2022-02-24,0.018848392095677666,max_sharpe,Equity
2022-02-25,0.02640186472940684,max_sharpe,Equity
2022-02-28,-0.0015890469405086905,max_sharpe,Equity
2022-03-01,-0.012535657560519232,max_sharpe,Equity
2022-03-02,0.026965793944621026,max_sharpe,Equity
2022-03-03,-0.0009442533897315256,max_sharpe,Equity
2022-03-04,0.000874167852416141,max_sharpe,Equity
2022-03-07,-0.029846294811970944,max_sharpe,Equity
2022-03-08,-0.013050518409548918,max_sharpe,Equity
2022-03-09,0.024546053941932017,max_sharpe,Equity
2022-03-10,0.006221970367566045,max_sharpe,Equity
2022-03-11,-0.006394114820689436,max_sharpe,Equity
2022-03-14,-0.01408779665547197,max_sharpe,Equity
2022-03-15,0.02822617050458077,max_sharpe,Equity
2022-03-16,0.018125275772476936,max_sharpe,Equity
2022-03-17,0.012183762669807665,max_sharpe,Equity
2022-03-18,0.013044341011220591,max_sharpe,Equity
2022-03-21,0.016745545992496287,max_sharpe,Equity
2022-03-22,0.0012579786540747179,max_sharpe,Equity
2022-03-23,-0.003063534911745092,max_sharpe,Equity
2022-03-24,0.030340612107965573,max_sharpe,Equity
2022-03-25,0.007142384960067371,max_sharpe,Equity
2022-03-28,0.0038381895856166364,max_sharpe,Equity
2022-03-29,0.005415401107701937,max_sharpe,Equity
2022-03-30,-0.0056934035863989,max_sharpe,Equity
2022-03-31,-0.013321679923575197,max_sharpe,Equity
2022-04-01,-0.0035813748486165915,max_sharpe,Equity
2022-04-04,-0.0017006078167853907,max_sharpe,Equity
2022-04-05,-0.0059727960076057405,max_sharpe,Equity
2022-04-06,0.010664121515537113,max_sharpe,Equity
2022-04-07,0.014477680148037216,max_sharpe,Equity
2022-04-08,0.0010317732882764027,max_sharpe,Equity
2022-04-11,-0.022133203906964494,max_sharpe,Equity
2022-04-12,0.002014751616589736,max_sharpe,Equity
2022-04-13,-0.0033187023543689957,max_sharpe,Equity
2022-04-14,0.005715143692743562,max_sharpe,Equity
2022-04-18,0.003913633725035799,max_sharpe,Equity
2022-04-19,-0.0024935285915755837,max_sharpe,Equity
2022-04-20,-0.0002095153662350149,max_sharpe,Equity
2022-04-21,-0.009191756754887412,max_sharpe,Equity
2022-04-22,-0.03424945363677319,max_sharpe,Equity
2022-04-25,-0.002068791590794612,max_sharpe,Equity
2022-04-26,-0.012934995841001558,max_sharpe,Equity
2022-04-27,0.0012602283675040135,max_sharpe,Equity
2022-04-28,0.01569734645527454,max_sharpe,Equity
2022-04-29,-0.054815989567140386,max_sharpe,Equity
2022-05-02,-0.0027789711974368974,max_sharpe,Equity
2022-05-03,0.004483874647510608,max_sharpe,Equity
2022-05-04,0.01143884874385643,max_sharpe,Equity
2022-05-05,-0.027589495543559113,max_sharpe,Equity
2022-05-06,-0.015453988959014823,max_sharpe,Equity
2022-05-09,-0.049656968880924704,max_sharpe,Equity
2022-05-10,0.004882601602208806,max_sharpe,Equity
2022-05-11,-0.010159228497207868,max_sharpe,Equity
2022-05-12,0.0011679266407835166,max_sharpe,Equity
2022-05-13,0.014956651143220125,max_sharpe,Equity
2022-05-16,-0.0008838994848881314,max_sharpe,Equity
2022-05-17,0.009558679844341783,max_sharpe,Equity
2022-05-18,-0.03410187958418611,max_sharpe,Equity
2022-05-19,0.004076789933617632,max_sharpe,Equity
2022-05-20,-0.0012614746719016828,max_sharpe,Equity
2022-05-23,0.014959164888982098,max_sharpe,Equity
2022-05-24,0.0011884168415325206,max_sharpe,Equity
2022-05-25,0.016571955979946616,max_sharpe,Equity
2022-05-26,0.011806256547038391,max_sharpe,Equity
2022-05-27,0.022892289419132184,max_sharpe,Equity
2022-05-31,-0.019136686560170424,max_sharpe,Equity
2022-06-01,-0.006603564412048882,max_sharpe,Equity
2022-06-02,0.011613061619933439,max_sharpe,Equity
2022-06-03,-0.006067724578682247,max_sharpe,Equity
2022-06-06,-0.007149696329328599,max_sharpe,Equity
2022-06-07,0.017915505093430054,max_sharpe,Equity
2022-06-08,-0.02229509709026641,max_sharpe,Equity
2022-06-09,-0.030080280378111803,max_sharpe,Equity
2022-06-10,-0.018250793909042273,max_sharpe,Equity
2022-06-13,-0.04154724144206695,max_sharpe,Equity
2022-06-14,0.002746085253014908,max_sharpe,Equity
2022-06-15,0.010882748506756624,max_sharpe,Equity
2022-06-16,-0.018250887666930858,max_sharpe,Equity
2022-06-17,-0.004473338053520595,max_sharpe,Equity
2022-06-21,0.02072387738278285,max_sharpe,Equity
2022-06-22,0.00307371971618523,max_sharpe,Equity
2022-06-23,0.005204424457897022,max_sharpe,Equity
2022-06-24,0.026852767160364496,max_sharpe,Equity
2022-06-27,0.0007480697915897192,max_sharpe,Equity
2022-06-28,-0.006922869576353025,max_sharpe,Equity
2022-06-29,-0.004827414465878629,max_sharpe,Equity
2022-06-30,-0.003967116385417389,max_sharpe,Equity
2022-07-01,0.008488560766527617,max_sharpe,Equity
2022-07-05,-0.005646032898917812,max_sharpe,Equity
2022-07-06,0.002752556031593421,max_sharpe,Equity
2022-07-07,0.0072873173387223945,max_sharpe,Equity
2022-07-08,-0.001237869257959588,max_sharpe,Equity
2022-07-11,-0.0038261394476871748,max_sharpe,Equity
2022-07-12,-0.011277411747623187,max_sharpe,Equity
2022-07-13,-0.0018807719196396243,max_sharpe,Equity
2022-07-14,-0.0014463699427121103,max_sharpe,Equity
2022-07-15,0.01990078066978651,max_sharpe,Equity
2022-07-18,-0.006506423806796587,max_sharpe,Equity
2022-07-19,0.01805719167875938,max_sharpe,Equity
2022-07-20,-0.002722472953244362,max_sharpe,Equity
2022-07-21,0.011633266169732736,max_sharpe,Equity
2022-07-22,-0.0061480056032912405,max_sharpe,Equity
2022-07-25,0.015959536118504345,max_sharpe,Equity
2022-07-26,-0.0011082327570440926,max_sharpe,Equity
2022-07-27,0.006927243052939043,max_sharpe,Equity
2022-07-28,0.01630974335367488,max_sharpe,Equity
2022-07-29,0.006391115540788521,max_sharpe,Equity
2022-08-01,-0.00898798044379974,max_sharpe,Equity
2022-08-02,-0.006879273347579334,max_sharpe,Equity
2022-08-03,0.003146704794686719,max_sharpe,Equity
2022-08-04,-0.0018508626596514478,max_sharpe,Equity
2022-08-05,0.0032294426361046697,max_sharpe,Equity
2022-08-08,0.007134788049066245,max_sharpe,Equity
2022-08-09,0.015156372637675159,max_sharpe,Equity
2022-08-10,0.009820586745518787,max_sharpe,Equity
2022-08-11,0.006295176920421596,max_sharpe,Equity
2022-08-12,0.01045136315494252,max_sharpe,Equity
2022-08-15,0.0006198649311651093,max_sharpe,Equity
2022-08-16,-0.0008832416285744034,max_sharpe,Equity
2022-08-17,-0.0030545097662615346,max_sharpe,Equity
2022-08-18,0.005226737249060817,max_sharpe,Equity
2022-08-19,0.004786326514488764,max_sharpe,Equity
2022-08-22,-0.016879917924674602,max_sharpe,Equity
2022-08-23,0.0030842942300974966,max_sharpe,Equity
2022-08-24,0.0031898102551904,max_sharpe,Equity
2022-08-25,0.016743941167283664,max_sharpe,Equity
2022-08-26,-0.019650802207320524,max_sharpe,Equity
2022-08-29,-0.0024738720221432337,max_sharpe,Equity
2022-08-30,-0.021328686877686284,max_sharpe,Equity
2022-08-31,-0.009221767644733002,max_sharpe,Equity
2022-09-01,0.006903264090709729,max_sharpe,Equity
2022-09-02,-0.00866275123081627,max_sharpe,Equity
2022-09-06,0.005530778101190976,max_sharpe,Equity
2022-09-07,0.008815007560910079,max_sharpe,Equity
2022-09-08,-0.00022537753662343419,max_sharpe,Equity
2022-09-09,0.007316294756455847,max_sharpe,Equity
2022-09-12,0.004864911854633871,max_sharpe,Equity
2022-09-13,-0.027111924899768804,max_sharpe,Equity
2022-09-14,-0.005475382604022827,max_sharpe,Equity
2022-09-15,-0.0220065510051675,max_sharpe,Equity
2022-09-16,-0.0006391323635761614,max_sharpe,Equity
2022-09-19,0.0040855846278190985,max_sharpe,Equity
2022-09-20,-0.01651486932768035,max_sharpe,Equity
2022-09-21,-0.016780461982111205,max_sharpe,Equity
2022-09-22,-0.00389383702553621,max_sharpe,Equity
2022-09-23,-0.018106303247706353,max_sharpe,Equity
2022-09-26,-0.018189966213964782,max_sharpe,Equity
2022-09-27,-0.004543021943164107,max_sharpe,Equity
2022-09-28,0.02075285367435514,max_sharpe,Equity
2022-09-29,-0.01912937974452671,max_sharpe,Equity
2022-09-30,-0.010083920671607061,max_sharpe,Equity
2022-10-03,0.027816175719363928,max_sharpe,Equity
2022-10-04,0.025711636849516877,max_sharpe,Equity
2022-10-05,0.004312997762221498,max_sharpe,Equity
2022-10-06,-0.005414796922720742,max_sharpe,Equity
2022-10-07,-0.01419906082430257,max_sharpe,Equity
2022-10-10,-0.007963370076972216,max_sharpe,Equity
2022-10-11,0.004253406057445308,max_sharpe,Equity
2022-10-12,-0.004873813584285235,max_sharpe,Equity
2022-10-13,0.030836169678619157,max_sharpe,Equity
2022-10-14,-0.016627739911808583,max_sharpe,Equity
2022-10-17,0.018191351961719816,max_sharpe,Equity
2022-10-18,0.009500965166109166,max_sharpe,Equity
2022-10-19,-0.007062051528782166,max_sharpe,Equity
2022-10-20,0.003452713919748132,max_sharpe,Equity
2022-10-21,0.02781559416126601,max_sharpe,Equity
2022-10-24,0.006223549927150484,max_sharpe,Equity
2022-10-25,0.00746513310133791,max_sharpe,Equity
2022-10-26,0.009229173690880901,max_sharpe,Equity
2022-10-27,-0.0013631867226644345,max_sharpe,Equity
2022-10-28,0.00012357664029456804,max_sharpe,Equity
2022-10-31,-0.0051975617801063405,max_sharpe,Equity
2022-11-01,0.00618047687079902,max_sharpe,Equity
2022-11-02,-0.032365257197626396,max_sharpe,Equity
2022-11-03,0.003685606571853012,max_sharpe,Equity
2022-11-04,0.00963960291754997,max_sharpe,Equity
2022-11-07,0.012607531559918481,max_sharpe,Equity
2022-11-08,0.009227288378370514,max_sharpe,Equity
2022-11-09,-0.02571314382378877,max_sharpe,Equity
2022-11-10,0.029128394889590903,max_sharpe,Equity
2022-11-11,0.005475079681262417,max_sharpe,Equity
2022-11-14,0.003297444985450828,max_sharpe,Equity
2022-11-15,0.00532621304668069,max_sharpe,Equity
2022-11-16,-0.009489637701379422,max_sharpe,Equity
2022-11-17,0.0020949423283636117,max_sharpe,Equity
2022-11-18,0.006290277046025897,max_sharpe,Equity
2022-11-21,0.006491565728323212,max_sharpe,Equity
2022-11-22,0.020523571976647486,max_sharpe,Equity
2022-11-23,-0.007846270816692976,max_sharpe,Equity
2022-11-25,0.0004109153395615591,max_sharpe,Equity
2022-11-28,-0.018494677482679068,max_sharpe,Equity
2022-11-29,0.004165755299643938,max_sharpe,Equity
2022-11-30,0.015844146999034015,max_sharpe,Equity
2022-12-01,-0.0033308312566428105,max_sharpe,Equity
2022-12-02,0.00553552874257596,max_sharpe,Equity
2022-12-05,-0.014496328442656841,max_sharpe,Equity
2022-12-06,-0.009695181929752014,max_sharpe,Equity
2022-12-07,0.0025912102728132863,max_sharpe,Equity
2022-12-08,0.008951387578214993,max_sharpe,Equity
2022-12-09,-0.015648494078300743,max_sharpe,Equity
2022-12-12,0.013823756380588404,max_sharpe,Equity
2022-12-13,0.006736699427595483,max_sharpe,Equity
2022-12-14,-0.0017497984219985744,max_sharpe,Equity
2022-12-15,-0.020359948930504586,max_sharpe,Equity
2022-12-16,-0.009841729908149572,max_sharpe,Equity
2022-12-19,2.4377667177667402e-05,max_sharpe,Equity
2022-12-20,0.0009494190114600026,max_sharpe,Equity
2022-12-21,0.012241337683618042,max_sharpe,Equity
2022-12-22,-0.007169970987516197,max_sharpe,Equity
2022-12-23,0.008920866878378649,max_sharpe,Equity
2022-12-27,0.005042288208521619,max_sharpe,Equity
2022-12-28,-0.012529349770210587,max_sharpe,Equity
2022-12-29,0.005072503362155581,max_sharpe,Equity
2022-12-30,0.0013952337161945612,max_sharpe,Equity
2023-01-03,-0.013190549244603078,max_sharpe,Equity
2023-01-04,0.008519322944013159,max_sharpe,Equity
2023-01-05,0.010060209642697545,max_sharpe,Equity
2023-01-06,0.020270172285599193,max_sharpe,Equity
2023-01-09,-0.026406757239014603,max_sharpe,Equity
2023-01-10,0.014107284536236058,max_sharpe,Equity
2023-01-11,0.0024343811056919034,max_sharpe,Equity
2023-01-12,-0.001062840473181466,max_sharpe,Equity
2023-01-13,0.005012415768104669,max_sharpe,Equity
2023-01-17,-0.008114418500856662,max_sharpe,Equity
2023-01-18,-0.019349437259446756,max_sharpe,Equity
2023-01-19,0.002052607024937417,max_sharpe,Equity
2023-01-20,0.007426337914535126,max_sharpe,Equity
2023-01-23,-0.0026995096190803643,max_sharpe,Equity
2023-01-24,0.00043150430437090097,max_sharpe,Equity
2023-01-25,0.0009201418536234772,max_sharpe,Equity
2023-01-26,0.016922442811246628,max_sharpe,Equity
2023-01-27,-0.010547529602567378,max_sharpe,Equity
2023-01-30,-0.007617738864341304,max_sharpe,Equity
2023-01-31,0.014472632262806366,max_sharpe,Equity
2023-02-01,-0.0030883973099686585,max_sharpe,Equity
2023-02-02,-0.02347512911190014,max_sharpe,Equity
2023-02-03,-4.969155299916635e-05,max_sharpe,Equity
2023-02-06,-0.006436291851656572,max_sharpe,Equity
2023-02-07,0.007968618740124698,max_sharpe,Equity
2023-02-08,-0.0031027496901174906,max_sharpe,Equity
2023-02-09,0.0015783820599183632,max_sharpe,Equity
2023-02-10,0.021780910530623893,max_sharpe,Equity
2023-02-13,0.007105895956020839,max_sharpe,Equity
2023-02-14,-0.0013356409867199943,max_sharpe,Equity
2023-02-15,-0.007047536810294741,max_sharpe,Equity
2023-02-16,-0.007803883030295641,max_sharpe,Equity
2023-02-17,-0.00650752865447562,max_sharpe,Equity
2023-02-21,-0.005293014846993765,max_sharpe,Equity
2023-02-22,-0.007713221592287819,max_sharpe,Equity
2023-02-23,0.007840338037198682,max_sharpe,Equity
2023-02-24,-0.0025384117823977963,max_sharpe,Equity
2023-02-27,0.003860032108058874,max_sharpe,Equity
2023-02-28,-0.0036001223873227905,max_sharpe,Equity
2023-03-01,0.008873301791671503,max_sharpe,Equity
2023-03-02,0.009586318788116712,max_sharpe,Equity
2023-03-03,0.009910589089130383,max_sharpe,Equity
2023-03-06,0.005717133257065738,max_sharpe,Equity
2023-03-07,-0.011645133261898425,max_sharpe,Equity
2023-03-08,-0.012445563200842055,max_sharpe,Equity
2023-03-09,-0.014366804519441709,max_sharpe,Equity
2023-03-10,-0.009833742937378369,max_sharpe,Equity
2023-03-13,-0.007738502253622218,max_sharpe,Equity
2023-03-14,0.013159703576963722,max_sharpe,Equity
2023-03-15,-0.019006282486350487,max_sharpe,Equity
2023-03-16,0.003809351686808561,max_sharpe,Equity
2023-03-17,-0.015402934290190153,max_sharpe,Equity
2023-03-20,0.018713865643603157,max_sharpe,Equity
2023-03-21,0.013205074391739562,max_sharpe,Equity
2023-03-22,-0.01778354741161181,max_sharpe,Equity
2023-03-23,0.0014441243504545774,max_sharpe,Equity
2023-03-24,0.0065419020899501416,max_sharpe,Equity
2023-03-27,0.010305377452709586,max_sharpe,Equity
2023-03-28,-0.002378229813578536,max_sharpe,Equity
2023-03-29,0.004968632791144428,max_sharpe,Equity
2023-03-30,0.007336182846556094,max_sharpe,Equity
2023-03-31,0.009027256440681634,max_sharpe,Equity
2023-04-03,0.02121709496539539,max_sharpe,Equity
2023-04-04,-0.015444123828810748,max_sharpe,Equity
2023-04-05,0.011478079051402239,max_sharpe,Equity
2023-04-06,-0.0015896156663392754,max_sharpe,Equity
2023-04-10,0.0015092925082394585,max_sharpe,Equity
2023-04-11,0.0009227783268345636,max_sharpe,Equity
2023-04-12,0.00240589094732305,max_sharpe,Equity
2023-04-13,0.008786868621571783,max_sharpe,Equity
2023-04-14,-0.0016758864962923786,max_sharpe,Equity
2023-04-17,-0.004076313267274199,max_sharpe,Equity
2023-04-18,0.00389915255024623,max_sharpe,Equity
2023-04-19,0.0010637781452308148,max_sharpe,Equity
2023-04-20,-0.0018424180434034388,max_sharpe,Equity
2023-04-21,0.004593956378737446,max_sharpe,Equity
2023-04-24,0.009959195100011847,max_sharpe,Equity
2023-04-25,-0.005560019011912156,max_sharpe,Equity
2023-04-26,-0.014486204624709785,max_sharpe,Equity
2023-04-27,-0.018759887918419316,max_sharpe,Equity
2023-04-28,0.01098673266606765,max_sharpe,Equity
2023-05-01,0.0033761629968157613,max_sharpe,Equity
2023-05-02,-0.014379044414812784,max_sharpe,Equity
2023-05-03,-0.011662880960731085,max_sharpe,Equity
2023-05-04,-0.012725990267154437,max_sharpe,Equity
2023-05-05,0.013746799827783367,max_sharpe,Equity
2023-05-08,0.002761548971664712,max_sharpe,Equity
2023-05-09,-0.00664372320342146,max_sharpe,Equity
2023-05-10,-0.002295465206361878,max_sharpe,Equity
2023-05-11,-0.004456635564668417,max_sharpe,Equity
2023-05-12,-0.0020214599133566583,max_sharpe,Equity
2023-05-15,-0.00017312003528944234,max_sharpe,Equity
2023-05-16,-0.008089191677117996,max_sharpe,Equity
2023-05-17,0.0036753006064846475,max_sharpe,Equity
2023-05-18,0.0032303428754522348,max_sharpe,Equity
2023-05-19,0.008074320140866334,max_sharpe,Equity
2023-05-22,-0.00696371441316042,max_sharpe,Equity
2023-05-23,-0.005925615153344636,max_sharpe,Equity
2023-05-24,0.0012866494939623215,max_sharpe,Equity
2023-05-25,0.015381033424623429,max_sharpe,Equity
2023-05-26,-0.004435481421199737,max_sharpe,Equity
2023-05-30,-0.008511241695266772,max_sharpe,Equity
2023-05-31,-0.0037837816373303464,max_sharpe,Equity
2023-06-01,0.00680810405540906,max_sharpe,Equity
2023-06-02,0.01614319278780273,max_sharpe,Equity
2023-06-05,0.0008773244976015654,max_sharpe,Equity
2023-06-06,-0.014799308787098396,max_sharpe,Equity
2023-06-07,-0.0050617941036938865,max_sharpe,Equity
2023-06-08,0.012512392730831568,max_sharpe,Equity
2023-06-09,0.0010676320927968626,max_sharpe,Equity
2023-06-12,-0.0033019300396192894,max_sharpe,Equity
2023-06-13,0.006912815318913221,max_sharpe,Equity
2023-06-14,0.0009791375537509727,max_sharpe,Equity
2023-06-15,0.0037525020571655366,max_sharpe,Equity
2023-06-16,-0.000646162581529332,max_sharpe,Equity
2023-06-20,0.001672538041611613,max_sharpe,Equity
2023-06-21,0.003570192443673686,max_sharpe,Equity
2023-06-22,0.009777723212281451,max_sharpe,Equity
2023-06-23,-0.002365422795773364,max_sharpe,Equity
2023-06-26,-0.008162561509470652,max_sharpe,Equity
2023-06-27,0.00493338673699604,max_sharpe,Equity
2023-06-28,-0.004586187791139078,max_sharpe,Equity
2023-06-29,0.007452861039847304,max_sharpe,Equity
2023-06-30,0.016077459092444814,max_sharpe,Equity
2023-07-03,-0.003349285970600758,max_sharpe,Equity
2023-07-05,-0.0029127170453700987,max_sharpe,Equity
2023-07-06,-0.018864535031282242,max_sharpe,Equity
2023-07-07,-0.008579570180094023,max_sharpe,Equity
2023-07-10,0.005705295393465376,max_sharpe,Equity
2023-07-11,0.0018539746244318658,max_sharpe,Equity
2023-07-12,0.0024490435919577035,max_sharpe,Equity
2023-07-13,-0.0026487481363851777,max_sharpe,Equity
2023-07-14,-0.005515432877833684,max_sharpe,Equity
2023-07-17,-0.00460393456144838,max_sharpe,Equity
2023-07-18,0.004402117504481665,max_sharpe,Equity
2023-07-19,0.0009887549232909015,max_sharpe,Equity
2023-07-20,0.012697696895769557,max_sharpe,Equity
2023-07-21,0.007237698372152932,max_sharpe,Equity
2023-07-24,-0.0005759345187659609,max_sharpe,Equity
2023-07-25,-0.000181460687836813,max_sharpe,Equity
2023-07-26,-0.004123506970292886,max_sharpe,Equity
2023-07-27,-0.0018048681083802866,max_sharpe,Equity
2023-07-28,0.004375711286893595,max_sharpe,Equity
2023-07-31,0.008681141973290708,max_sharpe,Equity
2023-08-01,-0.008725860911292616,max_sharpe,Equity
2023-08-02,-0.008900650996572673,max_sharpe,Equity
2023-08-03,0.002880006989358825,max_sharpe,Equity
2023-08-04,-0.004513679134163869,max_sharpe,Equity
2023-08-07,0.009395149065528501,max_sharpe,Equity
2023-08-08,-0.0011554908868071268,max_sharpe,Equity
2023-08-09,-0.0023283561757080217,max_sharpe,Equity
2023-08-10,-0.0006122111573964959,max_sharpe,Equity
2023-08-11,0.008136286673074724,max_sharpe,Equity
2023-08-14,0.014335898517974465,max_sharpe,Equity
2023-08-15,-0.008576563935189581,max_sharpe,Equity
2023-08-16,-0.007320405811268662,max_sharpe,Equity
2023-08-17,0.0037326619436629446,max_sharpe,Equity
2023-08-18,0.005573049590936265,max_sharpe,Equity
2023-08-21,0.010413967198216252,max_sharpe,Equity
2023-08-22,-0.016069907592224625,max_sharpe,Equity
2023-08-23,0.011783825456609373,max_sharpe,Equity
2023-08-24,-0.008446191907572436,max_sharpe,Equity
2023-08-25,0.0038452772897860314,max_sharpe,Equity
2023-08-28,0.0025010473136432205,max_sharpe,Equity
2023-08-29,0.011231070564345138,max_sharpe,Equity
2023-08-30,0.005628111852854152,max_sharpe,Equity
2023-08-31,-0.004066130762381389,max_sharpe,Equity
2023-09-01,0.009423327535584008,max_sharpe,Equity
2023-09-05,-0.0072538186833656796,max_sharpe,Equity
2023-09-06,-0.005020581659610172,max_sharpe,Equity
2023-09-07,0.0037853682973087574,max_sharpe,Equity
2023-09-08,0.0066342312327348045,max_sharpe,Equity
2023-09-11,-0.007813893905835416,max_sharpe,Equity
2023-09-12,0.012602083349061422,max_sharpe,Equity
2023-09-13,-0.0018480137528695726,max_sharpe,Equity
2023-09-14,0.013431335602428138,max_sharpe,Equity
2023-09-15,-0.01446320955718151,max_sharpe,Equity
2023-09-18,0.006184912580595113,max_sharpe,Equity
2023-09-19,-0.004523499992742857,max_sharpe,Equity
2023-09-20,-0.007859262998303697,max_sharpe,Equity
2023-09-21,-0.011695675139221559,max_sharpe,Equity
2023-09-22,0.00069155162734869,max_sharpe,Equity
2023-09-25,0.007039695764151348,max_sharpe,Equity
2023-09-26,-0.0027172198241673783,max_sharpe,Equity
2023-09-27,0.009831945330954594,max_sharpe,Equity
2023-09-28,-3.675391141512896e-05,max_sharpe,Equity
2023-09-29,-0.012977670137628374,max_sharpe,Equity
2023-10-02,-0.006611550908319492,max_sharpe,Equity
2023-10-03,-0.006004784663571406,max_sharpe,Equity
2023-10-04,-0.011729506523726264,max_sharpe,Equity
2023-10-05,-0.004220956614667619,max_sharpe,Equity
2023-10-06,0.0006286784793372779,max_sharpe,Equity
2023-10-09,0.014201359700360008,max_sharpe,Equity
2023-10-10,-0.001617222414837098,max_sharpe,Equity
2023-10-11,-0.0025765539562751863,max_sharpe,Equity
2023-10-12,0.0012233529209317389,max_sharpe,Equity
2023-10-13,0.0058789347834992105,max_sharpe,Equity
2023-10-16,0.002215794445822037,max_sharpe,Equity
2023-10-17,0.0010969044735171956,max_sharpe,Equity
2023-10-18,-0.0038692798474380527,max_sharpe,Equity
2023-10-19,-0.01055327322029089,max_sharpe,Equity
2023-10-20,-0.004324348145798179,max_sharpe,Equity
2023-10-23,-0.004621687959314881,max_sharpe,Equity
2023-10-24,0.003559763023244373,max_sharpe,Equity
2023-10-25,-0.007993286406940924,max_sharpe,Equity
2023-10-26,-0.005583801545363171,max_sharpe,Equity
2023-10-27,-0.02485866824913443,max_sharpe,Equity
2023-10-30,0.009561106849517664,max_sharpe,Equity
2023-10-31,-0.006307115691941432,max_sharpe,Equity
2023-11-01,0.009316707756901015,max_sharpe,Equity
2023-11-02,0.018725147367422833,max_sharpe,Equity
2023-11-03,0.0010558452747238042,max_sharpe,Equity
2023-11-06,-0.001720880416087821,max_sharpe,Equity
2023-11-07,-0.006033849669536618,max_sharpe,Equity
2023-11-08,-0.002758672232968119,max_sharpe,Equity
2023-11-09,-0.01662683515366149,max_sharpe,Equity
2023-11-10,0.009131992202980166,max_sharpe,Equity
2023-11-13,0.003416940411751063,max_sharpe,Equity
2023-11-14,0.004880150033021847,max_sharpe,Equity
2023-11-15,-0.002088934558230342,max_sharpe,Equity
2023-11-16,-0.0034145189981950553,max_sharpe,Equity
2023-11-17,0.0051704245357910555,max_sharpe,Equity
2023-11-20,0.0025282824168602726,max_sharpe,Equity
2023-11-21,-0.0047142420436195875,max_sharpe,Equity
2023-11-22,-0.00222754334416633,max_sharpe,Equity
2023-11-24,0.00035888881841163373,max_sharpe,Equity
2023-11-27,-0.002241738812232349,max_sharpe,Equity
2023-11-28,-0.002769822418403994,max_sharpe,Equity
2023-11-29,-0.0005228572527693999,max_sharpe,Equity
2023-11-30,0.0077880396606827525,max_sharpe,Equity
2023-12-01,0.006103610208872818,max_sharpe,Equity
2023-12-04,-0.0017784570317621643,max_sharpe,Equity
2023-12-05,-0.0013472500087657075,max_sharpe,Equity
2023-12-06,-0.0069298471093958945,max_sharpe,Equity
2023-12-07,-0.004588493931555478,max_sharpe,Equity
2023-12-08,0.0013733767842155577,max_sharpe,Equity
2023-12-11,0.005698277055740942,max_sharpe,Equity
2023-12-12,-5.717413442992217e-05,max_sharpe,Equity
2023-12-13,0.017694378814277666,max_sharpe,Equity
2023-12-14,0.0009062302326181527,max_sharpe,Equity
2023-12-15,-0.0025904409613512883,max_sharpe,Equity
2023-12-18,0.005948684203059707,max_sharpe,Equity
2023-12-19,0.009425384269541374,max_sharpe,Equity
2023-12-20,-0.012625570364762468,max_sharpe,Equity
2023-12-21,0.011488973192973909,max_sharpe,Equity
2023-12-22,0.00874088468991823,max_sharpe,Equity
2023-12-26,0.0020861222784570696,max_sharpe,Equity
2023-12-27,0.0028809221239488414,max_sharpe,Equity
2023-12-28,0.0006475101916722146,max_sharpe,Equity
2023-12-29,-0.00036254599532649156,max_sharpe,Equity
2022-01-03,0.004606495094853422,risk_parity,Equity
2022-01-04,0.004948118278428159,risk_parity,Equity
2022-01-05,-0.008744132762109277,risk_parity,Equity
2022-01-06,-0.002088474083291747,risk_parity,Equity
2022-01-07,0.0011830491968933406,risk_parity,Equity
2022-01-10,-0.006941858272857018,risk_parity,Equity
2022-01-11,0.008277040741271585,risk_parity,Equity
2022-01-12,0.00346597231666886,risk_parity,Equity
2022-01-13,-0.004769313540392283,risk_parity,Equity
2022-01-14,5.12783203347912e-05,risk_parity,Equity
2022-01-18,-0.009404431911622916,risk_parity,Equity
2022-01-19,-0.0032712480247701196,risk_parity,Equity
2022-01-20,-0.011309969522624511,risk_parity,Equity
2022-01-21,-0.010471328972205185,risk_parity,Equity
2022-01-24,0.0014847722157164298,risk_parity,Equity
2022-01-25,-0.005721302352708985,risk_parity,Equity
2022-01-26,-0.010368366769166935,risk_parity,Equity
2022-01-27,-0.0031714666367671854,risk_parity,Equity
2022-01-28,0.016815593479327033,risk_parity,Equity
2022-01-31,0.013438221665637722,risk_parity,Equity
2022-02-01,0.007925299629109447,risk_parity,Equity
2022-02-02,0.010207692409550894,risk_parity,Equity
2022-02-03,-0.008467724411703867,risk_parity,Equity
2022-02-04,-0.0021526504989055357,risk_parity,Equity
2022-02-07,0.0017528850620100534,risk_parity,Equity
2022-02-08,0.00396034378375615,risk_parity,Equity
2022-02-09,0.01051213679149296,risk_parity,Equity
2022-02-10,-0.017734976491964122,risk_parity,Equity
2022-02-11,-0.00901812456152651,risk_parity,Equity
2022-02-14,-0.005759057379095779,risk_parity,Equity
2022-02-15,0.008979286900681437,risk_parity,Equity
2022-02-16,-0.0007464770982012865,risk_parity,Equity
2022-02-17,-0.012454595333148353,risk_parity,Equity
2022-02-18,-0.00754504519174977,risk_parity,Equity
2022-02-22,-0.0057319166756471035,risk_parity,Equity
2022-02-23,-0.01010168621627416,risk_parity,Equity
2022-02-24,0.005851260502100946,risk_parity,Equity
2022-02-25,0.024680488254578112,risk_parity,Equity
2022-02-28,-0.004537132835051267,risk_parity,Equity
2022-03-01,-0.010720249605890355,risk_parity,Equity
2022-03-02,0.01784093882816392,risk_parity,Equity
2022-03-03,0.0013321624367844643,risk_parity,Equity
2022-03-04,0.0028613188496514224,risk_parity,Equity
2022-03-07,-0.014860832953192776,risk_parity,Equity
2022-03-08,-0.007424277599050859,risk_parity,Equity
2022-03-09,0.012769285455240784,risk_parity,Equity
2022-03-10,-0.0010461824756567701,risk_parity,Equity
2022-03-11,-0.008173898529433917,risk_parity,Equity
2022-03-14,-0.008916243616057067,risk_parity,Equity
2022-03-15,0.010505387276475073,risk_parity,Equity
2022-03-16,0.013916223149233317,risk_parity,Equity
2022-03-17,0.013104969044445924,risk_parity,Equity
2022-03-18,0.00458921046350858,risk_parity,Equity
2022-03-21,0.002729127521305972,risk_parity,Equity
2022-03-22,0.005230240757310083,risk_parity,Equity
2022-03-23,-0.009397899120818494,risk_parity,Equity
2022-03-24,0.009967981519370776,risk_parity,Equity
2022-03-25,0.008678532486026005,risk_parity,Equity
2022-03-28,0.0032136939973623066,risk_parity,Equity
2022-03-29,0.012591112927425638,risk_parity,Equity
2022-03-30,-0.0029832595631671802,risk_parity,Equity
2022-03-31,-0.0130692125841272,risk_parity,Equity
2022-04-01,0.006976271148180699,risk_parity,Equity
2022-04-04,0.0023686445048916958,risk_parity,Equity
2022-04-05,-0.007893609462765624,risk_parity,Equity
2022-04-06,0.0023944806713918194,risk_parity,Equity
2022-04-07,0.0016456306296053433,risk_parity,Equity
2022-04-08,0.002720947117249502,risk_parity,Equity
2022-04-11,-0.011160816469252462,risk_parity,Equity
2022-04-12,-0.0015824771702428815,risk_parity,Equity
2022-04-13,0.007713751324243251,risk_parity,Equity
2022-04-14,-0.001804692748668075,risk_parity,Equity
2022-04-18,-0.0016955721759363339,risk_parity,Equity
2022-04-19,0.01202840430408078,risk_parity,Equity
2022-04-20,0.0022140583923705454,risk_parity,Equity
2022-04-21,-0.011070147891394965,risk_parity,Equity
2022-04-22,-0.020391548742138617,risk_parity,Equity
2022-04-25,-0.0018071159248459938,risk_parity,Equity
2022-04-26,-0.019381689948272624,risk_parity,Equity
2022-04-27,-0.00031765963901201363,risk_parity,Equity
2022-04-28,0.015962750028731917,risk_parity,Equity
2022-04-29,-0.03454299609875237,risk_parity,Equity
2022-05-02,0.0021556593426594974,risk_parity,Equity
2022-05-03,0.00494236966974353,risk_parity,Equity
2022-05-04,0.027588271787444454,risk_parity,Equity
2022-05-05,-0.022132081557786995,risk_parity,Equity
2022-05-06,-0.004958996819771899,risk_parity,Equity
2022-05-09,-0.02832596895687408,risk_parity,Equity
2022-05-10,-0.006153777545325593,risk_parity,Equity
2022-05-11,-0.0009129097623906794,risk_parity,Equity
2022-05-12,0.0035714167139961894,risk_parity,Equity
2022-05-13,0.018232577209843205,risk_parity,Equity
2022-05-16,0.001955834559006978,risk_parity,Equity
2022-05-17,0.014083154599637607,risk_parity,Equity
2022-05-18,-0.025230697426920152,risk_parity,Equity
2022-05-19,-0.0022036958878598,risk_parity,Equity
2022-05-20,0.0027192216046602056,risk_parity,Equity
2022-05-23,0.01710701897348292,risk_parity,Equity
2022-05-24,0.004486342807080561,risk_parity,Equity
2022-05-25,0.006718415977115672,risk_parity,Equity
2022-05-26,0.011023434003377039,risk_parity,Equity
2022-05-27,0.017285736077669804,risk_parity,Equity
2022-05-31,-0.007588372955778318,risk_parity,Equity
2022-06-01,-0.005779026825765396,risk_parity,Equity
2022-06-02,0.012989078715509306,risk_parity,Equity
2022-06-03,-0.008015432320285454,risk_parity,Equity
2022-06-06,-0.0009073873948226015,risk_parity,Equity
2022-06-07,0.009017482396599994,risk_parity,Equity
2022-06-08,-0.01297960712034716,risk_parity,Equity
2022-06-09,-0.022038615043229876,risk_parity,Equity
2022-06-10,-0.021151771583855956,risk_parity,Equity
2022-06-13,-0.03754829222312458,risk_parity,Equity
2022-06-14,-0.009253895171257192,risk_parity,Equity
2022-06-15,0.00985975427742871,risk_parity,Equity
2022-06-16,-0.023153679972774042,risk_parity,Equity
2022-06-17,-0.003147896511891909,risk_parity,Equity
2022-06-21,0.02139916226110696,risk_parity,Equity
2022-06-22,0.0004547741407810031,risk_parity,Equity
2022-06-23,0.007199119608301729,risk_parity,Equity
2022-06-24,0.024469038675097983,risk_parity,Equity
2022-06-27,-0.00313484275586263,risk_parity,Equity
2022-06-28,-0.010792964707680243,risk_parity,Equity
2022-06-29,-0.0023232600583118802,risk_parity,Equity
2022-06-30,-0.006104672602576076,risk_parity,Equity
2022-07-01,0.01267075372674743,risk_parity,Equity
2022-07-05,-0.0058413526389804816,risk_parity,Equity
2022-07-06,0.0006946999619896998,risk_parity,Equity
2022-07-07,0.009621625585668642,risk_parity,Equity
2022-07-08,-0.0030092558384494095,risk_parity,Equity
2022-07-11,-0.004765198003507585,risk_parity,Equity
2022-07-12,-0.004461354254967312,risk_parity,Equity
2022-07-13,-0.003665999643310772,risk_parity,Equity
2022-07-14,-0.0036019181963157496,risk_parity,Equity
2022-07-15,0.016381849301833507,risk_parity,Equity
2022-07-18,-0.006652570966533168,risk_parity,Equity
2022-07-19,0.022833713999303274,risk_parity,Equity
2022-07-20,-0.0011134630428377321,risk_parity,Equity
2022-07-21,0.004405272167460056,risk_parity,Equity
2022-07-22,-0.002651844997190677,risk_parity,Equity
2022-07-25,0.0020502869738112457,risk_parity,Equity
2022-07-26,-0.0031123120676888535,risk_parity,Equity
2022-07-27,0.008428293621002897,risk_parity,Equity
2022-07-28,0.011321685622879557,risk_parity,Equity
2022-07-29,0.006946057834683718,risk_parity,Equity
2022-08-01,-0.002321142029935567,risk_parity,Equity
2022-08-02,-0.009195918033441627,risk_parity,Equity
2022-08-03,0.007762088964383435,risk_parity,Equity
2022-08-04,-0.0015789545074194641,risk_parity,Equity
2022-08-05,0.0001635004819394541,risk_parity,Equity
2022-08-08,0.0007825090681101482,risk_parity,Equity
2022-08-09,0.000516700056962348,risk_parity,Equity
2022-08-10,0.014402456320995823,risk_parity,Equity
2022-08-11,0.0031342490607804505,risk_parity,Equity
2022-08-12,0.014900353873820485,risk_parity,Equity
2022-08-15,0.005823232643714978,risk_parity,Equity
2022-08-16,0.004431610216447002,risk_parity,Equity
2022-08-17,-0.007276949435157817,risk_parity,Equity
2022-08-18,0.001775758882086215,risk_parity,Equity
2022-08-19,-0.007304433537129018,risk_parity,Equity
2022-08-22,-0.01770508106848133,risk_parity,Equity
2022-08-23,-0.001161618528209184,risk_parity,Equity
2022-08-24,0.0015689323669640764,risk_parity,Equity
2022-08-25,0.011789576805048173,risk_parity,Equity
2022-08-26,-0.02544797249294226,risk_parity,Equity
2022-08-29,-0.003967312633058466,risk_parity,Equity
2022-08-30,-0.011953572401659134,risk_parity,Equity
2022-08-31,-0.006428126961632464,risk_parity,Equity
2022-09-01,0.003912089664440373,risk_parity,Equity
2022-09-02,-0.01050974104164356,risk_parity,Equity
2022-09-06,-0.0030302240857402094,risk_parity,Equity
2022-09-07,0.017105797400910033,risk_parity,Equity
2022-09-08,0.004118798893272696,risk_parity,Equity
2022-09-09,0.012778815193817702,risk_parity,Equity
2022-09-12,0.008738157920029743,risk_parity,Equity
2022-09-13,-0.036820675164764026,risk_parity,Equity
2022-09-14,0.003087173713927704,risk_parity,Equity
2022-09-15,-0.01576791242809389,risk_parity,Equity
2022-09-16,-0.005027074590845742,risk_parity,Equity
2022-09-19,0.0055248910944734496,risk_parity,Equity
2022-09-20,-0.015338714089524941,risk_parity,Equity
2022-09-21,-0.016325171086998276,risk_parity,Equity
2022-09-22,-0.006271658422972805,risk_parity,Equity
2022-09-23,-0.01932689120246807,risk_parity,Equity
2022-09-26,-0.015193898945313178,risk_parity,Equity
2022-09-27,-0.0054567979473047305,risk_parity,Equity
2022-09-28,0.020020981353611442,risk_parity,Equity
2022-09-29,-0.020450642843144025,risk_parity,Equity
2022-09-30,-0.015184181209018037,risk_parity,Equity
2022-10-03,0.029893532455585355,risk_parity,Equity
2022-10-04,0.026511911551582376,risk_parity,Equity
2022-10-05,-0.005653085326412111,risk_parity,Equity
2022-10-06,-0.013708962245318495,risk_parity,Equity
2022-10-07,-0.021717184862478606,risk_parity,Equity
2022-10-10,-0.0033489791959849914,risk_parity,Equity
2022-10-11,-0.0005547861453914474,risk_parity,Equity
2022-10-12,-0.007878761131488624,risk_parity,Equity
2022-10-13,0.027418329443038892,risk_parity,Equity
2022-10-14,-0.016422946529742716,risk_parity,Equity
2022-10-17,0.019229101483931154,risk_parity,Equity
2022-10-18,0.012485317810423937,risk_parity,Equity
2022-10-19,-0.009726644510543416,risk_parity,Equity
2022-10-20,-0.00490707740665778,risk_parity,Equity
2022-10-21,0.021494764098346067,risk_parity,Equity
2022-10-24,0.009324329692870122,risk_parity,Equity
2022-10-25,0.015852806135262222,risk_parity,Equity
2022-10-26,0.006615763753096466,risk_parity,Equity
2022-10-27,-0.0001344505825904545,risk_parity,Equity
2022-10-28,0.024491595823192124,risk_parity,Equity
2022-10-31,-0.007427847933215902,risk_parity,Equity
2022-11-01,0.0012650562933576575,risk_parity,Equity
2022-11-02,-0.016885179746484277,risk_parity,Equity
2022-11-03,-0.003626454708303485,risk_parity,Equity
2022-11-04,0.016161365188970604,risk_parity,Equity
2022-11-07,0.0059033396912814,risk_parity,Equity
2022-11-08,0.007194584860768729,risk_parity,Equity
2022-11-09,-0.017999663102764473,risk_parity,Equity
2022-11-10,0.04520810135758028,risk_parity,Equity
2022-11-11,0.007101873243069235,risk_parity,Equity
2022-11-14,-0.00902800983566585,risk_parity,Equity
2022-11-15,0.009187667795965374,risk_parity,Equity
2022-11-16,-0.006895608424556873,risk_parity,Equity
2022-11-17,-0.0024224737664156728,risk_parity,Equity
2022-11-18,0.006695351539985736,risk_parity,Equity
2022-11-21,0.002227703908594348,risk_parity,Equity
2022-11-22,0.012995499410160672,risk_parity,Equity
2022-11-23,0.003566998898163581,risk_parity,Equity
2022-11-25,0.0015847944068310995,risk_parity,Equity
2022-11-28,-0.016737854916906155,risk_parity,Equity
2022-11-29,0.0035995426620150234,risk_parity,Equity
2022-11-30,0.022557945603762387,risk_parity,Equity
2022-12-01,0.0003718112229810319,risk_parity,Equity
2022-12-02,0.0015899436957771138,risk_parity,Equity
2022-12-05,-0.01563945558112033,risk_parity,Equity
2022-12-06,-0.010053469793346197,risk_parity,Equity
2022-12-07,-2.5496784555477375e-05,risk_parity,Equity
2022-12-08,0.006240282287018184,risk_parity,Equity
2022-12-09,-0.010092213646806318,risk_parity,Equity
2022-12-12,0.01533355575367822,risk_parity,Equity
2022-12-13,0.007539626734338041,risk_parity,Equity
2022-12-14,-0.007213757958706178,risk_parity,Equity
2022-12-15,-0.019656301234307068,risk_parity,Equity
2022-12-16,-0.009271340129876519,risk_parity,Equity
2022-12-19,-0.005854053017866939,risk_parity,Equity
2022-12-20,0.002583644202351028,risk_parity,Equity
2022-12-21,0.01586171282516208,risk_parity,Equity
2022-12-22,-0.008776566010278356,risk_parity,Equity
2022-12-23,0.007160020907528487,risk_parity,Equity
2022-12-27,0.001496094318794619,risk_parity,Equity
2022-12-28,-0.012207793001187411,risk_parity,Equity
2022-12-29,0.012171913421611669,risk_parity,Equity
2022-12-30,-0.0023676257695747376,risk_parity,Equity
2023-01-03,0.0033945826465413614,risk_parity,Equity
2023-01-04,0.016520681348212905,risk_parity,Equity
2023-01-05,-0.006511846336987104,risk_parity,Equity
2023-01-06,0.021789653213013443,risk_parity,Equity
2023-01-09,-0.002839544349246522,risk_parity,Equity
2023-01-10,0.0064240985023084375,risk_parity,Equity
2023-01-11,0.008635268515138964,risk_parity,Equity
2023-01-12,0.004231787138041016,risk_parity,Equity
2023-01-13,0.0029231085527014725,risk_parity,Equity
2023-01-17,-0.005156876378453067,risk_parity,Equity
2023-01-18,-0.016899590763539245,risk_parity,Equity
2023-01-19,-0.006209688784380116,risk_parity,Equity
2023-01-20,0.013151829514442555,risk_parity,Equity
2023-01-23,0.008279472765328746,risk_parity,Equity
2023-01-24,-0.0025203242806512115,risk_parity,Equity
2023-01-25,0.0016485181157600256,risk_parity,Equity
2023-01-26,0.0056866538735136345,risk_parity,Equity
2023-01-27,-0.0015932521954964089,risk_parity,Equity
2023-01-30,-0.008020863603647262,risk_parity,Equity
2023-01-31,0.011271363984549653,risk_parity,Equity
2023-02-01,0.0026445223837281593,risk_parity,Equity
2023-02-02,-0.00192317929674489,risk_parity,Equity
2023-02-03,-0.01229650908825695,risk_parity,Equity
2023-02-06,-0.0033062380990008184,risk_parity,Equity
2023-02-07,0.008740824428155082,risk_parity,Equity
2023-02-08,-0.009491221804868494,risk_parity,Equity
2023-02-09,-0.008732050135456372,risk_parity,Equity
2023-02-10,0.009414753983300788,risk_parity,Equity
2023-02-13,0.008278373743782106,risk_parity,Equity
2023-02-14,-0.0032155123961535768,risk_parity,Equity
2023-02-15,0.0005412866388117761,risk_parity,Equity
2023-02-16,-0.012673893808944356,risk_parity,Equity
2023-02-17,0.0010277747948030003,risk_parity,Equity
2023-02-21,-0.01526675201885241,risk_parity,Equity
2023-02-22,-0.005725851058014822,risk_parity,Equity
2023-02-23,0.0029356135651209415,risk_parity,Equity
2023-02-24,-0.008587833962980365,risk_parity,Equity
2023-02-27,0.0010013449019673892,risk_parity,Equity
2023-02-28,-0.005350128042606461,risk_parity,Equity
2023-03-01,-0.0020467145346417864,risk_parity,Equity
2023-03-02,0.01088046701463608,risk_parity,Equity
2023-03-03,0.012106636217383183,risk_parity,Equity
2023-03-06,-0.00010745981491383714,risk_parity,Equity
2023-03-07,-0.016571638787501015,risk_parity,Equity
2023-03-08,0.0010941873446543074,risk_parity,Equity
2023-03-09,-0.015971898363336477,risk_parity,Equity
2023-03-10,-0.011278878409928111,risk_parity,Equity
2023-03-13,-0.00045005817523069923,risk_parity,Equity
2023-03-14,0.012618408572735728,risk_parity,Equity
2023-03-15,-0.005840305000705792,risk_parity,Equity
2023-03-16,0.010578528849893548,risk_parity,Equity
2023-03-17,-0.01208258939932612,risk_parity,Equity
2023-03-20,0.01170922768742003,risk_parity,Equity
2023-03-21,0.005173772837673391,risk_parity,Equity
2023-03-22,-0.019252032641585707,risk_parity,Equity
2023-03-23,0.0012803811966049085,risk_parity,Equity
2023-03-24,0.01043058291416305,risk_parity,Equity
2023-03-27,0.004241706857952887,risk_parity,Equity
2023-03-28,0.0014081302439441757,risk_parity,Equity
2023-03-29,0.013828808043303114,risk_parity,Equity
2023-03-30,0.004449631950745824,risk_parity,Equity
2023-03-31,0.011828805617873023,risk_parity,Equity
2023-04-03,0.006846439936405715,risk_parity,Equity
2023-04-04,-0.0026577615027797608,risk_parity,Equity
2023-04-05,0.007032123355156865,risk_parity,Equity
2023-04-06,0.00039886830230562224,risk_parity,Equity
2023-04-10,0.001888777560254528,risk_parity,Equity
2023-04-11,0.0021169153470531775,risk_parity,Equity
2023-04-12,-0.0014394819029242413,risk_parity,Equity
2023-04-13,0.007313304621901587,risk_parity,Equity
2023-04-14,-0.006266359963088755,risk_parity,Equity
2023-04-17,0.004634954167879915,risk_parity,Equity
2023-04-18,-0.0006632082794316494,risk_parity,Equity
2023-04-19,0.002335657185429046,risk_parity,Equity
2023-04-20,-0.006843863440338922,risk_parity,Equity
2023-04-21,0.000786076687046569,risk_parity,Equity
2023-04-24,0.001826271821236113,risk_parity,Equity
2023-04-25,-0.011492112616409374,risk_parity,Equity
2023-04-26,-0.014402002746920337,risk_parity,Equity
2023-04-27,0.012733075830274908,risk_parity,Equity
2023-04-28,0.007293371970685927,risk_parity,Equity
2023-05-01,-0.002916320718557128,risk_parity,Equity
2023-05-02,-0.015265599139541494,risk_parity,Equity
2023-05-03,-0.010521980326139959,risk_parity,Equity
2023-05-04,-0.003690574035319227,risk_parity,Equity
2023-05-05,0.01533466642397175,risk_parity,Equity
2023-05-08,-0.0012615873463366536,risk_parity,Equity
2023-05-09,-0.004099866074781544,risk_parity,Equity
2023-05-10,-0.0012116408621071042,risk_parity,Equity
2023-05-11,-0.008063928046376831,risk_parity,Equity
2023-05-12,-0.00014740444507837673,risk_parity,Equity
2023-05-15,0.002191967016242737,risk_parity,Equity
2023-05-16,-0.016686381645423656,risk_parity,Equity
2023-05-17,0.00906777666533133,risk_parity,Equity
2023-05-18,0.0036614821129667676,risk_parity,Equity
2023-05-19,-0.001571748039494665,risk_parity,Equity
2023-05-22,-0.0002996672072851101,risk_parity,Equity
2023-05-23,-0.006806807607092384,risk_parity,Equity
2023-05-24,-0.008820875770014324,risk_parity,Equity
2023-05-25,-0.00566168099140606,risk_parity,Equity
2023-05-26,0.005790443453232329,risk_parity,Equity
2023-05-30,-0.0027732653449778462,risk_parity,Equity
2023-05-31,-0.0014199649497503187,risk_parity,Equity
2023-06-01,0.002840175312555761,risk_parity,Equity
2023-06-02,0.0178135265770076,risk_parity,Equity
2023-06-05,-0.003999533676919672,risk_parity,Equity
2023-06-06,0.001699944062265144,risk_parity,Equity
2023-06-07,0.00825283323405702,risk_parity,Equity
2023-06-08,0.0045261290405763785,risk_parity,Equity
2023-06-09,-0.003063705116144172,risk_parity,Equity
2023-06-12,0.003260558253920277,risk_parity,Equity
2023-06-13,0.0064270164133375775,risk_parity,Equity
2023-06-14,-0.0004533337190983829,risk_parity,Equity
2023-06-15,0.010657804307793306,risk_parity,Equity
2023-06-16,0.001390071338156761,risk_parity,Equity
2023-06-20,-0.011682544232396126,risk_parity,Equity
2023-06-21,-0.0018023639045825072,risk_parity,Equity
2023-06-22,-0.0035818723926905084,risk_parity,Equity
2023-06-23,-0.00728671936080481,risk_parity,Equity
2023-06-26,0.006462949754574604,risk_parity,Equity
2023-06-27,0.004916287458939264,risk_parity,Equity
2023-06-28,-0.0024693375443662507,risk_parity,Equity
2023-06-29,0.005497073561187333,risk_parity,Equity
2023-06-30,0.008429317346522656,risk_parity,Equity
2023-07-03,0.0054972753411853415,risk_parity,Equity
2023-07-05,-0.0025827482163545672,risk_parity,Equity
2023-07-06,-0.01175587345405594,risk_parity,Equity
2023-07-07,-0.0021390185279637256,risk_parity,Equity
2023-07-10,0.004343947104914722,risk_parity,Equity
2023-07-11,0.01317153220611493,risk_parity,Equity
2023-07-12,0.006997467595076936,risk_parity,Equity
2023-07-13,0.00437370351990117,risk_parity,Equity
2023-07-14,-0.004995489329204128,risk_parity,Equity
2023-07-17,-0.0053141371389395006,risk_parity,Equity
2023-07-18,0.004690097085764627,risk_parity,Equity
2023-07-19,0.006778632935060113,risk_parity,Equity
2023-07-20,0.004674735204333463,risk_parity,Equity
2023-07-21,0.005964581521917187,risk_parity,Equity
2023-07-24,0.004072215055431151,risk_parity,Equity
2023-07-25,0.0019044464160139721,risk_parity,Equity
2023-07-26,0.0022248689978098075,risk_parity,Equity
2023-07-27,-0.005287789430613289,risk_parity,Equity
2023-07-28,0.003193763197522451,risk_parity,Equity
2023-07-31,0.002622645804075752,risk_parity,Equity
2023-08-01,-0.005094491474896842,risk_parity,Equity
2023-08-02,-0.011257196772157651,risk_parity,Equity
2023-08-03,-0.006197881125671003,risk_parity,Equity
2023-08-04,-0.0023727066943243255,risk_parity,Equity
2023-08-07,0.008550390622561292,risk_parity,Equity
2023-08-08,-0.0021517137618418847,risk_parity,Equity
2023-08-09,-0.0003285536519440671,risk_parity,Equity
2023-08-10,0.0008959124909304846,risk_parity,Equity
2023-08-11,0.003026772498846025,risk_parity,Equity
2023-08-14,-0.00010870143431396549,risk_parity,Equity
2023-08-15,-0.012042069984535986,risk_parity,Equity
2023-08-16,-0.0068357297125969645,risk_parity,Equity
2023-08-17,-0.004436812000608275,risk_parity,Equity
2023-08-18,0.001579153874374804,risk_parity,Equity
2023-08-21,-0.0017612520343863497,risk_parity,Equity
2023-08-22,-0.00436764815695636,risk_parity,Equity
2023-08-23,0.0072653830278100705,risk_parity,Equity
2023-08-24,-0.010666364709005678,risk_parity,Equity
2023-08-25,0.0045626302158665154,risk_parity,Equity
2023-08-28,0.007050989877439586,risk_parity,Equity
2023-08-29,0.010842395528167383,risk_parity,Equity
2023-08-30,0.00126420096148079,risk_parity,Equity
2023-08-31,-0.004034679949980057,risk_parity,Equity
2023-09-01,0.0028501142743417906,risk_parity,Equity
2023-09-05,-0.009865877313772463,risk_parity,Equity
2023-09-06,-0.0038318899454869433,risk_parity,Equity
2023-09-07,0.00238145708585776,risk_parity,Equity
2023-09-08,0.0041400249238548155,risk_parity,Equity
2023-09-11,0.0033125463809491155,risk_parity,Equity
2023-09-12,0.0017617120560021629,risk_parity,Equity
2023-09-13,-0.00038731759578066117,risk_parity,Equity
2023-09-14,0.01260372914281281,risk_parity,Equity
2023-09-15,-0.00900058016566359,risk_parity,Equity
2023-09-18,-8.23942544363309e-05,risk_parity,Equity
2023-09-19,-0.0034248166959536595,risk_parity,Equity
2023-09-20,-0.002891234087936276,risk_parity,Equity
2023-09-21,-0.01686832825929591,risk_parity,Equity
2023-09-22,-0.0031939294749026717,risk_parity,Equity
2023-09-25,0.0012577192953324829,risk_parity,Equity
2023-09-26,-0.011605625354321185,risk_parity,Equity
2023-09-27,-0.003609002451673356,risk_parity,Equity
2023-09-28,0.002366663511027545,risk_parity,Equity
2023-09-29,-0.0021419587604320743,risk_parity,Equity
2023-10-02,-0.015269061485411954,risk_parity,Equity
2023-10-03,-0.007709886223271224,risk_parity,Equity
2023-10-04,0.001943810823281906,risk_parity,Equity
2023-10-05,-0.002376347072442976,risk_parity,Equity
2023-10-06,0.009416641797639156,risk_parity,Equity
2023-10-09,0.008924457208879279,risk_parity,Equity
2023-10-10,0.008049853113405012,risk_parity,Equity
2023-10-11,0.003947789537636889,risk_parity,Equity
2023-10-12,-0.008165348355497766,risk_parity,Equity
2023-10-13,0.002674731998771723,risk_parity,Equity
2023-10-16,0.009457927129606154,risk_parity,Equity
2023-10-17,0.0030446017490220437,risk_parity,Equity
2023-10-18,-0.012980406475713685,risk_parity,Equity
2023-10-19,-0.009293832419335311,risk_parity,Equity
2023-10-20,-0.007365382962899177,risk_parity,Equity
2023-10-23,-0.006716818662635314,risk_parity,Equity
2023-10-24,0.010967355859868268,risk_parity,Equity
2023-10-25,-0.009650190988306048,risk_parity,Equity
2023-10-26,-0.0010360395679099338,risk_parity,Equity
2023-10-27,-0.012269222669945195,risk_parity,Equity
2023-10-30,0.008931420442001695,risk_parity,Equity
2023-10-31,0.005092744180160077,risk_parity,Equity
2023-11-01,0.004654886829567882,risk_parity,Equity
2023-11-02,0.02368441313430396,risk_parity,Equity
2023-11-03,0.010974523691493206,risk_parity,Equity
2023-11-06,-0.004011887980649988,risk_parity,Equity
2023-11-07,-0.003811704279038438,risk_parity,Equity
2023-11-08,-0.0019794328589134704,risk_parity,Equity
2023-11-09,-0.010444067746280278,risk_parity,Equity
2023-11-10,0.008912149563368615,risk_parity,Equity
2023-11-13,-0.0010562749371326916,risk_parity,Equity
2023-11-14,0.022376677660837452,risk_parity,Equity
2023-11-15,0.004865161943283193,risk_parity,Equity
2023-11-16,-0.00048610575222809836,risk_parity,Equity
2023-11-17,0.0024123223621352863,risk_parity,Equity
2023-11-20,0.003870730050865214,risk_parity,Equity
2023-11-21,-0.0012734933288592444,risk_parity,Equity
2023-11-22,0.0015001999656888156,risk_parity,Equity
2023-11-24,0.002730991805694344,risk_parity,Equity
2023-11-27,0.00042495216452425797,risk_parity,Equity
2023-11-28,0.002273625698310171,risk_parity,Equity
2023-11-29,0.003685754875190339,risk_parity,Equity
2023-11-30,0.007386985636270593,risk_parity,Equity
2023-12-01,0.009199094693771743,risk_parity,Equity
2023-12-04,-0.0005055922606007751,risk_parity,Equity
2023-12-05,-0.0041584633303260845,risk_parity,Equity
2023-12-06,0.00011887831636847812,risk_parity,Equity
2023-12-07,0.0025952533779426065,risk_parity,Equity
2023-12-08,0.002082849900190459,risk_parity,Equity
2023-12-11,0.0062883994285723764,risk_parity,Equity
2023-12-12,0.0005965236785408883,risk_parity,Equity
2023-12-13,0.021550366056056564,risk_parity,Equity
2023-12-14,0.011274074388669593,risk_parity,Equity
2023-12-15,-0.004400452661979259,risk_parity,Equity
2023-12-18,-0.000853354270233415,risk_parity,Equity
2023-12-19,0.007255467440477295,risk_parity,Equity
2023-12-20,-0.014172990816696533,risk_parity,Equity
2023-12-21,0.007416770606876641,risk_parity,Equity
2023-12-22,0.0035962858675154387,risk_parity,Equity
2023-12-26,0.005206680228448017,risk_parity,Equity
2023-12-27,0.0016853297048407333,risk_parity,Equity
2023-12-28,0.001620731729504042,risk_parity,Equity
2023-12-29,-0.0024548270334131977,risk_parity,Equity
2022-01-03,0.0020252675795858397,hrp,Equity
2022-01-04,0.002288516872898541,hrp,Equity
2022-01-05,-0.006097259835600538,hrp,Equity
2022-01-06,-0.002632453832418297,hrp,Equity
2022-01-07,0.001067111607532802,hrp,Equity
2022-01-10,-0.005267143162724076,hrp,Equity
2022-01-11,0.005465597565341814,hrp,Equity
2022-01-12,0.0026445170141992623,hrp,Equity
2022-01-13,-0.004154326970301571,hrp,Equity
2022-01-14,-0.0011056438447542654,hrp,Equity
2022-01-18,-0.009425675855435718,hrp,Equity
2022-01-19,-0.0025655447644538087,hrp,Equity
2022-01-20,-0.011311652219893798,hrp,Equity
2022-01-21,-0.008778832730786869,hrp,Equity
2022-01-24,0.0011058573261366806,hrp,Equity
2022-01-25,-0.006497015211358138,hrp,Equity
2022-01-26,-0.011526768139935051,hrp,Equity
2022-01-27,-0.002656685384262394,hrp,Equity
2022-01-28,0.0177582881387895,hrp,Equity
2022-01-31,0.012172976947744094,hrp,Equity
2022-02-01,0.0076157659352890025,hrp,Equity
2022-02-02,0.008925973895824914,hrp,Equity
2022-02-03,-0.006351817505519762,hrp,Equity
2022-02-04,-0.004607379894641289,hrp,Equity
2022-02-07,0.0004268996806165815,hrp,Equity
2022-02-08,0.005567695644286393,hrp,Equity
2022-02-09,0.0086110444493623,hrp,Equity
2022-02-10,-0.017429511018721387,hrp,Equity
2022-02-11,-0.007924984705424762,hrp,Equity
2022-02-14,-0.005236622651990598,hrp,Equity
2022-02-15,0.007506055709354332,hrp,Equity
2022-02-16,-0.0011794095965564114,hrp,Equity
2022-02-17,-0.010024407425571836,hrp,Equity
2022-02-18,-0.0065189235073086485,hrp,Equity
2022-02-22,-0.005433356846835314,hrp,Equity
2022-02-23,-0.009731229630760205,hrp,Equity
2022-02-24,0.004053777167926105,hrp,Equity
2022-02-25,0.02442358033704364,hrp,Equity
2022-02-28,-0.006456082152429731,hrp,Equity
2022-03-01,-0.009551826564959854,hrp,Equity
2022-03-02,0.015661556645777692,hrp,Equity
2022-03-03,0.0037097946641517876,hrp,Equity
2022-03-04,0.0014934139412084001,hrp,Equity
2022-03-07,-0.015782579865524757,hrp,Equity
2022-03-08,-0.009628378083563342,hrp,Equity
2022-03-09,0.01250035470971243,hrp,Equity
2022-03-10,-0.00123974767279911,hrp,Equity
2022-03-11,-0.007732736645853702,hrp,Equity
2022-03-14,-0.005878262348154065,hrp,Equity
2022-03-15,0.011551468716343709,hrp,Equity
2022-03-16,0.013330793361747197,hrp,Equity
2022-03-17,0.012377429527589271,hrp,Equity
2022-03-18,0.0044654762758514445,hrp,Equity
2022-03-21,0.0003530004566095588,hrp,Equity
2022-03-22,0.005311751663040915,hrp,Equity
2022-03-23,-0.010409896318498169,hrp,Equity
2022-03-24,0.009035006293898732,hrp,Equity
2022-03-25,0.007714960687295248,hrp,Equity
2022-03-28,0.005256595064901504,hrp,Equity
2022-03-29,0.013078542673673674,hrp,Equity
2022-03-30,-0.0018769683808259742,hrp,Equity
2022-03-31,-0.012378864843009109,hrp,Equity
2022-04-01,0.007374871089265276,hrp,Equity
2022-04-04,0.001421229708198909,hrp,Equity
2022-04-05,-0.006316268296175485,hrp,Equity
2022-04-06,0.005821393505453798,hrp,Equity
2022-04-07,0.00222091379333288,hrp,Equity
2022-04-08,0.0030096672341887293,hrp,Equity
2022-04-11,-0.00978712455936429,hrp,Equity
2022-04-12,-0.0025789425450819243,hrp,Equity
2022-04-13,0.007630620468562639,hrp,Equity
2022-04-14,-0.0008063415766505506,hrp,Equity
2022-04-18,-0.004544198730491219,hrp,Equity
2022-04-19,0.011994732596841114,hrp,Equity
2022-04-20,0.003493369830102429,hrp,Equity
2022-04-21,-0.006966591469097581,hrp,Equity
2022-04-22,-0.02105576370183011,hrp,Equity
2022-04-25,-8.342095071952639e-06,hrp,Equity
2022-04-26,-0.01671281366585025,hrp,Equity
2022-04-27,0.0014321456019365196,hrp,Equity
2022-04-28,0.01295841837954604,hrp,Equity
2022-04-29,-0.03336007590290016,hrp,Equity
2022-05-02,0.0005280164584907016,hrp,Equity
2022-05-03,0.0030646392839919386,hrp,Equity
2022-05-04,0.02742600304841258,hrp,Equity
2022-05-05,-0.01930521684344214,hrp,Equity
2022-05-06,-0.004883113714736317,hrp,Equity
2022-05-09,-0.02104682890568164,hrp,Equity
2022-05-10,-0.00725989145590274,hrp,Equity
2022-05-11,-0.0010757536942489676,hrp,Equity
2022-05-12,0.005495120537064526,hrp,Equity
2022-05-13,0.014764019589836678,hrp,Equity
2022-05-16,0.0023925004582753475,hrp,Equity
2022-05-17,0.007240043616917215,hrp,Equity
2022-05-18,-0.025521906605229582,hrp,Equity
2022-05-19,-0.003857438981111873,hrp,Equity
2022-05-20,0.004277856782849893,hrp,Equity
2022-05-23,0.01486163938124799,hrp,Equity
2022-05-24,0.006214001943121646,hrp,Equity
2022-05-25,0.005110759646674551,hrp,Equity
2022-05-26,0.009060646266180222,hrp,Equity
2022-05-27,0.015507760054649536,hrp,Equity
2022-05-31,-0.006427410055630247,hrp,Equity
2022-06-01,-0.007211048744351276,hrp,Equity
2022-06-02,0.011617548107845998,hrp,Equity
2022-06-03,-0.007704006844583375,hrp,Equity
2022-06-06,-0.0006222215086265741,hrp,Equity
2022-06-07,0.007928184147410422,hrp,Equity
2022-06-08,-0.012862063011237913,hrp,Equity
2022-06-09,-0.020436793771604372,hrp,Equity
2022-06-10,-0.01812214727810714,hrp,Equity
2022-06-13,-0.035167300845326946,hrp,Equity
2022-06-14,-0.010861564339646492,hrp,Equity
2022-06-15,0.00882315103483262,hrp,Equity
2022-06-16,-0.019745243897277585,hrp,Equity
2022-06-17,-0.0019223246729189337,hrp,Equity
2022-06-21,0.021930751025370124,hrp,Equity
2022-06-22,0.0035536059065419557,hrp,Equity
2022-06-23,0.010838575652889051,hrp,Equity
2022-06-24,0.021737004170950928,hrp,Equity
2022-06-27,-0.0022372010740713236,hrp,Equity
2022-06-28,-0.011094131181812742,hrp,Equity
2022-06-29,0.0004572808191493918,hrp,Equity
2022-06-30,-0.004569667410307874,hrp,Equity
2022-07-01,0.014402495166561937,hrp,Equity
2022-07-05,-0.005731443461936362,hrp,Equity
2022-07-06,0.0009935636365472366,hrp,Equity
2022-07-07,0.0053370993241642515,hrp,Equity
2022-07-08,-0.002506974763529339,hrp,Equity
2022-07-11,-0.0027996516481322686,hrp,Equity
2022-07-12,-0.004045834090932076,hrp,Equity
2022-07-13,-0.003741782333477369,hrp,Equity
2022-07-14,-0.0024919902180275226,hrp,Equity
2022-07-15,0.014994940747352322,hrp,Equity
2022-07-18,-0.009674122079339247,hrp,Equity
2022-07-19,0.019580933693321333,hrp,Equity
2022-07-20,-0.003761208332633632,hrp,Equity
2022-07-21,0.0026816130703417765,hrp,Equity
2022-07-22,-0.001479902289121656,hrp,Equity
2022-07-25,0.0013690801723459133,hrp,Equity
2022-07-26,-0.0017843202726772229,hrp,Equity
2022-07-27,0.006040564634852713,hrp,Equity
2022-07-28,0.010606651653397582,hrp,Equity
2022-07-29,0.003843261241362855,hrp,Equity
2022-08-01,-0.0021129995538909456,hrp,Equity
2022-08-02,-0.008805377203294364,hrp,Equity
2022-08-03,0.008506720447649592,hrp,Equity
2022-08-04,-0.0007099832871957663,hrp,Equity
2022-08-05,-0.0008147428959918996,hrp,Equity
2022-08-08,0.0019250518241837721,hrp,Equity
2022-08-09,0.0008298701459452598,hrp,Equity
2022-08-10,0.012891306069160086,hrp,Equity
2022-08-11,0.0018919987642228991,hrp,Equity
2022-08-12,0.014622114812662209,hrp,Equity
2022-08-15,0.006178842640786368,hrp,Equity
2022-08-16,0.004444227435714501,hrp,Equity
2022-08-17,-0.0073365816054443995,hrp,Equity
2022-08-18,0.00021354388856223636,hrp,Equity
2022-08-19,-0.0059348589780820055,hrp,Equity
2022-08-22,-0.017186698941515584,hrp,Equity
2022-08-23,-0.0035550734164871223,hrp,Equity
2022-08-24,0.000891065196252294,hrp,Equity
2022-08-25,0.01069641522902057,hrp,Equity
2022-08-26,-0.026734295063465405,hrp,Equity
2022-08-29,-0.004853007763786307,hrp,Equity
2022-08-30,-0.010207909135486757,hrp,Equity
2022-08-31,-0.005712829140738337,hrp,Equity
2022-09-01,0.007240750585479515,hrp,Equity
2022-09-02,-0.012083343815164784,hrp,Equity
2022-09-06,-0.0029752266155089876,hrp,Equity
2022-09-07,0.01720129903251997,hrp,Equity
2022-09-08,0.0025466448155446733,hrp,Equity
2022-09-09,0.011192847962251153,hrp,Equity
2022-09-12,0.008580075095102955,hrp,Equity
2022-09-13,-0.035144842229698534,hrp,Equity
2022-09-14,0.0015055036750423545,hrp,Equity
2022-09-15,-0.013932331616051143,hrp,Equity
2022-09-16,-0.003129979177205066,hrp,Equity
2022-09-19,0.0045098780908725804,hrp,Equity
2022-09-20,-0.01432308839889859,hrp,Equity
2022-09-21,-0.015506551754449567,hrp,Equity
2022-09-22,-0.004085393153384908,hrp,Equity
2022-09-23,-0.016234368750235553,hrp,Equity
2022-09-26,-0.014319487888623849,hrp,Equity
2022-09-27,-0.006644583383826439,hrp,Equity
2022-09-28,0.01838721940704767,hrp,Equity
2022-09-29,-0.019430682196516287,hrp,Equity
2022-09-30,-0.014604707824193701,hrp,Equity
2022-10-03,0.027623734790186486,hrp,Equity
2022-10-04,0.024478210272323386,hrp,Equity
2022-10-05,-0.00614912274188029,hrp,Equity
2022-10-06,-0.015549585317906765,hrp,Equity
2022-10-07,-0.02064134274107696,hrp,Equity
2022-10-10,-0.0017311039317829693,hrp,Equity
2022-10-11,0.0019861871077136014,hrp,Equity
2022-10-12,-0.007747042704559228,hrp,Equity
2022-10-13,0.02502737630178546,hrp,Equity
2022-10-14,-0.015551095301837518,hrp,Equity
2022-10-17,0.019353897460210944,hrp,Equity
2022-10-18,0.012991628550980556,hrp,Equity
2022-10-19,-0.012097289405982654,hrp,Equity
2022-10-20,-0.004918901303376126,hrp,Equity
2022-10-21,0.020051580956474427,hrp,Equity
2022-10-24,0.011816042112059038,hrp,Equity
2022-10-25,0.015205441643966366,hrp,Equity
2022-10-26,0.008180719712918089,hrp,Equity
2022-10-27,-0.00019610235433351083,hrp,Equity
2022-10-28,0.02419755530695737,hrp,Equity
2022-10-31,-0.007335320346048759,hrp,Equity
2022-11-01,0.0006550556193541762,hrp,Equity
2022-11-02,-0.015347337985534504,hrp,Equity
2022-11-03,-0.0036607989716626573,hrp,Equity
2022-11-04,0.01415528480251156,hrp,Equity
2022-11-07,0.004336019809744138,hrp,Equity
2022-11-08,0.007826707744281593,hrp,Equity
2022-11-09,-0.015343344606946857,hrp,Equity
2022-11-10,0.040354877477365145,hrp,Equity
2022-11-11,0.004292526487523919,hrp,Equity
2022-11-14,-0.008886163249505653,hrp,Equity
2022-11-15,0.009150099971032177,hrp,Equity
2022-11-16,-0.004140126669463317,hrp,Equity
2022-11-17,-0.0020629076600852023,hrp,Equity
2022-11-18,0.007687842194858815,hrp,Equity
2022-11-21,0.003485689759810267,hrp,Equity
2022-11-22,0.011170527384723211,hrp,Equity
2022-11-23,0.004185690840078061,hrp,Equity
2022-11-25,0.0026132216368531013,hrp,Equity
2022-11-28,-0.014665994722253196,hrp,Equity
2022-11-29,0.0024166900586055813,hrp,Equity
2022-11-30,0.021186884283441013,hrp,Equity
2022-12-01,0.0007948962074368241,hrp,Equity
2022-12-02,0.002133207692941581,hrp,Equity
2022-12-05,-0.014512279523109049,hrp,Equity
2022-12-06,-0.008321760900780698,hrp,Equity
2022-12-07,0.0012435413756580903,hrp,Equity
2022-12-08,0.006040820236261804,hrp,Equity
2022-12-09,-0.009603654004134887,hrp,Equity
2022-12-12,0.01436975033780475,hrp,Equity
2022-12-13,0.0054872818481794565,hrp,Equity
2022-12-14,-0.006265165935059323,hrp,Equity
2022-12-15,-0.01903871238561711,hrp,Equity
2022-12-16,-0.008661640180322512,hrp,Equity
2022-12-19,-0.006425337247638364,hrp,Equity
2022-12-20,0.0014635034510198884,hrp,Equity
2022-12-21,0.014717858573534299,hrp,Equity
2022-12-22,-0.007047477572385037,hrp,Equity
2022-12-23,0.0055502635121488925,hrp,Equity
2022-12-27,0.0012087239506491784,hrp,Equity
2022-12-28,-0.011832631149300615,hrp,Equity
2022-12-29,0.011818121145683879,hrp,Equity
2022-12-30,-0.003078729493061672,hrp,Equity
2023-01-03,0.005137857331508622,hrp,Equity
2023-01-04,0.01552587152888634,hrp,Equity
2023-01-05,-0.00640199584032215,hrp,Equity
2023-01-06,0.021357329967178255,hrp,Equity
2023-01-09,-0.004359049849094871,hrp,Equity
2023-01-10,0.005564395521424592,hrp,Equity
2023-01-11,0.007737827354307162,hrp,Equity
2023-01-12,0.0016099488923252685,hrp,Equity
2023-01-13,0.0029156909020715137,hrp,Equity
2023-01-17,-0.005556678493330323,hrp,Equity
2023-01-18,-0.018054540893841793,hrp,Equity
2023-01-19,-0.006247449226565681,hrp,Equity
2023-01-20,0.012144350995113927,hrp,Equity
2023-01-23,0.007062432939679256,hrp,Equity
2023-01-24,-0.0021755909721427077,hrp,Equity
2023-01-25,0.0028279773842538524,hrp,Equity
2023-01-26,0.0029957999125949453,hrp,Equity
2023-01-27,-0.0008040913354873365,hrp,Equity
2023-01-30,-0.006838821009152867,hrp,Equity
2023-01-31,0.011322143798035944,hrp,Equity
2023-02-01,0.0013818527445404176,hrp,Equity
2023-02-02,-0.0023627017406721313,hrp,Equity
2023-02-03,-0.010893284575389968,hrp,Equity
2023-02-06,-0.0036521890331076778,hrp,Equity
2023-02-07,0.0066485157634677185,hrp,Equity
2023-02-08,-0.008584376557020466,hrp,Equity
2023-02-09,-0.006763218931260413,hrp,Equity
2023-02-10,0.00906163624201676,hrp,Equity
2023-02-13,0.00902909333674977,hrp,Equity
2023-02-14,-0.005201478120712231,hrp,Equity
2023-02-15,0.001275832846602879,hrp,Equity
2023-02-16,-0.011914281464513931,hrp,Equity
2023-02-17,0.004053274251387732,hrp,Equity
2023-02-21,-0.013538383400176244,hrp,Equity
2023-02-22,-0.005444843420768265,hrp,Equity
2023-02-23,0.0016169484739643645,hrp,Equity
2023-02-24,-0.008223363874893589,hrp,Equity
2023-02-27,0.0010398961898449477,hrp,Equity
2023-02-28,-0.005082217727851729,hrp,Equity
2023-03-01,-0.002095518406851808,hrp,Equity
2023-03-02,0.009480756982951977,hrp,Equity
2023-03-03,0.01082855046096807,hrp,Equity
2023-03-06,0.0006619870434059868,hrp,Equity
2023-03-07,-0.015691894652946407,hrp,Equity
2023-03-08,-0.0007542631252399608,hrp,Equity
2023-03-09,-0.01491831452194522,hrp,Equity
2023-03-10,-0.009439105000137086,hrp,Equity
2023-03-13,0.001145483058789465,hrp,Equity
2023-03-14,0.010874260605261726,hrp,Equity
2023-03-15,-0.002989356291951085,hrp,Equity
2023-03-16,0.008511860096660167,hrp,Equity
2023-03-17,-0.01244338632442704,hrp,Equity
2023-03-20,0.012036040445126505,hrp,Equity
2023-03-21,0.0038497931919280336,hrp,Equity
2023-03-22,-0.01877899896974052,hrp,Equity
2023-03-23,0.0027704517647246948,hrp,Equity
2023-03-24,0.011081487249003659,hrp,Equity
2023-03-27,0.004106746356184122,hrp,Equity
2023-03-28,0.0009660892588953813,hrp,Equity
2023-03-29,0.012395074640465945,hrp,Equity
2023-03-30,0.004174396483254986,hrp,Equity
2023-03-31,0.012519781179833413,hrp,Equity
2023-04-03,0.006075810364285546,hrp,Equity
2023-04-04,-0.0021205693482643172,hrp,Equity
2023-04-05,0.008412268703971298,hrp,Equity
2023-04-06,0.00029309648783903746,hrp,Equity
2023-04-10,0.0009061178262126243,hrp,Equity
2023-04-11,0.001513326687897011,hrp,Equity
2023-04-12,-0.0013377209143324053,hrp,Equity
2023-04-13,0.007982492846530393,hrp,Equity
2023-04-14,-0.005809637039695802,hrp,Equity
2023-04-17,0.0044435758033444135,hrp,Equity
2023-04-18,-0.0007896149557445144,hrp,Equity
2023-04-19,0.0024217510540833686,hrp,Equity
2023-04-20,-0.0063843375761715735,hrp,Equity
2023-04-21,0.0024875638411424815,hrp,Equity
2023-04-24,0.0015819206472219801,hrp,Equity
2023-04-25,-0.009276163647967559,hrp,Equity
2023-04-26,-0.014657924091889103,hrp,Equity
2023-04-27,0.011512168814192786,hrp,Equity
2023-04-28,0.0063487836747341255,hrp,Equity
2023-05-01,-0.0024016140259375254,hrp,Equity
2023-05-02,-0.012832397262933316,hrp,Equity
2023-05-03,-0.010221600582273133,hrp,Equity
2023-05-04,-0.0027510124398461198,hrp,Equity
2023-05-05,0.013486181288337604,hrp,Equity
2023-05-08,-0.001541784988884076,hrp,Equity
2023-05-09,-0.004610285914314387,hrp,Equity
2023-05-10,-0.0008268900611955456,hrp,Equity
2023-05-11,-0.006393873034654579,hrp,Equity
2023-05-12,0.0004873012504637135,hrp,Equity
2023-05-15,0.0006699470494994865,hrp,Equity
2023-05-16,-0.016292796004109614,hrp,Equity
2023-05-17,0.006475974948447101,hrp,Equity
2023-05-18,0.00269455889473524,hrp,Equity
2023-05-19,-0.0012302315509899503,hrp,Equity
2023-05-22,-0.0007448121929450021,hrp,Equity
2023-05-23,-0.006969839196830117,hrp,Equity
2023-05-24,-0.008917693390598188,hrp,Equity
2023-05-25,-0.009426960680450668,hrp,Equity
2023-05-26,0.003834619602713951,hrp,Equity
2023-05-30,-0.0035760384199672104,hrp,Equity
2023-05-31,0.0008626997073747073,hrp,Equity
2023-06-01,0.0007325574868281781,hrp,Equity
2023-06-02,0.01704979617129765,hrp,Equity
2023-06-05,-0.003180110195566355,hrp,Equity
2023-06-06,-0.0008886330844593181,hrp,Equity
2023-06-07,0.006716691757396443,hrp,Equity
2023-06-08,0.00518889274298257,hrp,Equity
2023-06-09,-0.0028720757455902974,hrp,Equity
2023-06-12,0.0026986214349764134,hrp,Equity
2023-06-13,0.005936404491171288,hrp,Equity
2023-06-14,-0.00024511916288289535,hrp,Equity
2023-06-15,0.011115249834216443,hrp,Equity
2023-06-16,0.002052925179674702,hrp,Equity
2023-06-20,-0.010747990563593157,hrp,Equity
2023-06-21,-0.001571406648632923,hrp,Equity
2023-06-22,-0.000991168182620633,hrp,Equity
2023-06-23,-0.006918215926295824,hrp,Equity
2023-06-26,0.005071427898897223,hrp,Equity
2023-06-27,0.0035239462204450013,hrp,Equity
2023-06-28,-0.002622161096711159,hrp,Equity
2023-06-29,0.004381394632704347,hrp,Equity
2023-06-30,0.008449249670820239,hrp,Equity
2023-07-03,0.0051006819062356466,hrp,Equity
2023-07-05,-0.002008153032510662,hrp,Equity
2023-07-06,-0.011014079394251192,hrp,Equity
2023-07-07,-0.0048766529012259485,hrp,Equity
2023-07-10,0.003964151385681013,hrp,Equity
2023-07-11,0.01223189452103655,hrp,Equity
2023-07-12,0.0053268039561067205,hrp,Equity
2023-07-13,0.0038291358058037046,hrp,Equity
2023-07-14,-0.0035316646037431526,hrp,Equity
2023-07-17,-0.006194412688262666,hrp,Equity
2023-07-18,0.004029263089235855,hrp,Equity
2023-07-19,0.0075595966218754695,hrp,Equity
2023-07-20,0.0075938343508576735,hrp,Equity
2023-07-21,0.006817461210537821,hrp,Equity
2023-07-24,0.0023858471481940694,hrp,Equity
2023-07-25,0.0010863379896307941,hrp,Equity
2023-07-26,0.0022576273586993574,hrp,Equity
2023-07-27,-0.005349183101860889,hrp,Equity
2023-07-28,0.0029281903448587013,hrp,Equity
2023-07-31,0.00023852927063421823,hrp,Equity
2023-08-01,-0.005549441178673825,hrp,Equity
2023-08-02,-0.010058970713021262,hrp,Equity
2023-08-03,-0.006725694702425971,hrp,Equity
2023-08-04,-0.001478415373296706,hrp,Equity
2023-08-07,0.00931584734913016,hrp,Equity
2023-08-08,-0.0021768286192361624,hrp,Equity
2023-08-09,0.00025218194925057455,hrp,Equity
2023-08-10,0.0011669253374790658,hrp,Equity
2023-08-11,0.0031852390772256567,hrp,Equity
2023-08-14,-0.0006990548303333655,hrp,Equity
2023-08-15,-0.010433321493589906,hrp,Equity
2023-08-16,-0.005476772506119246,hrp,Equity
2023-08-17,-0.005093442197088665,hrp,Equity
2023-08-18,0.0014102543927881626,hrp,Equity
2023-08-21,-0.0023360898429006724,hrp,Equity
2023-08-22,-0.0034735381848159737,hrp,Equity
2023-08-23,0.006872106634669709,hrp,Equity
2023-08-24,-0.010316350237721133,hrp,Equity
2023-08-25,0.004122256054222128,hrp,Equity
2023-08-28,0.006556073064676309,hrp,Equity
2023-08-29,0.010361009748200143,hrp,Equity
2023-08-30,0.0009607140410005591,hrp,Equity
2023-08-31,-0.004762583911474331,hrp,Equity
2023-09-01,0.001144366834870486,hrp,Equity
2023-09-05,-0.010813888041337604,hrp,Equity
2023-09-06,-0.003584074968425428,hrp,Equity
2023-09-07,0.003690265080920628,hrp,Equity
2023-09-08,0.004018170370029379,hrp,Equity
2023-09-11,0.0042937809306334606,hrp,Equity
2023-09-12,0.00014538879036940153,hrp,Equity
2023-09-13,0.0002734075542451964,hrp,Equity
2023-09-14,0.012188921128527253,hrp,Equity
2023-09-15,-0.008459928307642762,hrp,Equity
2023-09-18,-0.0003031091320478744,hrp,Equity
2023-09-19,-0.0022302653343473046,hrp,Equity
2023-09-20,-0.0012053415880454227,hrp,Equity
2023-09-21,-0.015492227659689195,hrp,Equity
2023-09-22,-0.003230663359212721,hrp,Equity
2023-09-25,0.00028268409736116373,hrp,Equity
2023-09-26,-0.010591225202261025,hrp,Equity
2023-09-27,-0.0056330981513785785,hrp,Equity
2023-09-28,0.001954778655866453,hrp,Equity
2023-09-29,-0.0024744778258375994,hrp,Equity
2023-10-02,-0.014652324522966232,hrp,Equity
2023-10-03,-0.007316900178696819,hrp,Equity
2023-10-04,0.0027475986263021113,hrp,Equity
2023-10-05,-0.003593327145101367,hrp,Equity
2023-10-06,0.008135397503184783,hrp,Equity
2023-10-09,0.007182343161566864,hrp,Equity
2023-10-10,0.008655812908672553,hrp,Equity
2023-10-11,0.003227706654202802,hrp,Equity
2023-10-12,-0.008135646798941442,hrp,Equity
2023-10-13,0.0028650346594273927,hrp,Equity
2023-10-16,0.008885127843792886,hrp,Equity
2023-10-17,0.003337188494644742,hrp,Equity
2023-10-18,-0.011462488774036404,hrp,Equity
2023-10-19,-0.007884675622847245,hrp,Equity
2023-10-20,-0.004949702443106744,hrp,Equity
2023-10-23,-0.006296947367898889,hrp,Equity
2023-10-24,0.012709741284802996,hrp,Equity
2023-10-25,-0.007834894756241906,hrp,Equity
2023-10-26,-0.0018882514191628256,hrp,Equity
2023-10-27,-0.013863057065253745,hrp,Equity
2023-10-30,0.00904970914641579,hrp,Equity
2023-10-31,0.005551874024043581,hrp,Equity
2023-11-01,0.004470652339740901,hrp,Equity
2023-11-02,0.02088829959904683,hrp,Equity
2023-11-03,0.009576159589235151,hrp,Equity
2023-11-06,-0.003586921786588878,hrp,Equity
2023-11-07,-0.0031079559421157495,hrp,Equity
2023-11-08,-0.002438688956265961,hrp,Equity
2023-11-09,-0.010455081643100788,hrp,Equity
2023-11-10,0.00790931635172742,hrp,Equity
2023-11-13,-0.001223665155068441,hrp,Equity
2023-11-14,0.020783911654192928,hrp,Equity
2023-11-15,0.005182143596612836,hrp,Equity
2023-11-16,-0.0006856206572962379,hrp,Equity
2023-11-17,0.0015705763709319455,hrp,Equity
2023-11-20,0.003424026940427138,hrp,Equity
2023-11-21,-0.00012609217135346265,hrp,Equity
2023-11-22,0.0013948484248824844,hrp,Equity
2023-11-24,0.0029674643566633564,hrp,Equity
2023-11-27,0.00030827920757586763,hrp,Equity
2023-11-28,0.0021591941812353567,hrp,Equity
2023-11-29,0.003147026146527966,hrp,Equity
2023-11-30,0.008450532659550541,hrp,Equity
2023-12-01,0.008517350924974146,hrp,Equity
2023-12-04,0.0005071313833817685,hrp,Equity
2023-12-05,-0.0026938437149589918,hrp,Equity
2023-12-06,0.00017756448072527974,hrp,Equity
2023-12-07,0.000725317417269678,hrp,Equity
2023-12-08,0.0013511336872574146,hrp,Equity
2023-12-11,0.006129826929850214,hrp,Equity
2023-12-12,0.0011901853253028032,hrp,Equity
2023-12-13,0.02072287243840701,hrp,Equity
2023-12-14,0.007348002058357513,hrp,Equity
2023-12-15,-0.0050729501877232,hrp,Equity
2023-12-18,-0.0001969421928393962,hrp,Equity
2023-12-19,0.006353994967483261,hrp,Equity
2023-12-20,-0.013943961922484297,hrp,Equity
2023-12-21,0.007413910417461635,hrp,Equity
2023-12-22,0.004320810830487376,hrp,Equity
2023-12-26,0.004029147851086244,hrp,Equity
2023-12-27,0.002189939643235298,hrp,Equity
2023-12-28,0.0023396161212057556,hrp,Equity
2023-12-29,-0.0018864102655448032,hrp,Equity
2021-05-20,0.14700206982203626,equal_weight,Crypto
2021-05-21,-0.1408603473018848,equal_weight,Crypto
2021-05-22,-0.06160251327788788,equal_weight,Crypto
2021-05-23,-0.1129073822434224,equal_weight,Crypto
2021-05-24,0.2529235672798113,equal_weight,Crypto
2021-05-25,0.0028286933522609597,equal_weight,Crypto
2021-05-26,0.07066872279801244,equal_weight,Crypto
2021-05-27,-0.03622452964270197,equal_weight,Crypto
2021-05-28,-0.08364161267040388,equal_weight,Crypto
2021-05-29,-0.05675666284012572,equal_weight,Crypto
2021-05-30,0.04599013554369838,equal_weight,Crypto
2021-05-31,0.09017948488864361,equal_weight,Crypto
2021-06-01,-0.019186745025294896,equal_weight,Crypto
2021-06-02,0.01568630356701275,equal_weight,Crypto
2021-06-03,0.03417599714809401,equal_weight,Crypto
2021-06-04,-0.07013513415978842,equal_weight,Crypto
2021-06-05,-0.03151695830923769,equal_weight,Crypto
2021-06-06,0.017874280878071483,equal_weight,Crypto
2021-06-07,-0.08261493454301594,equal_weight,Crypto
2021-06-08,-0.0010986656821033386,equal_weight,Crypto
2021-06-09,0.05692371448042062,equal_weight,Crypto
2021-06-10,-0.0467902209683756,equal_weight,Crypto
2021-06-11,-0.034612165788076216,equal_weight,Crypto
2021-06-12,-0.006108771207590479,equal_weight,Crypto
2021-06-13,0.06060711073488845,equal_weight,Crypto
2021-06-14,0.012104542324334043,equal_weight,Crypto
2021-06-15,0.012503131044355522,equal_weight,Crypto
2021-06-16,-0.0697520672369448,equal_weight,Crypto
2021-06-17,0.009720760770419102,equal_weight,Crypto
2021-06-18,-0.05772062088488967,equal_weight,Crypto
2021-06-19,-0.020498713298390713,equal_weight,Crypto
2021-06-20,0.011456111133318935,equal_weight,Crypto
2021-06-21,-0.19019405150636529,equal_weight,Crypto
2021-06-22,-0.034837352458124686,equal_weight,Crypto
2021-06-23,0.0855970046606085,equal_weight,Crypto
2021-06-24,0.06135694304332537,equal_weight,Crypto
2021-06-25,-0.08057487382765759,equal_weight,Crypto
2021-06-26,0.011936020786419109,equal_weight,Crypto
2021-06-27,0.05340874980562807,equal_weight,Crypto
2021-06-28,0.018891398769319223,equal_weight,Crypto
2021-06-29,0.07656251270863891,equal_weight,Crypto
2021-06-30,0.010229283835137904,equal_weight,Crypto
2021-07-01,-0.052857881690813346,equal_weight,Crypto
2021-07-02,0.006644821951439307,equal_weight,Crypto
2021-07-03,0.022742221109748106,equal_weight,Crypto
2021-07-04,0.02195183945789651,equal_weight,Crypto
2021-07-05,-0.04758275314865554,equal_weight,Crypto
2021-07-06,0.018173860759549767,equal_weight,Crypto
2021-07-07,-0.01356780382657763,equal_weight,Crypto
2021-07-08,-0.04999297514892138,equal_weight,Crypto
2021-07-09,0.03256800205560832,equal_weight,Crypto
2021-07-10,-0.01606017871014616,equal_weight,Crypto
2021-07-11,0.01105089689578709,equal_weight,Crypto
2021-07-12,-0.021458439480235236,equal_weight,Crypto
2021-07-13,-0.032729916190515705,equal_weight,Crypto
2021-07-14,0.005343652094854679,equal_weight,Crypto
2021-07-15,-0.033657562374154494,equal_weight,Crypto
2021-07-16,-0.02451103417517737,equal_weight,Crypto
2021-07-17,-0.0020961608637220745,equal_weight,Crypto
2021-07-18,0.0029498340208449774,equal_weight,Crypto
2021-07-19,-0.048431026233618495,equal_weight,Crypto
2021-07-20,-0.039675775806226554,equal_weight,Crypto
2021-07-21,0.08404642491288189,equal_weight,Crypto
2021-07-22,0.035105539490129026,equal_weight,Crypto
2021-07-23,0.030230782391342626,equal_weight,Crypto
2021-07-24,0.02087857317535161,equal_weight,Crypto
2021-07-25,-0.0013191821921649028,equal_weight,Crypto
2021-07-26,0.024043643109556537,equal_weight,Crypto
2021-07-27,0.026644279596079668,equal_weight,Crypto
2021-07-28,0.025869776100008457,equal_weight,Crypto
2021-07-29,0.018439540828283675,equal_weight,Crypto
2021-07-30,0.02907854641851262,equal_weight,Crypto
2021-07-31,0.00498091412772671,equal_weight,Crypto
2021-08-01,-0.022758807451950847,equal_weight,Crypto
2021-08-02,0.010486102598031722,equal_weight,Crypto
2021-08-03,-0.015388954950252167,equal_weight,Crypto
2021-08-04,0.03586243098793669,equal_weight,Crypto
2021-08-05,0.0162912139985419,equal_weight,Crypto
2021-08-06,0.022413974415808856,equal_weight,Crypto
2021-08-07,0.07056124046525344,equal_weight,Crypto
2021-08-08,-0.044867926635484945,equal_weight,Crypto
2021-08-09,0.053636190115404374,equal_weight,Crypto
2021-08-10,0.01922318186200601,equal_weight,Crypto
2021-08-11,0.06307775869864235,equal_weight,Crypto
2021-08-12,-0.021826703867775823,equal_weight,Crypto
2021-08-13,0.10036157544278568,equal_weight,Crypto
2021-08-14,0.0461467226724572,equal_weight,Crypto
2021-08-15,0.01899541951065865,equal_weight,Crypto
2021-08-16,-0.044065728043762666,equal_weight,Crypto
2021-08-17,-0.06500531543194384,equal_weight,Crypto
2021-08-18,0.013070150055442396,equal_weight,Crypto
2021-08-19,0.06192229008871089,equal_weight,Crypto
2021-08-20,0.038683251853805764,equal_weight,Crypto
2021-08-21,-0.02392748511978322,equal_weight,Crypto
2021-08-22,0.018669111161964916,equal_weight,Crypto
2021-08-23,0.02087886156926002,equal_weight,Crypto
2021-08-24,-0.06750241932459834,equal_weight,Crypto
2021-08-25,0.02174154514931408,equal_weight,Crypto
2021-08-26,-0.06146006562904986,equal_weight,Crypto
2021-08-27,0.07269710012304198,equal_weight,Crypto
2021-08-28,-0.010523062092153713,equal_weight,Crypto
2021-08-29,-4.2230907735907525e-05,equal_weight,Crypto
2021-08-30,-0.03427301946401956,equal_weight,Crypto
2021-08-31,0.033926461457846724,equal_weight,Crypto
2021-09-01,0.05544915718852714,equal_weight,Crypto
2021-09-02,0.011792504731032993,equal_weight,Crypto
2021-09-03,0.04657082039539469,equal_weight,Crypto
2021-09-04,-0.010212329589721382,equal_weight,Crypto
2021-09-05,0.056626714700174774,equal_weight,Crypto
2021-09-06,0.006357202425683395,equal_weight,Crypto
2021-09-07,-0.16764027258755143,equal_weight,Crypto
2021-09-08,0.0004307836574903973,equal_weight,Crypto
2021-09-09,0.002673009912500279,equal_weight,Crypto
2021-09-10,-0.042101786452271174,equal_weight,Crypto
2021-09-11,0.029784970815188095,equal_weight,Crypto
2021-09-12,0.03900898067552668,equal_weight,Crypto
2021-09-13,-0.043186748837215544,equal_weight,Crypto
2021-09-14,0.03937859648466578,equal_weight,Crypto
2021-09-15,0.033761799679333064,equal_weight,Crypto
2021-09-16,-0.02260339800954957,equal_weight,Crypto
2021-09-17,-0.02821032375523107,equal_weight,Crypto
2021-09-18,0.014642044853208722,equal_weight,Crypto
2021-09-19,-0.035910362635661094,equal_weight,Crypto
2021-09-20,-0.11422485591169482,equal_weight,Crypto
2021-09-21,-0.05343634371662165,equal_weight,Crypto
2021-09-22,0.10935609613773782,equal_weight,Crypto
2021-09-23,0.01626576948492713,equal_weight,Crypto
2021-09-24,-0.06248339107083246,equal_weight,Crypto
2021-09-25,-0.004266625386774614,equal_weight,Crypto
2021-09-26,-0.006350457317357295,equal_weight,Crypto
2021-09-27,-0.031077363869180547,equal_weight,Crypto
2021-09-28,-0.032985894716289745,equal_weight,Crypto
2021-09-29,0.025201653417809958,equal_weight,Crypto
2021-09-30,0.03985386657347911,equal_weight,Crypto
2021-10-01,0.08583803887920276,equal_weight,Crypto
2021-10-02,0.01314684618977272,equal_weight,Crypto
2021-10-03,0.016058019141841507,equal_weight,Crypto
2021-10-04,-0.0148396687445018,equal_weight,Crypto
2021-10-05,0.03911206691222192,equal_weight,Crypto
2021-10-06,0.02631207745706715,equal_weight,Crypto
2021-10-07,-0.00638939697911447,equal_weight,Crypto
2021-10-08,-0.00968783863579299,equal_weight,Crypto
2021-10-09,0.039018902838405284,equal_weight,Crypto
2021-10-10,-0.039372271971353526,equal_weight,Crypto
2021-10-11,0.01616616745924252,equal_weight,Crypto
2021-10-12,-0.02450992776943369,equal_weight,Crypto
2021-10-13,0.03190285056564601,equal_weight,Crypto
2021-10-14,0.008162714258494455,equal_weight,Crypto
2021-10-15,0.021102700113018333,equal_weight,Crypto
2021-10-16,0.002720576167623345,equal_weight,Crypto
2021-10-17,-0.015497446977474582,equal_weight,Crypto
2021-10-18,-0.005306693572157262,equal_weight,Crypto
2021-10-19,0.012977207830322194,equal_weight,Crypto
2021-10-20,0.051224364064108824,equal_weight,Crypto
2021-10-21,-0.034430299987499836,equal_weight,Crypto
2021-10-22,-0.009454713940141793,equal_weight,Crypto
2021-10-23,0.019371535732781185,equal_weight,Crypto
2021-10-24,-0.014741306991866012,equal_weight,Crypto
2021-10-25,0.018419186895322202,equal_weight,Crypto
2021-10-26,-0.012946919667983725,equal_weight,Crypto
2021-10-27,-0.09185131642847817,equal_weight,Crypto
2021-10-28,0.056729009743049105,equal_weight,Crypto
2021-10-29,0.029088612824405093,equal_weight,Crypto
2021-10-30,-0.010681812392085377,equal_weight,Crypto
2021-10-31,0.014693243654273571,equal_weight,Crypto
2021-11-01,-0.004326641926342823,equal_weight,Crypto
2021-11-02,0.033065335844914154,equal_weight,Crypto
2021-11-03,0.01674063604824131,equal_weight,Crypto
2021-11-04,-0.02555910524069758,equal_weight,Crypto
2021-11-05,-0.010200996638369953,equal_weight,Crypto
2021-11-06,-0.004239194414665415,equal_weight,Crypto
2021-11-07,0.023886360748030924,equal_weight,Crypto
2021-11-08,0.060246401128590546,equal_weight,Crypto
2021-11-09,0.058033521566359034,equal_weight,Crypto
2021-11-10,-0.052120905365666895,equal_weight,Crypto
2021-11-11,0.011579788077556885,equal_weight,Crypto
2021-11-12,-0.021045339029769496,equal_weight,Crypto
2021-11-13,0.012155992174102794,equal_weight,Crypto
2021-11-14,0.011670347080749634,equal_weight,Crypto
2021-11-15,-0.014913367152786263,equal_weight,Crypto
2021-11-16,-0.0853953676242598,equal_weight,Crypto
2021-11-17,0.005029029807759611,equal_weight,Crypto
2021-11-18,-0.06659550799716892,equal_weight,Crypto
2021-11-19,0.050189937841265554,equal_weight,Crypto
2021-11-20,0.01576936969310213,equal_weight,Crypto
2021-11-21,-0.01876418665940255,equal_weight,Crypto
2021-11-22,-0.036598052294896724,equal_weight,Crypto
2021-11-23,0.02241482154078316,equal_weight,Crypto
2021-11-24,-0.024994581710023545,equal_weight,Crypto
2021-11-25,0.009420096135543754,equal_weight,Crypto
2021-11-26,-0.06649545894871833,equal_weight,Crypto
2021-11-27,0.01136172499470266,equal_weight,Crypto
2021-11-28,0.021529982658934313,equal_weight,Crypto
2021-11-29,0.017998706153176246,equal_weight,Crypto
2021-11-30,0.0029870595108775207,equal_weight,Crypto
2021-12-01,-0.004816033852340695,equal_weight,Crypto
2021-12-02,0.0029771478098470144,equal_weight,Crypto
2021-12-03,-0.054804135310390995,equal_weight,Crypto
2021-12-04,-0.09966679308991833,equal_weight,Crypto
2021-12-05,-0.025153555791845417,equal_weight,Crypto
2021-12-06,0.040040442806494346,equal_weight,Crypto
2021-12-07,-0.005612405331474191,equal_weight,Crypto
2021-12-08,0.03731739189615066,equal_weight,Crypto
2021-12-09,-0.06974011815598744,equal_weight,Crypto
2021-12-10,-0.03764782144196946,equal_weight,Crypto
2021-12-11,0.062185845911676044,equal_weight,Crypto
2021-12-12,0.0005450006496776847,equal_weight,Crypto
2021-12-13,-0.08065923921980626,equal_weight,Crypto
2021-12-14,0.011911581619101387,equal_weight,Crypto
2021-12-15,0.04872903431115066,equal_weight,Crypto
2021-12-16,-0.03275391370957651,equal_weight,Crypto
2021-12-17,-0.024771957522853386,equal_weight,Crypto
2021-12-18,0.020225622720911683,equal_weight,Crypto
2021-12-19,-0.002246589268154565,equal_weight,Crypto
2021-12-20,0.0027239347357453153,equal_weight,Crypto
2021-12-21,0.03319664389737751,equal_weight,Crypto
2021-12-22,0.005615825220858106,equal_weight,Crypto
2021-12-23,0.05288152119073466,equal_weight,Crypto
2021-12-24,-0.025854589725139758,equal_weight,Crypto
2021-12-25,0.012088707351344343,equal_weight,Crypto
2021-12-26,-0.0019257207082916453,equal_weight,Crypto
2021-12-27,0.006955401909512826,equal_weight,Crypto
2021-12-28,-0.06626174340482956,equal_weight,Crypto
2021-12-29,-0.02867247058178535,equal_weight,Crypto
2021-12-30,0.016974196767416676,equal_weight,Crypto
2021-12-31,-0.015267470914003978,equal_weight,Crypto
2022-01-01,0.029122690504778354,equal_weight,Crypto
2022-01-02,0.015540556191764499,equal_weight,Crypto
2022-01-03,-0.020728701930202723,equal_weight,Crypto
2022-01-04,-0.011764087452726647,equal_weight,Crypto
2022-01-05,-0.06206812715046752,equal_weight,Crypto
2022-01-06,-0.0008726027668847442,equal_weight,Crypto
2022-01-07,-0.040404478130600344,equal_weight,Crypto
2022-01-08,-0.02093541927415324,equal_weight,Crypto
2022-01-09,0.00938373839620118,equal_weight,Crypto
2022-01-10,-0.03018341787231781,equal_weight,Crypto
2022-01-11,0.03416218451646136,equal_weight,Crypto
2022-01-12,0.05390506305509349,equal_weight,Crypto
2022-01-13,-0.034351553179315694,equal_weight,Crypto
2022-01-14,0.025946966258798367,equal_weight,Crypto
2022-01-15,0.008994754628404667,equal_weight,Crypto
2022-01-16,0.006503905118192477,equal_weight,Crypto
2022-01-17,0.00046937886742684986,equal_weight,Crypto
2022-01-18,-0.015388287946141763,equal_weight,Crypto
2022-01-19,-0.029012441761665654,equal_weight,Crypto
2022-01-20,-0.04252286623358551,equal_weight,Crypto
2022-01-21,-0.115712541101666,equal_weight,Crypto
2022-01-22,-0.05885921527965914,equal_weight,Crypto
2022-01-23,0.03875242717376981,equal_weight,Crypto
2022-01-24,-0.02866215906522481,equal_weight,Crypto
2022-01-25,0.0004887591135445126,equal_weight,Crypto
2022-01-26,0.005058996734153465,equal_weight,Crypto
2022-01-27,-0.008704446363619856,equal_weight,Crypto
2022-01-28,0.025426408633765198,equal_weight,Crypto
2022-01-29,0.014763887792000531,equal_weight,Crypto
2022-01-30,-0.01730228000829739,equal_weight,Crypto
2022-01-31,0.014535726144460116,equal_weight,Crypto
2022-02-01,0.023033684182255224,equal_weight,Crypto
2022-02-02,-0.0392681340350189,equal_weight,Crypto
2022-02-03,0.015430349548788727,equal_weight,Crypto
2022-02-04,0.08722734863520698,equal_weight,Crypto
2022-02-05,0.009422977778614994,equal_weight,Crypto
2022-02-06,0.02460039905956177,equal_weight,Crypto
2022-02-07,0.07049951598030699,equal_weight,Crypto
2022-02-08,-0.0025026088809162687,equal_weight,Crypto
2022-02-09,0.019764412626272824,equal_weight,Crypto
2022-02-10,-0.026291180600430487,equal_weight,Crypto
2022-02-11,-0.05987846010561804,equal_weight,Crypto
2022-02-12,0.004881581624613972,equal_weight,Crypto
2022-02-13,-0.0009595511905362893,equal_weight,Crypto
2022-02-14,-0.004873680716226226,equal_weight,Crypto
2022-02-15,0.05531791979116257,equal_weight,Crypto
2022-02-16,-0.01540312500919441,equal_weight,Crypto
2022-02-17,-0.07783500010761192,equal_weight,Crypto
2022-02-18,-0.007808763498197359,equal_weight,Crypto
2022-02-19,0.005728448292466137,equal_weight,Crypto
2022-02-20,-0.04326270437002942,equal_weight,Crypto
2022-02-21,-0.0626345494325867,equal_weight,Crypto
2022-02-22,0.039267972983908536,equal_weight,Crypto
2022-02-23,-0.020894244531552655,equal_weight,Crypto
2022-02-24,0.0018385094903915378,equal_weight,Crypto
2022-02-25,0.0426568023198654,equal_weight,Crypto
2022-02-26,0.002904508069891176,equal_weight,Crypto
2022-02-27,-0.04140870790385846,equal_weight,Crypto
2022-02-28,0.1008640657054067,equal_weight,Crypto
2022-03-01,0.0031196221938872945,equal_weight,Crypto
2022-03-02,-0.018961438742063776,equal_weight,Crypto
2022-03-03,-0.01945143008743081,equal_weight,Crypto
2022-03-04,-0.0696371325993718,equal_weight,Crypto
2022-03-05,0.0252353977196617,equal_weight,Crypto
2022-03-06,-0.036850288741983914,equal_weight,Crypto
2022-03-07,-0.01777702786344355,equal_weight,Crypto
2022-03-08,0.019149664845266434,equal_weight,Crypto
2022-03-09,0.06142501332371159,equal_weight,Crypto
2022-03-10,-0.04529719373610162,equal_weight,Crypto
2022-03-11,0.00725138935331222,equal_weight,Crypto
2022-03-12,-0.0003131008534325579,equal_weight,Crypto
2022-03-13,-0.026829848389654964,equal_weight,Crypto
2022-03-14,0.025832757715324072,equal_weight,Crypto
2022-03-15,0.002887432540878421,equal_weight,Crypto
2022-03-16,0.041546730983816206,equal_weight,Crypto
2022-03-17,-0.0021367286149943324,equal_weight,Crypto
2022-03-18,0.02287071412696635,equal_weight,Crypto
2022-03-19,0.04889256616829627,equal_weight,Crypto
2022-03-20,-0.0008807548129557868,equal_weight,Crypto
2022-03-21,0.023983811636451396,equal_weight,Crypto
2022-03-22,0.06288462575961842,equal_weight,Crypto
2022-03-23,0.012081167675711223,equal_weight,Crypto
2022-03-24,0.02453322843609056,equal_weight,Crypto
2022-03-25,-0.011489590412916785,equal_weight,Crypto
2022-03-26,0.009594654493158005,equal_weight,Crypto
2022-03-27,0.042547875454710636,equal_weight,Crypto
2022-03-28,0.00445177065782223,equal_weight,Crypto
2022-03-29,0.013999177555741139,equal_weight,Crypto
2022-03-30,0.009501167971384695,equal_weight,Crypto
2022-03-31,-0.03077250341725826,equal_weight,Crypto
2022-04-01,0.01314246889255092,equal_weight,Crypto
2022-04-02,-0.01024608862981643,equal_weight,Crypto
2022-04-03,0.019144810628382403,equal_weight,Crypto
2022-04-04,-0.006553388346854017,equal_weight,Crypto
2022-04-05,-0.028460521862655356,equal_weight,Crypto
2022-04-06,-0.09165544300198733,equal_weight,Crypto
2022-04-07,0.0361365525133895,equal_weight,Crypto
2022-04-08,-0.041862478758459706,equal_weight,Crypto
2022-04-09,0.01842106310011493,equal_weight,Crypto
2022-04-10,-0.01700182837889297,equal_weight,Crypto
2022-04-11,-0.08038746598850147,equal_weight,Crypto
2022-04-12,0.0283449435915488,equal_weight,Crypto
2022-04-13,0.037169341846512015,equal_weight,Crypto
2022-04-14,-0.02365856424583321,equal_weight,Crypto
2022-04-15,0.031038335249899567,equal_weight,Crypto
2022-04-16,0.01442141326466836,equal_weight,Crypto
2022-04-17,-0.038583655169079335,equal_weight,Crypto
2022-04-18,0.022289250330103764,equal_weight,Crypto
2022-04-19,0.021499995707293638,equal_weight,Crypto
2022-04-20,-0.012096637850906011,equal_weight,Crypto
2022-04-21,-0.020877854849308077,equal_weight,Crypto
2022-04-22,-0.011750225224195167,equal_weight,Crypto
2022-04-23,-0.01286054767525191,equal_weight,Crypto
2022-04-24,-0.013762498814561453,equal_weight,Crypto
2022-04-25,0.01016629986165194,equal_weight,Crypto
2022-04-26,-0.06831752801509475,equal_weight,Crypto
2022-04-27,0.0244208828580192,equal_weight,Crypto
2022-04-28,0.008911743483814662,equal_weight,Crypto
2022-04-29,-0.03646867383836265,equal_weight,Crypto
2022-04-30,-0.053359876819118274,equal_weight,Crypto
2022-05-01,0.04733577045165833,equal_weight,Crypto
2022-05-02,-0.003150579813704691,equal_weight,Crypto
2022-05-03,-0.010712090547274924,equal_weight,Crypto
2022-05-04,0.09768777207422855,equal_weight,Crypto
2022-05-05,-0.08792760957755685,equal_weight,Crypto
2022-05-06,0.009911536356464605,equal_weight,Crypto
2022-05-07,-0.025861551667197516,equal_weight,Crypto
2022-05-08,-0.019123252337417542,equal_weight,Crypto
2022-05-09,-0.13858540201932165,equal_weight,Crypto
2022-05-10,0.03548752611899277,equal_weight,Crypto
2022-05-11,-0.14409244004091043,equal_weight,Crypto
2022-05-12,-0.04872558742882796,equal_weight,Crypto
2022-05-13,0.06680643620759522,equal_weight,Crypto
2022-05-14,0.021150943771016485,equal_weight,Crypto
2022-05-15,0.041672055707046005,equal_weight,Crypto
2022-05-16,-0.059615598921542265,equal_weight,Crypto
2022-05-17,0.04388035967930752,equal_weight,Crypto
2022-05-18,-0.0793407584536161,equal_weight,Crypto
2022-05-19,0.047506905607711224,equal_weight,Crypto
2022-05-20,-0.031759637146683804,equal_weight,Crypto
2022-05-21,0.01647804411295526,equal_weight,Crypto
2022-05-22,0.03472782004763588,equal_weight,Crypto
2022-05-23,-0.03280431624764311,equal_weight,Crypto
2022-05-24,0.03203904359740626,equal_weight,Crypto
2022-05-25,-0.009345323136245278,equal_weight,Crypto
2022-05-26,-0.05070413016976659,equal_weight,Crypto
2022-05-27,-0.02852164180232375,equal_weight,Crypto
2022-05-28,0.01804435320543567,equal_weight,Crypto
2022-05-29,0.02776182819934858,equal_weight,Crypto
2022-05-30,0.08357793585561525,equal_weight,Crypto
2022-05-31,0.011728387575256228,equal_weight,Crypto
2022-06-01,-0.0710803050374161,equal_weight,Crypto
2022-06-02,0.0241083992323192,equal_weight,Crypto
2022-06-03,-0.02621997954174823,equal_weight,Crypto
2022-06-04,0.007294771740642957,equal_weight,Crypto
2022-06-05,-0.004211390828016736,equal_weight,Crypto
2022-06-06,0.02920144611179571,equal_weight,Crypto
2022-06-07,-0.011969793902402005,equal_weight,Crypto
2022-06-08,-0.013612383477299806,equal_weight,Crypto
2022-06-09,-0.006290799584613549,equal_weight,Crypto
2022-06-10,-0.052389569676345525,equal_weight,Crypto
2022-06-11,-0.05910299544008756,equal_weight,Crypto
2022-06-12,-0.05806915079641411,equal_weight,Crypto
2022-06-13,-0.12649945561716172,equal_weight,Crypto
2022-06-14,0.011680498107776516,equal_weight,Crypto
2022-06-15,0.06542525357596155,equal_weight,Crypto
2022-06-16,-0.10718840066102221,equal_weight,Crypto
2022-06-17,0.03646198203338853,equal_weight,Crypto
2022-06-18,-0.04251541303837564,equal_weight,Crypto
2022-06-19,0.07927452664115972,equal_weight,Crypto
2022-06-20,0.0015757411640274664,equal_weight,Crypto
2022-06-21,0.005971368768382867,equal_weight,Crypto
2022-06-22,-0.03599036081922781,equal_weight,Crypto
2022-06-23,0.047340504070337984,equal_weight,Crypto
2022-06-24,0.03819140914105866,equal_weight,Crypto
2022-06-25,0.007753439427377806,equal_weight,Crypto
2022-06-26,-0.021408985862141752,equal_weight,Crypto
2022-06-27,-0.006753675892738909,equal_weight,Crypto
2022-06-28,-0.043163800565628886,equal_weight,Crypto
2022-06-29,-0.014634249838758707,equal_weight,Crypto
2022-06-30,-0.00736490300233722,equal_weight,Crypto
2022-07-01,-0.022743101604300778,equal_weight,Crypto
2022-07-02,0.010206534368909838,equal_weight,Crypto
2022-07-03,0.006203747849250052,equal_weight,Crypto
2022-07-04,0.03434928007958627,equal_weight,Crypto
2022-07-05,-0.019035901264224744,equal_weight,Crypto
2022-07-06,0.01714929107079264,equal_weight,Crypto
2022-07-07,0.03818408898870451,equal_weight,Crypto
2022-07-08,-0.009716256354324614,equal_weight,Crypto
2022-07-09,0.014113331687002918,equal_weight,Crypto
2022-07-10,-0.039914641433941585,equal_weight,Crypto
2022-07-11,-0.055941769132582544,equal_weight,Crypto
2022-07-12,-0.023506154582261487,equal_weight,Crypto
2022-07-13,0.04427791375235155,equal_weight,Crypto
2022-07-14,0.023188826061356818,equal_weight,Crypto
2022-07-15,0.013295712298953433,equal_weight,Crypto
2022-07-16,0.05154078995565464,equal_weight,Crypto
2022-07-17,-0.0009481346380628363,equal_weight,Crypto
2022-07-18,0.10792768941483928,equal_weight,Crypto
2022-07-19,0.018286943077011588,equal_weight,Crypto
2022-07-20,-0.03622962949559685,equal_weight,Crypto
2022-07-21,0.024561258029602205,equal_weight,Crypto
2022-07-22,-0.007789360004250422,equal_weight,Crypto
2022-07-23,0.007536720936223896,equal_weight,Crypto
2022-07-24,0.01969238716296306,equal_weight,Crypto
2022-07-25,-0.07276478282443084,equal_weight,Crypto
2022-07-26,0.004279722862660339,equal_weight,Crypto
2022-07-27,0.10911298957386757,equal_weight,Crypto
2022-07-28,0.07791692582964407,equal_weight,Crypto
2022-07-29,-0.005829183344439626,equal_weight,Crypto
2022-07-30,-0.004675670221653649,equal_weight,Crypto
2022-07-31,-0.016465189612308164,equal_weight,Crypto
2022-08-01,-0.012699082640371008,equal_weight,Crypto
2022-08-02,-0.018731547141342078,equal_weight,Crypto
2022-08-03,-0.005898263614123967,equal_weight,Crypto
2022-08-04,0.0014520885855312197,equal_weight,Crypto
2022-08-05,0.04574473649123466,equal_weight,Crypto
2022-08-06,-0.009351144158146453,equal_weight,Crypto
2022-08-07,0.006392427307688353,equal_weight,Crypto
2022-08-08,0.022944762116980797,equal_weight,Crypto
2022-08-09,-0.04364255068394754,equal_weight,Crypto
2022-08-10,0.050017755892849645,equal_weight,Crypto
2022-08-11,0.013045285139439911,equal_weight,Crypto
2022-08-12,0.014118240519318504,equal_weight,Crypto
2022-08-13,0.007878268833164915,equal_weight,Crypto
2022-08-14,-0.012942023802462376,equal_weight,Crypto
2022-08-15,-0.016734843725832,equal_weight,Crypto
2022-08-16,0.002091266162104811,equal_weight,Crypto
2022-08-17,-0.006078541612463405,equal_weight,Crypto
2022-08-18,-0.017337879464370286,equal_weight,Crypto
2022-08-19,-0.10808945972908332,equal_weight,Crypto
2022-08-20,0.01436897110145091,equal_weight,Crypto
2022-08-21,0.031694698941254096,equal_weight,Crypto
2022-08-22,0.021473569506181945,equal_weight,Crypto
2022-08-23,0.014107231905767193,equal_weight,Crypto
2022-08-24,-0.007648736420349412,equal_weight,Crypto
2022-08-25,0.01094257699168686,equal_weight,Crypto
2022-08-26,-0.07803359417007812,equal_weight,Crypto
2022-08-27,0.00217928456937987,equal_weight,Crypto
2022-08-28,-0.033573061151733086,equal_weight,Crypto
2022-08-29,0.04925487420357118,equal_weight,Crypto
2022-08-30,-0.0268941958202499,equal_weight,Crypto
2022-08-31,0.0032082975179153817,equal_weight,Crypto
2022-09-01,0.02437063798841811,equal_weight,Crypto
2022-09-02,0.004941360554689911,equal_weight,Crypto
2022-09-03,0.002144406622791495,equal_weight,Crypto
2022-09-04,0.00946666488626442,equal_weight,Crypto
2022-09-05,0.031521784509391984,equal_weight,Crypto
2022-09-06,-0.0711698190596358,equal_weight,Crypto
2022-09-07,0.05776727663863668,equal_weight,Crypto
2022-09-08,0.005849298003899806,equal_weight,Crypto
2022-09-09,0.058616277059268106,equal_weight,Crypto
2022-09-10,0.01834220726446272,equal_weight,Crypto
2022-09-11,-0.011384277713285618,equal_weight,Crypto
2022-09-12,-0.007453641423881051,equal_weight,Crypto
2022-09-13,-0.07111080127953137,equal_weight,Crypto
2022-09-14,0.02134357991808681,equal_weight,Crypto
2022-09-15,-0.04826521767813677,equal_weight,Crypto
2022-09-16,0.0130507130129396,equal_weight,Crypto
2022-09-17,0.031041752444428396,equal_weight,Crypto
2022-09-18,-0.07844006705083154,equal_weight,Crypto
2022-09-19,0.022050621841714125,equal_weight,Crypto
2022-09-20,0.00012092982397091719,equal_weight,Crypto
2022-09-21,-0.039127276267486556,equal_weight,Crypto
2022-09-22,0.06731721632356923,equal_weight,Crypto
2022-09-23,0.011085161822327872,equal_weight,Crypto
2022-09-24,-0.021096523709983692,equal_weight,Crypto
2022-09-25,-0.013323073667573293,equal_weight,Crypto
2022-09-26,0.002677652663144337,equal_weight,Crypto
2022-09-27,-0.01530393045398919,equal_weight,Crypto
2022-09-28,-0.0012962799289126913,equal_weight,Crypto
2022-09-29,0.026085138651090946,equal_weight,Crypto
2022-09-30,-0.004491731472247418,equal_weight,Crypto
2022-10-01,0.0008534505682332936,equal_weight,Crypto
2022-10-02,-0.025340823712240203,equal_weight,Crypto
2022-10-03,0.02177381961999727,equal_weight,Crypto
2022-10-04,0.024596952998144017,equal_weight,Crypto
2022-10-05,-0.004256612742547319,equal_weight,Crypto
2022-10-06,-0.006072386991168044,equal_weight,Crypto
2022-10-07,-0.004199723701290223,equal_weight,Crypto
2022-10-08,-0.0031627007461755177,equal_weight,Crypto
2022-10-09,0.010305532644744566,equal_weight,Crypto
2022-10-10,-0.04378364997925048,equal_weight,Crypto
2022-10-11,-0.018113253905372405,equal_weight,Crypto
2022-10-12,0.0017588610791762663,equal_weight,Crypto
2022-10-13,-0.016872170705753243,equal_weight,Crypto
2022-10-14,0.002402632020752704,equal_weight,Crypto
2022-10-15,-0.007131151020167647,equal_weight,Crypto
2022-10-16,0.011621146466186614,equal_weight,Crypto
2022-10-17,0.011846976355508422,equal_weight,Crypto
2022-10-18,-0.015818455509828577,equal_weight,Crypto
2022-10-19,-0.02432465924149701,equal_weight,Crypto
2022-10-20,-0.002619610516268811,equal_weight,Crypto
2022-10-21,0.013255302797449077,equal_weight,Crypto
2022-10-22,0.010854355840459342,equal_weight,Crypto
2022-10-23,0.019051152137463643,equal_weight,Crypto
2022-10-24,-0.0200393127323265,equal_weight,Crypto
2022-10-25,0.0531888443019373,equal_weight,Crypto
2022-10-26,0.023395554187381106,equal_weight,Crypto
2022-10-27,-0.021055507328959756,equal_weight,Crypto
2022-10-28,0.020022714690651536,equal_weight,Crypto
2022-10-29,0.016452207047095668,equal_weight,Crypto
2022-10-30,-0.023401822179841575,equal_weight,Crypto
2022-10-31,0.001297689207573361,equal_weight,Crypto
2022-11-01,-0.004912792959008127,equal_weight,Crypto
2022-11-02,-0.014486227815160457,equal_weight,Crypto
2022-11-03,0.015883857574179074,equal_weight,Crypto
2022-11-04,0.0685059505372958,equal_weight,Crypto
2022-11-05,-0.00020999726714571263,equal_weight,Crypto
2022-11-06,-0.03910438366190772,equal_weight,Crypto
2022-11-07,0.00012663336940262884,equal_weight,Crypto
2022-11-08,-0.11677966879638127,equal_weight,Crypto
2022-11-09,-0.14533737478270545,equal_weight,Crypto
2022-11-10,0.15718182435819014,equal_weight,Crypto
2022-11-11,-0.017450224027057114,equal_weight,Crypto
2022-11-12,-0.031724200843263994,equal_weight,Crypto
2022-11-13,-0.03424062873727751,equal_weight,Crypto
2022-11-14,0.023508344251123928,equal_weight,Crypto
2022-11-15,0.01477058664012685,equal_weight,Crypto
2022-11-16,-0.018455154464827008,equal_weight,Crypto
2022-11-17,0.005198850055400296,equal_weight,Crypto
2022-11-18,0.0022627748098978167,equal_weight,Crypto
2022-11-19,0.007957564572855104,equal_weight,Crypto
2022-11-20,-0.04097185663900473,equal_weight,Crypto
2022-11-21,-0.013766519939743083,equal_weight,Crypto
2022-11-22,0.03818765204158874,equal_weight,Crypto
2022-11-23,0.046008196482222,equal_weight,Crypto
2022-11-24,0.01047953732323903,equal_weight,Crypto
2022-11-25,-0.006553732974283943,equal_weight,Crypto
2022-11-26,-0.003913906244352328,equal_weight,Crypto
2022-11-27,-0.0016151355296764704,equal_weight,Crypto
2022-11-28,-0.017932822384435165,equal_weight,Crypto
2022-11-29,0.016379010998877484,equal_weight,Crypto
2022-11-30,0.034122282916634196,equal_weight,Crypto
2022-12-01,-0.02010211654273666,equal_weight,Crypto
2022-12-02,0.00869650707204106,equal_weight,Crypto
2022-12-03,-0.019275456071140586,equal_weight,Crypto
2022-12-04,0.011134860482354783,equal_weight,Crypto
2022-12-05,-0.0018791591478292907,equal_weight,Crypto
2022-12-06,0.006433327246687715,equal_weight,Crypto
2022-12-07,-0.019397341236739144,equal_weight,Crypto
2022-12-08,0.02164816239338476,equal_weight,Crypto
2022-12-09,-0.005385923408072269,equal_weight,Crypto
2022-12-10,-0.00041431654895387473,equal_weight,Crypto
2022-12-11,-0.012363960479477366,equal_weight,Crypto
2022-12-12,-0.0025423718663757033,equal_weight,Crypto
2022-12-13,0.022912054945997577,equal_weight,Crypto
2022-12-14,-0.010998918446365035,equal_weight,Crypto
2022-12-15,-0.0234077154992274,equal_weight,Crypto
2022-12-16,-0.08042107349128047,equal_weight,Crypto
2022-12-17,0.014197022017520213,equal_weight,Crypto
2022-12-18,-0.006549228491721326,equal_weight,Crypto
2022-12-19,-0.030900155037951897,equal_weight,Crypto
2022-12-20,0.03630442386762824,equal_weight,Crypto
2022-12-21,-0.003591498772828527,equal_weight,Crypto
2022-12-22,0.00618316497357957,equal_weight,Crypto
2022-12-23,-0.0010842824716702953,equal_weight,Crypto
2022-12-24,-0.0009345266149806466,equal_weight,Crypto
2022-12-25,0.00034347157301206676,equal_weight,Crypto
2022-12-26,0.01605461149027626,equal_weight,Crypto
2022-12-27,-0.011762568229070092,equal_weight,Crypto
2022-12-28,-0.027080495320851314,equal_weight,Crypto
2022-12-29,-0.0006051108231715065,equal_weight,Crypto
2022-12-30,0.00041194725546174206,equal_weight,Crypto
2022-12-31,0.0012423581931927934,equal_weight,Crypto
2023-01-01,0.007755602914296445,equal_weight,Crypto
2023-01-02,0.01900434961362503,equal_weight,Crypto
2023-01-03,-0.0027050635667062563,equal_weight,Crypto
2023-01-04,0.037039870961805214,equal_weight,Crypto
2023-01-05,-0.014915270707060857,equal_weight,Crypto
2023-01-06,0.02399224989900126,equal_weight,Crypto
2023-01-07,-0.0033150493784421474,equal_weight,Crypto
2023-01-08,0.02215294241808401,equal_weight,Crypto
2023-01-09,0.027339779788495805,equal_weight,Crypto
2023-01-10,0.006023627086972294,equal_weight,Crypto
2023-01-11,0.029362723562493698,equal_weight,Crypto
2023-01-12,0.025749110740923696,equal_weight,Crypto
2023-01-13,0.03391595944645198,equal_weight,Crypto
2023-01-14,0.034338832142037486,equal_weight,Crypto
2023-01-15,-0.0026764894860901167,equal_weight,Crypto
2023-01-16,-0.004590647914346924,equal_weight,Crypto
2023-01-17,-0.004905501990651051,equal_weight,Crypto
2023-01-18,-0.042835744481502354,equal_weight,Crypto
2023-01-19,0.02374091325805703,equal_weight,Crypto
2023-01-20,0.06451981663484793,equal_weight,Crypto
2023-01-21,-0.009632871913905806,equal_weight,Crypto
2023-01-22,0.00994362955139263,equal_weight,Crypto
2023-01-23,0.020945304673450772,equal_weight,Crypto
2023-01-24,-0.041702126622754424,equal_weight,Crypto
2023-01-25,0.03070596164236805,equal_weight,Crypto
2023-01-26,-0.0017370736202734992,equal_weight,Crypto
2023-01-27,0.010663978155810239,equal_weight,Crypto
2023-01-28,-0.008871756409081723,equal_weight,Crypto
2023-01-29,0.03185076197963703,equal_weight,Crypto
2023-01-30,-0.04704284596112843,equal_weight,Crypto
2023-01-31,0.01970616656237656,equal_weight,Crypto
2023-02-01,0.025797610005811867,equal_weight,Crypto
2023-02-02,-0.004085517910096637,equal_weight,Crypto
2023-02-03,0.013795338410564273,equal_weight,Crypto
2023-02-04,0.0008217074966740399,equal_weight,Crypto
2023-02-05,-0.021485676165057387,equal_weight,Crypto
2023-02-06,-0.017506770629490034,equal_weight,Crypto
2023-02-07,0.038691178326306426,equal_weight,Crypto
2023-02-08,-0.015035624875278054,equal_weight,Crypto
2023-02-09,-0.05771134865422327,equal_weight,Crypto
2023-02-10,-0.0009264932442613171,equal_weight,Crypto
2023-02-11,0.011119083825479525,equal_weight,Crypto
2023-02-12,-0.014240155531741516,equal_weight,Crypto
2023-02-13,-0.0031842224978953057,equal_weight,Crypto
2023-02-14,0.029872183904632737,equal_weight,Crypto
2023-02-15,0.06536374685986238,equal_weight,Crypto
2023-02-16,-0.0437863949888458,equal_weight,Crypto
2023-02-17,0.04882788616562266,equal_weight,Crypto
2023-02-18,0.007887810379065562,equal_weight,Crypto
2023-02-19,-0.010708115017883579,equal_weight,Crypto
2023-02-20,0.025052763815127686,equal_weight,Crypto
2023-02-21,-0.01918195592707385,equal_weight,Crypto
2023-02-22,-0.0074326139069554225,equal_weight,Crypto
2023-02-23,-0.011735816425103697,equal_weight,Crypto
2023-02-24,-0.03497155614609792,equal_weight,Crypto
2023-02-25,-0.00247534121806664,equal_weight,Crypto
2023-02-26,0.01773477469464306,equal_weight,Crypto
2023-02-27,-0.004616748672202597,equal_weight,Crypto
2023-02-28,-0.012715198199124325,equal_weight,Crypto
2023-03-01,0.026136329455374235,equal_weight,Crypto
2023-03-02,-0.010070787872863439,equal_weight,Crypto
2023-03-03,-0.022607444872867956,equal_weight,Crypto
2023-03-04,-0.018808995630489187,equal_weight,Crypto
2023-03-05,-0.001995698481330155,equal_weight,Crypto
2023-03-06,-0.00392180502006011,equal_weight,Crypto
2023-03-07,-0.008894546655637114,equal_weight,Crypto
2023-03-08,-0.02721030306671051,equal_weight,Crypto
2023-03-09,-0.06062363391736244,equal_weight,Crypto
2023-03-10,-0.004351473976778365,equal_weight,Crypto
2023-03-11,0.0018321938898936076,equal_weight,Crypto
2023-03-12,0.0674362877377666,equal_weight,Crypto
2023-03-13,0.043876827588640886,equal_weight,Crypto
2023-03-14,0.020163527323838592,equal_weight,Crypto
2023-03-15,-0.05192990719788017,equal_weight,Crypto
2023-03-16,0.018210966972107202,equal_weight,Crypto
2023-03-17,0.06565744021574993,equal_weight,Crypto
2023-03-18,-0.022695728368747784,equal_weight,Crypto
2023-03-19,0.028497063352154364,equal_weight,Crypto
2023-03-20,-0.03439950547262127,equal_weight,Crypto
2023-03-21,0.07619108897481006,equal_weight,Crypto
2023-03-22,-0.049332456400027216,equal_weight,Crypto
2023-03-23,0.04653891872498438,equal_weight,Crypto
2023-03-24,-0.027248347242557584,equal_weight,Crypto
2023-03-25,-0.0020463756958890474,equal_weight,Crypto
2023-03-26,0.013712003864556753,equal_weight,Crypto
2023-03-27,-0.019250616939979114,equal_weight,Crypto
2023-03-28,0.02988053761945489,equal_weight,Crypto
2023-03-29,0.02862273797752435,equal_weight,Crypto
2023-03-30,-0.00176075907499288,equal_weight,Crypto
2023-03-31,0.02249685501481828,equal_weight,Crypto
2023-04-01,-0.004093416876705502,equal_weight,Crypto
2023-04-02,-0.007162079471210981,equal_weight,Crypto
2023-04-03,-0.0018588488543411661,equal_weight,Crypto
2023-04-04,0.008769344303898264,equal_weight,Crypto
2023-04-05,0.004589962586101925,equal_weight,Crypto
2023-04-06,-0.008989619099706548,equal_weight,Crypto
2023-04-07,-0.0007157523707202245,equal_weight,Crypto
2023-04-08,-0.007581287504680157,equal_weight,Crypto
2023-04-09,0.008575166111636202,equal_weight,Crypto
2023-04-10,0.023579695263970035,equal_weight,Crypto
2023-04-11,0.0038228605318978985,equal_weight,Crypto
2023-04-12,-0.0047451783135010975,equal_weight,Crypto
2023-04-13,0.023349721921274248,equal_weight,Crypto
2023-04-14,0.015352888933841126,equal_weight,Crypto
2023-04-15,-0.0004410469546381692,equal_weight,Crypto
2023-04-16,0.007813593645352734,equal_weight,Crypto
2023-04-17,-0.023954347127940978,equal_weight,Crypto
2023-04-18,0.02048926563833755,equal_weight,Crypto
2023-04-19,-0.07030638123951992,equal_weight,Crypto
2023-04-20,-0.016593825169400268,equal_weight,Crypto
2023-04-21,-0.036250648570689395,equal_weight,Crypto
2023-04-22,0.027746816801226506,equal_weight,Crypto
2023-04-23,-0.011357535930528784,equal_weight,Crypto
2023-04-24,-0.006202409007347477,equal_weight,Crypto
2023-04-25,0.016867220618823685,equal_weight,Crypto
2023-04-26,-0.012759860883439278,equal_weight,Crypto
2023-04-27,0.014932648311098052,equal_weight,Crypto
2023-04-28,0.003736322462608444,equal_weight,Crypto
2023-04-29,0.005886241885930077,equal_weight,Crypto
2023-04-30,-0.013803832708956977,equal_weight,Crypto
2023-05-01,-0.017095930932513506,equal_weight,Crypto
2023-05-02,0.01303856664680343,equal_weight,Crypto
2023-05-03,0.007033688642077719,equal_weight,Crypto
2023-05-04,-0.010527365221955643,equal_weight,Crypto
2023-05-05,0.020691646115858102,equal_weight,Crypto
2023-05-06,-0.029721123498456306,equal_weight,Crypto
2023-05-07,-0.011481109989431838,equal_weight,Crypto
2023-05-08,-0.03585792627868483,equal_weight,Crypto
2023-05-09,0.016064871833109975,equal_weight,Crypto
2023-05-10,-0.0016382682780426987,equal_weight,Crypto
2023-05-11,-0.02088555232312441,equal_weight,Crypto
2023-05-12,0.006633145413243956,equal_weight,Crypto
2023-05-13,-0.006690148368844429,equal_weight,Crypto
2023-05-14,0.009488724033330365,equal_weight,Crypto
2023-05-15,0.008324650956111014,equal_weight,Crypto
2023-05-16,0.008422101567971952,equal_weight,Crypto
2023-05-17,0.014914573072979954,equal_weight,Crypto
2023-05-18,-0.011625633084243761,equal_weight,Crypto
2023-05-19,0.003288349523594647,equal_weight,Crypto
2023-05-20,0.0049119396708774635,equal_weight,Crypto
2023-05-21,-0.010665021585102118,equal_weight,Crypto
2023-05-22,0.00852947908232017,equal_weight,Crypto
2023-05-23,0.008546689643816751,equal_weight,Crypto
2023-05-24,-0.029311627575694967,equal_weight,Crypto
2023-05-25,0.0006137923240644661,equal_weight,Crypto
2023-05-26,0.013862260516455062,equal_weight,Crypto
2023-05-27,0.008685536718812826,equal_weight,Crypto
2023-05-28,0.027256993493929824,equal_weight,Crypto
2023-05-29,-0.006321640644553051,equal_weight,Crypto
2023-05-30,0.009550061586042526,equal_weight,Crypto
2023-05-31,-0.010968334133005764,equal_weight,Crypto
2023-06-01,-0.0070050480359822205,equal_weight,Crypto
2023-06-02,0.030470134154125517,equal_weight,Crypto
2023-06-03,-0.0032645391579624763,equal_weight,Crypto
2023-06-04,0.0019090477931811847,equal_weight,Crypto
2023-06-05,-0.05556741970590499,equal_weight,Crypto
2023-06-06,0.03446928333226702,equal_weight,Crypto
2023-06-07,-0.033975661274086084,equal_weight,Crypto
2023-06-08,0.007310911144695709,equal_weight,Crypto
2023-06-09,-0.011508540340358876,equal_weight,Crypto
2023-06-10,-0.08270980281888682,equal_weight,Crypto
2023-06-11,0.0016502033140609273,equal_weight,Crypto
2023-06-12,0.00048789843885728174,equal_weight,Crypto
2023-06-13,0.0022993820597000175,equal_weight,Crypto
2023-06-14,-0.0431723460804432,equal_weight,Crypto
2023-06-15,0.0057891036915591046,equal_weight,Crypto
2023-06-16,0.011168012818247086,equal_weight,Crypto
2023-06-17,0.00953205851289305,equal_weight,Crypto
2023-06-18,-0.005460914609440515,equal_weight,Crypto
2023-06-19,0.006550246328475962,equal_weight,Crypto
2023-06-20,0.027151896154307277,equal_weight,Crypto
2023-06-21,0.06914386829461867,equal_weight,Crypto
2023-06-22,-0.0036441032838237077,equal_weight,Crypto
2023-06-23,0.0747016117794201,equal_weight,Crypto
2023-06-24,0.011652634564868595,equal_weight,Crypto
2023-06-25,-0.010868836642279276,equal_weight,Crypto
2023-06-26,0.005978334015964882,equal_weight,Crypto
2023-06-27,0.02263140143154352,equal_weight,Crypto
2023-06-28,-0.03996466241134235,equal_weight,Crypto
2023-06-29,0.029699728716752083,equal_weight,Crypto
2023-06-30,0.09404904955033085,equal_weight,Crypto
2023-07-01,-0.0018449409424392102,equal_weight,Crypto
2023-07-02,0.005238620849933817,equal_weight,Crypto
2023-07-03,-0.005122109370999129,equal_weight,Crypto
2023-07-04,-0.01944257981250476,equal_weight,Crypto
2023-07-05,-0.015160100684215774,equal_weight,Crypto
2023-07-06,-0.025132335253464935,equal_weight,Crypto
2023-07-07,0.01796298117539279,equal_weight,Crypto
2023-07-08,0.001531650931283768,equal_weight,Crypto
2023-07-09,-0.013726282828247383,equal_weight,Crypto
2023-07-10,0.01268697689227245,equal_weight,Crypto
2023-07-11,0.00029969873734785323,equal_weight,Crypto
2023-07-12,-0.004325411937046786,equal_weight,Crypto
2023-07-13,0.1954993284896968,equal_weight,Crypto
2023-07-14,-0.06154752460039318,equal_weight,Crypto
2023-07-15,-0.01001040605553859,equal_weight,Crypto
2023-07-16,-0.0053807677283610475,equal_weight,Crypto
2023-07-17,-0.004097995284557188,equal_weight,Crypto
2023-07-18,0.0006437713452430377,equal_weight,Crypto
2023-07-19,0.029475186809692955,equal_weight,Crypto
2023-07-20,-0.00025280173185267,equal_weight,Crypto
2023-07-21,-0.0015039225025845096,equal_weight,Crypto
2023-07-22,-0.012805089144875936,equal_weight,Crypto
2023-07-23,0.013126348690180534,equal_weight,Crypto
2023-07-24,-0.039110888204281935,equal_weight,Crypto
2023-07-25,0.0004515707248740953,equal_weight,Crypto
2023-07-26,0.01536213004313094,equal_weight,Crypto
2023-07-27,0.0022443134630713455,equal_weight,Crypto
2023-07-28,0.007462819176447866,equal_weight,Crypto
2023-07-29,0.003363640436718896,equal_weight,Crypto
2023-07-30,-0.0018887354070578285,equal_weight,Crypto
2023-07-31,-0.01723273511035757,equal_weight,Crypto
2023-08-01,0.008097901202082248,equal_weight,Crypto
2023-08-02,-0.03714694707929564,equal_weight,Crypto
2023-08-03,-0.01737553628357058,equal_weight,Crypto
2023-08-04,-0.007302872222976842,equal_weight,Crypto
2023-08-05,0.004349784985149952,equal_weight,Crypto
2023-08-06,-0.005434122335717784,equal_weight,Crypto
2023-08-07,0.007016310190832321,equal_weight,Crypto
2023-08-08,0.014720931908673896,equal_weight,Crypto
2023-08-09,-0.002395454912777484,equal_weight,Crypto
2023-08-10,-0.010313452290058634,equal_weight,Crypto
2023-08-11,-0.0025053540918613675,equal_weight,Crypto
2023-08-12,-3.937036608947508e-06,equal_weight,Crypto
2023-08-13,-0.006202337709924488,equal_weight,Crypto
2023-08-14,0.001951599250878311,equal_weight,Crypto
2023-08-15,-0.028483106955607816,equal_weight,Crypto
2023-08-16,-0.03890073461971866,equal_weight,Crypto
2023-08-17,-0.08842940887497387,equal_weight,Crypto
2023-08-18,0.006166164594595425,equal_weight,Crypto
2023-08-19,0.01446029421699644,equal_weight,Crypto
2023-08-20,0.016883672615801638,equal_weight,Crypto
2023-08-21,-0.009879608817271868,equal_weight,Crypto
2023-08-22,-0.014368192690346893,equal_weight,Crypto
2023-08-23,0.03150211746919023,equal_weight,Crypto
2023-08-24,-0.012132670149970026,equal_weight,Crypto
2023-08-25,-0.0010979540234162925,equal_weight,Crypto
2023-08-26,-0.00558602193954032,equal_weight,Crypto
2023-08-27,0.009236659750104226,equal_weight,Crypto
2023-08-28,-0.005905699793415332,equal_weight,Crypto
2023-08-29,0.055070350603778455,equal_weight,Crypto
2023-08-30,-0.022248078588893397,equal_weight,Crypto
2023-08-31,-0.03801269052597048,equal_weight,Crypto
2023-09-01,-0.012928701106311181,equal_weight,Crypto
2023-09-02,0.002151171943819353,equal_weight,Crypto
2023-09-03,0.006164628955449203,equal_weight,Crypto
2023-09-04,0.0031609911132003286,equal_weight,Crypto
2023-09-05,-0.001604615569630974,equal_weight,Crypto
2023-09-06,0.0014576500461318865,equal_weight,Crypto
2023-09-07,0.007585107840102846,equal_weight,Crypto
2023-09-08,-0.00505856760002702,equal_weight,Crypto
2023-09-09,0.0036530195165871745,equal_weight,Crypto
2023-09-10,-0.01358203824648161,equal_weight,Crypto
2023-09-11,-0.033173901462008853,equal_weight,Crypto
2023-09-12,0.02023627737002509,equal_weight,Crypto
2023-09-13,0.010910137712222902,equal_weight,Crypto
2023-09-14,0.015075647116377934,equal_weight,Crypto
2023-09-15,0.017594204754288658,equal_weight,Crypto
2023-09-16,-0.0038962074747921236,equal_weight,Crypto
2023-09-17,-0.01639326751851299,equal_weight,Crypto
2023-09-18,0.01968908084512331,equal_weight,Crypto
2023-09-19,0.011995626949226115,equal_weight,Crypto
2023-09-20,-0.010665434056974475,equal_weight,Crypto
2023-09-21,-0.01980039929133833,equal_weight,Crypto
2023-09-22,0.0012225372952483827,equal_weight,Crypto
2023-09-23,0.0025781426251764274,equal_weight,Crypto
2023-09-24,-0.013020335411775552,equal_weight,Crypto
2023-09-25,0.00871039004850741,equal_weight,Crypto
2023-09-26,-0.003099137163124954,equal_weight,Crypto
2023-09-27,0.009322785106952891,equal_weight,Crypto
2023-09-28,0.02507332442056951,equal_weight,Crypto
2023-09-29,0.005434094670924462,equal_weight,Crypto
2023-09-30,0.004049637744505442,equal_weight,Crypto
2023-10-01,0.02950824562609182,equal_weight,Crypto
2023-10-02,-0.02263630601154587,equal_weight,Crypto
2023-10-03,0.00018829581268208287,equal_weight,Crypto
2023-10-04,-0.006274930158273262,equal_weight,Crypto
2023-10-05,-0.011059632702356848,equal_weight,Crypto
2023-10-06,0.009812111022711312,equal_weight,Crypto
2023-10-07,-0.004232898693495946,equal_weight,Crypto
2023-10-08,-0.004816313761426894,equal_weight,Crypto
2023-10-09,-0.03092759364739514,equal_weight,Crypto
2023-10-10,-0.0074236072208691,equal_weight,Crypto
2023-10-11,-0.008962957009541505,equal_weight,Crypto
2023-10-12,-0.008336279694453464,equal_weight,Crypto
2023-10-13,0.00703169466928315,equal_weight,Crypto
2023-10-14,0.0015492963973016472,equal_weight,Crypto
2023-10-15,0.006085723990029368,equal_weight,Crypto
2023-10-16,0.029826719180017006,equal_weight,Crypto
2023-10-17,-0.018865643579989568,equal_weight,Crypto
2023-10-18,-0.006922478049449166,equal_weight,Crypto
2023-10-19,0.017096205176686596,equal_weight,Crypto
2023-10-20,0.02151512776330269,equal_weight,Crypto
2023-10-21,0.018699108965846388,equal_weight,Crypto
2023-10-22,0.00468562831336562,equal_weight,Crypto
2023-10-23,0.057254370553528625,equal_weight,Crypto
2023-10-24,-5.517032091718671e-05,equal_weight,Crypto
2023-10-25,0.003641279162773314,equal_weight,Crypto
2023-10-26,-0.0004957256077606444,equal_weight,Crypto
2023-10-27,-0.01083655687974755,equal_weight,Crypto
2023-10-28,0.012065201809833436,equal_weight,Crypto
2023-10-29,0.012478492769189997,equal_weight,Crypto
2023-10-30,0.012115615043815276,equal_weight,Crypto
2023-10-31,0.009585151462079566,equal_weight,Crypto
2023-11-01,0.020423321832506593,equal_weight,Crypto
2023-11-02,-0.010673215464948316,equal_weight,Crypto
2023-11-03,0.005687092970192598,equal_weight,Crypto
2023-11-04,0.00926673148983166,equal_weight,Crypto
2023-11-05,0.022180669055755532,equal_weight,Crypto
2023-11-06,0.029873216562228896,equal_weight,Crypto
2023-11-07,-0.015245608939161114,equal_weight,Crypto
2023-11-08,0.009123363828995878,equal_weight,Crypto
2023-11-09,0.018942521337077956,equal_weight,Crypto
2023-11-10,0.01611912776409111,equal_weight,Crypto
2023-11-11,0.00038478683348709415,equal_weight,Crypto
2023-11-12,-0.0006957615929076177,equal_weight,Crypto
2023-11-13,-0.015109750322123416,equal_weight,Crypto
2023-11-14,-0.03211101876751308,equal_weight,Crypto
2023-11-15,0.04185776999454001,equal_weight,Crypto
2023-11-16,-0.0333948653714404,equal_weight,Crypto
2023-11-17,-0.001351106118128609,equal_weight,Crypto
2023-11-18,0.0010200089476241625,equal_weight,Crypto
2023-11-19,0.01752721150821428,equal_weight,Crypto
2023-11-20,-0.012497110479452678,equal_weight,Crypto
2023-11-21,-0.05277398882146188,equal_weight,Crypto
2023-11-22,0.04727342608349422,equal_weight,Crypto
2023-11-23,0.003197785503091077,equal_weight,Crypto
2023-11-24,0.010683066717420787,equal_weight,Crypto
2023-11-25,0.014944736662485992,equal_weight,Crypto
2023-11-26,-0.010789537345764112,equal_weight,Crypto
2023-11-27,-0.024229064196371886,equal_weight,Crypto
2023-11-28,0.01087535974875631,equal_weight,Crypto
2023-11-29,-0.00156338881621233,equal_weight,Crypto
2023-11-30,-0.003735138334125721,equal_weight,Crypto
2023-12-01,0.01645782673107902,equal_weight,Crypto
2023-12-02,0.01966302971088343,equal_weight,Crypto
2023-12-03,0.004459218640063989,equal_weight,Crypto
2023-12-04,0.02434106799439686,equal_weight,Crypto
2023-12-05,0.018389489538105593,equal_weight,Crypto
2023-12-06,0.001323715687506553,equal_weight,Crypto
2023-12-07,0.02423427798230167,equal_weight,Crypto
2023-12-08,0.04694566876400497,equal_weight,Crypto
2023-12-09,0.006388985528143444,equal_weight,Crypto
2023-12-10,0.0019439946326410106,equal_weight,Crypto
2023-12-11,-0.06588507928304639,equal_weight,Crypto
2023-12-12,0.006350064513168773,equal_weight,Crypto
2023-12-13,0.03016846894188363,equal_weight,Crypto
2023-12-14,0.0058804058603049054,equal_weight,Crypto
2023-12-15,-0.04007389396266611,equal_weight,Crypto
2023-12-16,0.01889895317922652,equal_weight,Crypto
2023-12-17,-0.01908536977025386,equal_weight,Crypto
2023-12-18,0.0026682168001951447,equal_weight,Crypto
2023-12-19,-0.013889862746785242,equal_weight,Crypto
2023-12-20,0.01919465039816033,equal_weight,Crypto
2023-12-21,0.028038946398433566,equal_weight,Crypto
2023-12-22,0.017659209009807143,equal_weight,Crypto
2023-12-23,-0.009033084431587101,equal_weight,Crypto
2023-12-24,-0.017737058550317875,equal_weight,Crypto
2023-12-25,0.03047235648036244,equal_weight,Crypto
2023-12-26,-0.022479580266228292,equal_weight,Crypto
2023-12-27,0.05254635573080771,equal_weight,Crypto
2023-12-28,-0.00840828058475297,equal_weight,Crypto
2023-12-29,-0.018570001800694725,equal_weight,Crypto
2023-12-30,0.00732226086147536,equal_weight,Crypto
2023-12-31,-0.011748167139113263,equal_weight,Crypto
2021-05-20,0.10459988780908255,min_variance,Crypto
2021-05-21,-0.08847302471143378,min_variance,Crypto
2021-05-22,0.0012163687165021486,min_variance,Crypto
2021-05-23,-0.07660182000368591,min_variance,Crypto
2021-05-24,0.12280145453371757,min_variance,Crypto
2021-05-25,-0.006829268620000861,min_variance,Crypto
2021-05-26,0.024832208235133896,min_variance,Crypto
2021-05-27,-0.02403040649968317,min_variance,Crypto
2021-05-28,-0.07162043468197006,min_variance,Crypto
2021-05-29,-0.032275834859695464,min_variance,Crypto
2021-05-30,0.03265577748666081,min_variance,Crypto
2021-05-31,0.0500154144207223,min_variance,Crypto
2021-06-01,-0.01804370752428393,min_variance,Crypto
2021-06-02,0.023710174428335277,min_variance,Crypto
2021-06-03,0.04252518132586331,min_variance,Crypto
2021-06-04,-0.059589452775158556,min_variance,Crypto
2021-06-05,-0.03644214190034197,min_variance,Crypto
2021-06-06,0.009456729502413882,min_variance,Crypto
2021-06-07,-0.0655562000454094,min_variance,Crypto
2021-06-08,-0.0020753092197374826,min_variance,Crypto
2021-06-09,0.1125211882465075,min_variance,Crypto
2021-06-10,-0.01813543115670526,min_variance,Crypto
2021-06-11,0.015945963653023296,min_variance,Crypto
2021-06-12,-0.04690699435103485,min_variance,Crypto
2021-06-13,0.0985895888865323,min_variance,Crypto
2021-06-14,0.028171169766941624,min_variance,Crypto
2021-06-15,0.004492304188202803,min_variance,Crypto
2021-06-16,-0.051258458481558244,min_variance,Crypto
2021-06-17,-0.006772632689392256,min_variance,Crypto
2021-06-18,-0.059381125504165085,min_variance,Crypto
2021-06-19,-0.005695519850628444,min_variance,Crypto
2021-06-20,0.0025854176897975,min_variance,Crypto
2021-06-21,-0.11540202271340083,min_variance,Crypto
2021-06-22,0.022870312426017333,min_variance,Crypto
2021-06-23,0.04018311134355735,min_variance,Crypto
2021-06-24,0.029756869547785107,min_variance,Crypto
2021-06-25,-0.08713968935862922,min_variance,Crypto
2021-06-26,0.01704269427836929,min_variance,Crypto
2021-06-27,0.0757321933082096,min_variance,Crypto
2021-06-28,-0.00610673748776794,min_variance,Crypto
2021-06-29,0.04263927505279769,min_variance,Crypto
2021-06-30,-0.022242081551129167,min_variance,Crypto
2021-07-01,-0.04230738263434461,min_variance,Crypto
2021-07-02,0.009588183260286806,min_variance,Crypto
2021-07-03,0.022599859576125474,min_variance,Crypto
2021-07-04,0.017977957468229732,min_variance,Crypto
2021-07-05,-0.04388195800739479,min_variance,Crypto
2021-07-06,0.01444212470646368,min_variance,Crypto
2021-07-07,-0.011229328188687712,min_variance,Crypto
2021-07-08,-0.029321283039197638,min_variance,Crypto
2021-07-09,0.0278023790047286,min_variance,Crypto
2021-07-10,-0.008403104304836794,min_variance,Crypto
2021-07-11,0.021252034250059993,min_variance,Crypto
2021-07-12,-0.031267451944259346,min_variance,Crypto
2021-07-13,-0.013746533326756785,min_variance,Crypto
2021-07-14,0.0036972617751931157,min_variance,Crypto
2021-07-15,-0.0318684252197376,min_variance,Crypto
2021-07-16,-0.011533228155629655,min_variance,Crypto
2021-07-17,0.0033035843030552285,min_variance,Crypto
2021-07-18,0.008304492036345285,min_variance,Crypto
2021-07-19,-0.031264214649617324,min_variance,Crypto
2021-07-20,-0.03327693791593966,min_variance,Crypto
2021-07-21,0.07713711978722124,min_variance,Crypto
2021-07-22,0.007184568836916422,min_variance,Crypto
2021-07-23,0.03854355475718364,min_variance,Crypto
2021-07-24,0.020966470388221307,min_variance,Crypto
2021-07-25,0.029897787076191007,min_variance,Crypto
2021-07-26,0.0549094068292408,min_variance,Crypto
2021-07-27,0.05448566851975484,min_variance,Crypto
2021-07-28,0.016139721551815003,min_variance,Crypto
2021-07-29,0.0011618571787434923,min_variance,Crypto
2021-07-30,0.05432573751428458,min_variance,Crypto
2021-07-31,-0.01370259149076881,min_variance,Crypto
2021-08-01,-0.03891994748506913,min_variance,Crypto
2021-08-02,-0.01793802059145969,min_variance,Crypto
2021-08-03,-0.026540388476780582,min_variance,Crypto
2021-08-04,0.041859183424920704,min_variance,Crypto
2021-08-05,0.02819602553355806,min_variance,Crypto
2021-08-06,0.04675543939890777,min_variance,Crypto
2021-08-07,0.04140333310423424,min_variance,Crypto
2021-08-08,-0.017973937676384538,min_variance,Crypto
2021-08-09,0.057884633026559565,min_variance,Crypto
2021-08-10,-0.015543767647667626,min_variance,Crypto
2021-08-11,0.005208589266474623,min_variance,Crypto
2021-08-12,-0.023146252328841713,min_variance,Crypto
2021-08-13,0.07699446054759097,min_variance,Crypto
2021-08-14,-0.01138058989495467,min_variance,Crypto
2021-08-15,-0.0009668879430070166,min_variance,Crypto
2021-08-16,-0.023230657844833226,min_variance,Crypto
2021-08-17,-0.030370072505977414,min_variance,Crypto
2021-08-18,0.003839146709729097,min_variance,Crypto
2021-08-19,0.04479783659504885,min_variance,Crypto
2021-08-20,0.053870393022510836,min_variance,Crypto
2021-08-21,-0.009717196187969169,min_variance,Crypto
2021-08-22,0.010229891827246885,min_variance,Crypto
2021-08-23,0.006694924403749377,min_variance,Crypto
2021-08-24,-0.03876811969822189,min_variance,Crypto
2021-08-25,0.02623474892234623,min_variance,Crypto
2021-08-26,-0.04222173429233911,min_variance,Crypto
2021-08-27,0.04811870722774012,min_variance,Crypto
2021-08-28,-0.003598786911094038,min_variance,Crypto
2021-08-29,-0.001168722183196917,min_variance,Crypto
2021-08-30,-0.03604010410174123,min_variance,Crypto
2021-08-31,0.003933381666460536,min_variance,Crypto
2021-09-01,0.03729054212232987,min_variance,Crypto
2021-09-02,0.012075095961859371,min_variance,Crypto
2021-09-03,0.014140688422646862,min_variance,Crypto
2021-09-04,-0.0017866768369735478,min_variance,Crypto
2021-09-05,0.03604925589577449,min_variance,Crypto
2021-09-06,0.01512301735024005,min_variance,Crypto
2021-09-07,-0.11406653998859406,min_variance,Crypto
2021-09-08,-0.010094189725654429,min_variance,Crypto
2021-09-09,0.006383878341092255,min_variance,Crypto
2021-09-10,-0.03216894979687067,min_variance,Crypto
2021-09-11,0.009965029183616669,min_variance,Crypto
2021-09-12,0.02698033716239225,min_variance,Crypto
2021-09-13,-0.02656158951357812,min_variance,Crypto
2021-09-14,0.05110506093538402,min_variance,Crypto
2021-09-15,0.023143388531726476,min_variance,Crypto
2021-09-16,-0.009948009172765473,min_variance,Crypto
2021-09-17,-0.015165855716646259,min_variance,Crypto
2021-09-18,0.020588169785238697,min_variance,Crypto
2021-09-19,-0.02118693307773498,min_variance,Crypto
2021-09-20,-0.09498201314206334,min_variance,Crypto
2021-09-21,-0.049053576391222015,min_variance,Crypto
2021-09-22,0.07377619390028073,min_variance,Crypto
2021-09-23,0.02960029980873875,min_variance,Crypto
2021-09-24,-0.046126637794567334,min_variance,Crypto
2021-09-25,-0.0031379985859848296,min_variance,Crypto
2021-09-26,0.009754989645264202,min_variance,Crypto
2021-09-27,-0.02252918328027583,min_variance,Crypto
2021-09-28,-0.028781720897563298,min_variance,Crypto
2021-09-29,0.013463255424738032,min_variance,Crypto
2021-09-30,0.05288158387498438,min_variance,Crypto
2021-10-01,0.09739322882796235,min_variance,Crypto
2021-10-02,-0.008450052059145112,min_variance,Crypto
2021-10-03,0.010240675590426915,min_variance,Crypto
2021-10-04,0.01749207505250405,min_variance,Crypto
2021-10-05,0.0480407037628474,min_variance,Crypto
2021-10-06,0.07155532076188666,min_variance,Crypto
2021-10-07,-0.02670223401643899,min_variance,Crypto
2021-10-08,0.0032938926967049425,min_variance,Crypto
2021-10-09,0.019394897467893725,min_variance,Crypto
2021-10-10,-0.005108865948331532,min_variance,Crypto
2021-10-11,0.047379965413046246,min_variance,Crypto
2021-10-12,-0.024898324035979774,min_variance,Crypto
2021-10-13,0.024413469587894008,min_variance,Crypto
2021-10-14,-0.0017167542271953535,min_variance,Crypto
2021-10-15,0.07182703920852307,min_variance,Crypto
2021-10-16,-0.011072742286441405,min_variance,Crypto
2021-10-17,0.010208099256516532,min_variance,Crypto
2021-10-18,0.006939204608118148,min_variance,Crypto
2021-10-19,0.03503037627102748,min_variance,Crypto
2021-10-20,0.02697772070345985,min_variance,Crypto
2021-10-21,-0.05606909314734999,min_variance,Crypto
2021-10-22,-0.02304557825789509,min_variance,Crypto
2021-10-23,0.011392351532525834,min_variance,Crypto
2021-10-24,-0.007961703678881741,min_variance,Crypto
2021-10-25,0.033616000485361376,min_variance,Crypto
2021-10-26,-0.04037703666307909,min_variance,Crypto
2021-10-27,-0.03455249724126039,min_variance,Crypto
2021-10-28,0.03708067206122157,min_variance,Crypto
2021-10-29,0.026753258512100617,min_variance,Crypto
2021-10-30,-0.005112027045655806,min_variance,Crypto
2021-10-31,-0.008599377234521217,min_variance,Crypto
2021-11-01,-0.005307130744350277,min_variance,Crypto
2021-11-02,0.0369844538021777,min_variance,Crypto
2021-11-03,-0.0035583890649270207,min_variance,Crypto
2021-11-04,-0.0244886310002649,min_variance,Crypto
2021-11-05,-0.004873933012415279,min_variance,Crypto
2021-11-06,0.00612337340241131,min_variance,Crypto
2021-11-07,0.028285583808014606,min_variance,Crypto
2021-11-08,0.06596815369192184,min_variance,Crypto
2021-11-09,-0.0048611595458984145,min_variance,Crypto
2021-11-10,-0.032084693104854435,min_variance,Crypto
2021-11-11,-0.00014235490280888594,min_variance,Crypto
2021-11-12,-0.012441146101647416,min_variance,Crypto
2021-11-13,0.006110259829827002,min_variance,Crypto
2021-11-14,0.015565465530103044,min_variance,Crypto
2021-11-15,-0.025890864989758237,min_variance,Crypto
2021-11-16,-0.05584640308408213,min_variance,Crypto
2021-11-17,0.003703958572332214,min_variance,Crypto
2021-11-18,-0.05773842180964917,min_variance,Crypto
2021-11-19,0.02181645911156817,min_variance,Crypto
2021-11-20,0.026712820197221234,min_variance,Crypto
2021-11-21,-0.015921888502090826,min_variance,Crypto
2021-11-22,-0.0415368856226153,min_variance,Crypto
2021-11-23,0.02120872618358308,min_variance,Crypto
2021-11-24,-0.02275526422912669,min_variance,Crypto
2021-11-25,0.01519093377971019,min_variance,Crypto
2021-11-26,-0.0650535851625736,min_variance,Crypto
2021-11-27,0.02266051454059534,min_variance,Crypto
2021-11-28,0.04311489286416605,min_variance,Crypto
2021-11-29,0.00983350715360989,min_variance,Crypto
2021-11-30,-0.013962300677212406,min_variance,Crypto
2021-12-01,0.0036302829677037417,min_variance,Crypto
2021-12-02,-0.008635474366985965,min_variance,Crypto
2021-12-03,-0.05187720877564558,min_variance,Crypto
2021-12-04,-0.08198422782515816,min_variance,Crypto
2021-12-05,0.0013197842884208324,min_variance,Crypto
2021-12-06,0.025260224505758804,min_variance,Crypto
2021-12-07,0.002180658363316319,min_variance,Crypto
2021-12-08,-0.002485142740748918,min_variance,Crypto
2021-12-09,-0.0562406780467509,min_variance,Crypto
2021-12-10,-0.010694807537939038,min_variance,Crypto
2021-12-11,0.0471203712865496,min_variance,Crypto
2021-12-12,0.01363737904522185,min_variance,Crypto
2021-12-13,-0.06784861795929079,min_variance,Crypto
2021-12-14,-0.0023589350171914878,min_variance,Crypto
2021-12-15,0.048983235535972544,min_variance,Crypto
2021-12-16,-0.025627923012215142,min_variance,Crypto
2021-12-17,-0.031640680810640164,min_variance,Crypto
2021-12-18,0.013919212861097171,min_variance,Crypto
2021-12-19,-0.0032152481208905914,min_variance,Crypto
2021-12-20,0.0026419922580780027,min_variance,Crypto
2021-12-21,0.042881522373126854,min_variance,Crypto
2021-12-22,-0.00531980045657161,min_variance,Crypto
2021-12-23,0.04539016948720794,min_variance,Crypto
2021-12-24,-0.000844820938885125,min_variance,Crypto
2021-12-25,-0.006426438689964528,min_variance,Crypto
2021-12-26,0.00722688332756355,min_variance,Crypto
2021-12-27,-0.0027745896746338697,min_variance,Crypto
2021-12-28,-0.06001461271499713,min_variance,Crypto
2021-12-29,-0.02402867328952835,min_variance,Crypto
2021-12-30,0.015998090694706823,min_variance,Crypto
2021-12-31,-0.01921435821367938,min_variance,Crypto
2022-01-01,0.029706255948589246,min_variance,Crypto
2022-01-02,-0.006324973471781496,min_variance,Crypto
2022-01-03,-0.018772963478073418,min_variance,Crypto
2022-01-04,-0.011973649683712008,min_variance,Crypto
2022-01-05,-0.05124341358242436,min_variance,Crypto
2022-01-06,-0.008736675577262376,min_variance,Crypto
2022-01-07,-0.037478526118130004,min_variance,Crypto
2022-01-08,0.002473493470849473,min_variance,Crypto
2022-01-09,0.004269497539534911,min_variance,Crypto
2022-01-10,-0.004000333903370393,min_variance,Crypto
2022-01-11,0.022120126184348016,min_variance,Crypto
2022-01-12,0.02982686898232173,min_variance,Crypto
2022-01-13,-0.030928777016730094,min_variance,Crypto
2022-01-14,0.01260565692666332,min_variance,Crypto
2022-01-15,0.002259879249946467,min_variance,Crypto
2022-01-16,0.00014298443001662848,min_variance,Crypto
2022-01-17,-0.01732568342928438,min_variance,Crypto
2022-01-18,0.0008054772382183293,min_variance,Crypto
2022-01-19,-0.01450323543554797,min_variance,Crypto
2022-01-20,-0.025700196323785358,min_variance,Crypto
2022-01-21,-0.10372622291488502,min_variance,Crypto
2022-01-22,-0.04042281086256811,min_variance,Crypto
2022-01-23,0.03496017019927379,min_variance,Crypto
2022-01-24,0.007734866936599025,min_variance,Crypto
2022-01-25,0.008172709348047823,min_variance,Crypto
2022-01-26,-0.0020380863491379383,min_variance,Crypto
2022-01-27,0.00665540257080092,min_variance,Crypto
2022-01-28,0.017188050925482926,min_variance,Crypto
2022-01-29,0.009928302009001546,min_variance,Crypto
2022-01-30,-0.006473073329543616,min_variance,Crypto
2022-01-31,0.014773091689242767,min_variance,Crypto
2022-02-01,0.0075458274191916455,min_variance,Crypto
2022-02-02,-0.046019978461339,min_variance,Crypto
2022-02-03,0.006178772774722936,min_variance,Crypto
2022-02-04,0.11533114693189966,min_variance,Crypto
2022-02-05,-0.00147781799573738,min_variance,Crypto
2022-02-06,0.02321417008597632,min_variance,Crypto
2022-02-07,0.0340091206865084,min_variance,Crypto
2022-02-08,0.005599322834593956,min_variance,Crypto
2022-02-09,0.005520168989244585,min_variance,Crypto
2022-02-10,-0.017888921709124886,min_variance,Crypto
2022-02-11,-0.028108987748987086,min_variance,Crypto
2022-02-12,-0.004350833115488529,min_variance,Crypto
2022-02-13,-0.0011182776507284871,min_variance,Crypto
2022-02-14,0.00897818332511267,min_variance,Crypto
2022-02-15,0.04671159650029949,min_variance,Crypto
2022-02-16,-0.013798984049943725,min_variance,Crypto
2022-02-17,-0.07706319416708822,min_variance,Crypto
2022-02-18,-0.012409360274522597,min_variance,Crypto
2022-02-19,0.002298291426835626,min_variance,Crypto
2022-02-20,-0.04249602054870866,min_variance,Crypto
2022-02-21,-0.03666010371628154,min_variance,Crypto
2022-02-22,0.03305448732959316,min_variance,Crypto
2022-02-23,-0.02576191655593179,min_variance,Crypto
2022-02-24,0.026018908756923278,min_variance,Crypto
2022-02-25,0.023029280567426404,min_variance,Crypto
2022-02-26,-0.0029731543559685133,min_variance,Crypto
2022-02-27,-0.03543259151069586,min_variance,Crypto
2022-02-28,0.14325986291967693,min_variance,Crypto
2022-03-01,0.025834282933721194,min_variance,Crypto
2022-03-02,-0.010144453475946284,min_variance,Crypto
2022-03-03,-0.03352190423587499,min_variance,Crypto
2022-03-04,-0.07691708461610473,min_variance,Crypto
2022-03-05,0.007839698770370015,min_variance,Crypto
2022-03-06,-0.025576387985271596,min_variance,Crypto
2022-03-07,-0.009892306008431148,min_variance,Crypto
2022-03-08,0.01759710879133031,min_variance,Crypto
2022-03-09,0.08177961160901984,min_variance,Crypto
2022-03-10,-0.05869726617777824,min_variance,Crypto
2022-03-11,-0.015524455655540755,min_variance,Crypto
2022-03-12,0.0022818438855912613,min_variance,Crypto
2022-03-13,-0.025581704712548184,min_variance,Crypto
2022-03-14,0.04589421387219919,min_variance,Crypto
2022-03-15,-0.0076469938758001975,min_variance,Crypto
2022-03-16,0.04457608739317887,min_variance,Crypto
2022-03-17,-0.0046101193159825355,min_variance,Crypto
2022-03-18,0.020500578756201142,min_variance,Crypto
2022-03-19,0.010280298294683382,min_variance,Crypto
2022-03-20,-0.021901256657572678,min_variance,Crypto
2022-03-21,-0.002501166955039026,min_variance,Crypto
2022-03-22,0.031855733177676614,min_variance,Crypto
2022-03-23,0.015766489509404912,min_variance,Crypto
2022-03-24,0.024568733295010525,min_variance,Crypto
2022-03-25,0.006912125848063968,min_variance,Crypto
2022-03-26,0.005419387279041833,min_variance,Crypto
2022-03-27,0.05124996151140678,min_variance,Crypto
2022-03-28,0.005849691866440029,min_variance,Crypto
2022-03-29,0.007332010362706017,min_variance,Crypto
2022-03-30,-0.005964061960208104,min_variance,Crypto
2022-03-31,-0.030931330725324634,min_variance,Crypto
2022-04-01,0.016307446983382604,min_variance,Crypto
2022-04-02,-0.009389256206494953,min_variance,Crypto
2022-04-03,0.012485568081364558,min_variance,Crypto
2022-04-04,0.0026888987849622422,min_variance,Crypto
2022-04-05,-0.022996239312981066,min_variance,Crypto
2022-04-06,-0.05394721020025343,min_variance,Crypto
2022-04-07,0.007908473075178496,min_variance,Crypto
2022-04-08,-0.028667982054302488,min_variance,Crypto
2022-04-09,0.012254429240764237,min_variance,Crypto
2022-04-10,-0.013765177287883807,min_variance,Crypto
2022-04-11,-0.06470805917985883,min_variance,Crypto
2022-04-12,0.016306672495935353,min_variance,Crypto
2022-04-13,0.025800083408098005,min_variance,Crypto
2022-04-14,-0.029901506800240642,min_variance,Crypto
2022-04-15,0.016160111079440428,min_variance,Crypto
2022-04-16,-0.0029978065500854086,min_variance,Crypto
2022-04-17,-0.018280314763048613,min_variance,Crypto
2022-04-18,0.027564633229809125,min_variance,Crypto
2022-04-19,0.017074033718678352,min_variance,Crypto
2022-04-20,-0.0036832800254687713,min_variance,Crypto
2022-04-21,-0.014576858039253661,min_variance,Crypto
2022-04-22,-0.020848012413625928,min_variance,Crypto
2022-04-23,-0.005921658153577599,min_variance,Crypto
2022-04-24,-0.0015461584912528316,min_variance,Crypto
2022-04-25,0.023701369827437646,min_variance,Crypto
2022-04-26,-0.05804131631729556,min_variance,Crypto
2022-04-27,0.028903518475353416,min_variance,Crypto
2022-04-28,0.013202495741920053,min_variance,Crypto
2022-04-29,-0.02860947646244482,min_variance,Crypto
2022-04-30,-0.023450343233696994,min_variance,Crypto
2022-05-01,0.024569388187021136,min_variance,Crypto
2022-05-02,0.00014993842867056035,min_variance,Crypto
2022-05-03,-0.01739302563369296,min_variance,Crypto
2022-05-04,0.05895774061164235,min_variance,Crypto
2022-05-05,-0.0815276981503907,min_variance,Crypto
2022-05-06,-0.008139335406304293,min_variance,Crypto
2022-05-07,-0.015892379850116344,min_variance,Crypto
2022-05-08,-0.03698050363125373,min_variance,Crypto
2022-05-09,-0.11363701329771404,min_variance,Crypto
2022-05-10,0.025104958158077027,min_variance,Crypto
2022-05-11,-0.06815279263514352,min_variance,Crypto
2022-05-12,0.0007007980142365001,min_variance,Crypto
2022-05-13,0.011092796276945002,min_variance,Crypto
2022-05-14,0.02634733442681003,min_variance,Crypto
2022-05-15,0.03875101611692139,min_variance,Crypto
2022-05-16,-0.04606252594880772,min_variance,Crypto
2022-05-17,0.0197260405531565,min_variance,Crypto
2022-05-18,-0.054945525249724375,min_variance,Crypto
2022-05-19,0.05493011291640828,min_variance,Crypto
2022-05-20,-0.03653858710723109,min_variance,Crypto
2022-05-21,0.008877940046050078,min_variance,Crypto
2022-05-22,0.031050289610729125,min_variance,Crypto
2022-05-23,-0.03988476631742936,min_variance,Crypto
2022-05-24,0.020297271146563822,min_variance,Crypto
2022-05-25,-0.0015030137466884373,min_variance,Crypto
2022-05-26,-0.010554703130288844,min_variance,Crypto
2022-05-27,-0.021864783466931118,min_variance,Crypto
2022-05-28,0.00659717876916675,min_variance,Crypto
2022-05-29,0.020944914725283755,min_variance,Crypto
2022-05-30,0.07619931891867913,min_variance,Crypto
2022-05-31,0.002450288796372713,min_variance,Crypto
2022-06-01,-0.06105943588004698,min_variance,Crypto
2022-06-02,0.022348072138598487,min_variance,Crypto
2022-06-03,-0.02511626976453843,min_variance,Crypto
2022-06-04,0.00424190185223712,min_variance,Crypto
2022-06-05,0.0025373702021374905,min_variance,Crypto
2022-06-06,0.04867477914806599,min_variance,Crypto
2022-06-07,-0.006794826337468988,min_variance,Crypto
2022-06-08,-0.030125344091386626,min_variance,Crypto
2022-06-09,-0.0033413751397489352,min_variance,Crypto
2022-06-10,-0.03409039364951753,min_variance,Crypto
2022-06-11,-0.02493897288388584,min_variance,Crypto
2022-06-12,-0.055968906654200574,min_variance,Crypto
2022-06-13,-0.15978085154283986,min_variance,Crypto
2022-06-14,-0.013167875402966529,min_variance,Crypto
2022-06-15,0.017164848143147383,min_variance,Crypto
2022-06-16,-0.09685219027615082,min_variance,Crypto
2022-06-17,0.004461571103224969,min_variance,Crypto
2022-06-18,-0.07047745480676593,min_variance,Crypto
2022-06-19,0.08031208683394102,min_variance,Crypto
2022-06-20,0.002203231147774111,min_variance,Crypto
2022-06-21,0.005727174118221395,min_variance,Crypto
2022-06-22,-0.034885857369404444,min_variance,Crypto
2022-06-23,0.05497803800296652,min_variance,Crypto
2022-06-24,0.0069135989553137395,min_variance,Crypto
2022-06-25,0.012748964915301864,min_variance,Crypto
2022-06-26,-0.02209261947079333,min_variance,Crypto
2022-06-27,-0.013877981325425726,min_variance,Crypto
2022-06-28,-0.02193553187871977,min_variance,Crypto
2022-06-29,-0.008708372798288844,min_variance,Crypto
2022-06-30,-0.01588223750298734,min_variance,Crypto
2022-07-01,-0.02604834458398897,min_variance,Crypto
2022-07-02,-0.0014069651515379305,min_variance,Crypto
2022-07-03,0.002848954556089245,min_variance,Crypto
2022-07-04,0.04841073013105235,min_variance,Crypto
2022-07-05,-0.0020338071321012187,min_variance,Crypto
2022-07-06,0.017737930428710857,min_variance,Crypto
2022-07-07,0.053013857820514154,min_variance,Crypto
2022-07-08,0.004322538045727463,min_variance,Crypto
2022-07-09,-0.006392223420980113,min_variance,Crypto
2022-07-10,-0.03388990349346599,min_variance,Crypto
2022-07-11,-0.04265931997884009,min_variance,Crypto
2022-07-12,-0.03237979740682695,min_variance,Crypto
2022-07-13,0.04596171114078618,min_variance,Crypto
2022-07-14,0.017588048555175984,min_variance,Crypto
2022-07-15,0.012804958869408398,min_variance,Crypto
2022-07-16,0.017136981748208057,min_variance,Crypto
2022-07-17,-0.019422435549237116,min_variance,Crypto
2022-07-18,0.08128418825143738,min_variance,Crypto
2022-07-19,0.03962428720736033,min_variance,Crypto
2022-07-20,-0.006966316738917555,min_variance,Crypto
2022-07-21,-0.002755368680908802,min_variance,Crypto
2022-07-22,-0.019338274544304403,min_variance,Crypto
2022-07-23,-0.01084562443940128,min_variance,Crypto
2022-07-24,0.0063001309786989,min_variance,Crypto
2022-07-25,-0.05504451949743486,min_variance,Crypto
2022-07-26,-0.005290158184933133,min_variance,Crypto
2022-07-27,0.07919025036198268,min_variance,Crypto
2022-07-28,0.03948447629112991,min_variance,Crypto
2022-07-29,-0.001719070188025878,min_variance,Crypto
2022-07-30,-0.006175690454683226,min_variance,Crypto
2022-07-31,-0.01334463155215077,min_variance,Crypto
2022-08-01,-0.0007500862518765506,min_variance,Crypto
2022-08-02,-0.014530239299554734,min_variance,Crypto
2022-08-03,-0.0057606654041156575,min_variance,Crypto
2022-08-04,-0.009223249571018903,min_variance,Crypto
2022-08-05,0.028958336294127144,min_variance,Crypto
2022-08-06,-0.014011932438118059,min_variance,Crypto
2022-08-07,0.009289338833662677,min_variance,Crypto
2022-08-08,0.02717148539660581,min_variance,Crypto
2022-08-09,-0.02706641496136507,min_variance,Crypto
2022-08-10,0.03376030365331861,min_variance,Crypto
2022-08-11,0.00041052420399777793,min_variance,Crypto
2022-08-12,0.018448940847852445,min_variance,Crypto
2022-08-13,0.0008003814188307712,min_variance,Crypto
2022-08-14,-0.004195328179308225,min_variance,Crypto
2022-08-15,-0.007607052371433335,min_variance,Crypto
2022-08-16,-0.010332100840875913,min_variance,Crypto
2022-08-17,-0.02290354449971061,min_variance,Crypto
2022-08-18,-0.005331648583796367,min_variance,Crypto
2022-08-19,-0.1001853239579229,min_variance,Crypto
2022-08-20,0.013923581655758119,min_variance,Crypto
2022-08-21,0.017271422504351958,min_variance,Crypto
2022-08-22,-0.006280080925511152,min_variance,Crypto
2022-08-23,0.006074336925500837,min_variance,Crypto
2022-08-24,-0.006303671710349407,min_variance,Crypto
2022-08-25,0.00963811946774752,min_variance,Crypto
2022-08-26,-0.061948223952923535,min_variance,Crypto
2022-08-27,-0.009552978304256715,min_variance,Crypto
2022-08-28,-0.021261522233765127,min_variance,Crypto
2022-08-29,0.03456800535848936,min_variance,Crypto
2022-08-30,-0.022893769093583163,min_variance,Crypto
2022-08-31,0.011492968832266347,min_variance,Crypto
2022-09-01,0.0036103789565210083,min_variance,Crypto
2022-09-02,-0.007919653800116727,min_variance,Crypto
2022-09-03,-0.0062980457233867875,min_variance,Crypto
2022-09-04,0.007744384143267348,min_variance,Crypto
2022-09-05,-0.00872963954965862,min_variance,Crypto
2022-09-06,-0.048630634423482706,min_variance,Crypto
2022-09-07,0.023766758069309012,min_variance,Crypto
2022-09-08,0.0015921612236874214,min_variance,Crypto
2022-09-09,0.10335691723062239,min_variance,Crypto
2022-09-10,0.014228479140040102,min_variance,Crypto
2022-09-11,0.003584410684057642,min_variance,Crypto
2022-09-12,0.026363239123772565,min_variance,Crypto
2022-09-13,-0.09073702127766023,min_variance,Crypto
2022-09-14,-0.0023033675956056834,min_variance,Crypto
2022-09-15,-0.02453361846947782,min_variance,Crypto
2022-09-16,0.00331734319863592,min_variance,Crypto
2022-09-17,0.017779498505361212,min_variance,Crypto
2022-09-18,-0.03389950232976387,min_variance,Crypto
2022-09-19,0.004852003230227213,min_variance,Crypto
2022-09-20,-0.03100479447976971,min_variance,Crypto
2022-09-21,-0.017266694692395328,min_variance,Crypto
2022-09-22,0.04376465234127162,min_variance,Crypto
2022-09-23,-0.005042555623238879,min_variance,Crypto
2022-09-24,-0.01775082946070608,min_variance,Crypto
2022-09-25,-0.006641656433605396,min_variance,Crypto
2022-09-26,0.019773964439403175,min_variance,Crypto
2022-09-27,-0.005473377677936815,min_variance,Crypto
2022-09-28,0.015170724972473097,min_variance,Crypto
2022-09-29,0.009228342142507145,min_variance,Crypto
2022-09-30,-0.006509112033843563,min_variance,Crypto
2022-10-01,-0.006433218399849695,min_variance,Crypto
2022-10-02,-0.011774008956166714,min_variance,Crypto
2022-10-03,0.028180863231185297,min_variance,Crypto
2022-10-04,0.03417224556965615,min_variance,Crypto
2022-10-05,-0.007600668557262089,min_variance,Crypto
2022-10-06,-0.007100592489685053,min_variance,Crypto
2022-10-07,-0.017390309505105648,min_variance,Crypto
2022-10-08,-0.006697412661986333,min_variance,Crypto
2022-10-09,0.002347194746205454,min_variance,Crypto
2022-10-10,-0.011389534032014436,min_variance,Crypto
2022-10-11,-0.007507045009272728,min_variance,Crypto
2022-10-12,0.004956000701306118,min_variance,Crypto
2022-10-13,0.007086917032226177,min_variance,Crypto
2022-10-14,0.00109713745383315,min_variance,Crypto
2022-10-15,-0.011373133048796736,min_variance,Crypto
2022-10-16,0.008471593226075193,min_variance,Crypto
2022-10-17,0.014473042698154338,min_variance,Crypto
2022-10-18,-0.010452658602872495,min_variance,Crypto
2022-10-19,-0.00933327022534968,min_variance,Crypto
2022-10-20,-0.0022674938989204344,min_variance,Crypto
2022-10-21,0.003310416500331363,min_variance,Crypto
2022-10-22,0.0014333857139275368,min_variance,Crypto
2022-10-23,0.01581792510234932,min_variance,Crypto
2022-10-24,-0.010737135217861732,min_variance,Crypto
2022-10-25,0.034578305470523055,min_variance,Crypto
2022-10-26,0.030233710861324332,min_variance,Crypto
2022-10-27,-0.019325515967716766,min_variance,Crypto
2022-10-28,0.013772940328110106,min_variance,Crypto
2022-10-29,0.010558875257753795,min_variance,Crypto
2022-10-30,-0.010635651708120433,min_variance,Crypto
2022-10-31,-0.004425388390355652,min_variance,Crypto
2022-11-01,-0.002312395767912426,min_variance,Crypto
2022-11-02,-0.01690741437994056,min_variance,Crypto
2022-11-03,0.0028010168722120282,min_variance,Crypto
2022-11-04,0.042765211436841366,min_variance,Crypto
2022-11-05,0.004191888986969044,min_variance,Crypto
2022-11-06,-0.015856263698926152,min_variance,Crypto
2022-11-07,-0.01350495016642425,min_variance,Crypto
2022-11-08,-0.08927542864611147,min_variance,Crypto
2022-11-09,-0.12998671611016274,min_variance,Crypto
2022-11-10,0.10019049866633091,min_variance,Crypto
2022-11-11,-0.031588606550404824,min_variance,Crypto
2022-11-12,-0.014465800376464763,min_variance,Crypto
2022-11-13,-0.038244934635435025,min_variance,Crypto
2022-11-14,0.008409516118910838,min_variance,Crypto
2022-11-15,0.014814876418631408,min_variance,Crypto
2022-11-16,-0.011851433334389741,min_variance,Crypto
2022-11-17,-0.0002362077360004649,min_variance,Crypto
2022-11-18,0.004221788481400705,min_variance,Crypto
2022-11-19,0.009617677963829068,min_variance,Crypto
2022-11-20,-0.02990740382730059,min_variance,Crypto
2022-11-21,-0.01308134036843585,min_variance,Crypto
2022-11-22,0.013017807870499033,min_variance,Crypto
2022-11-23,0.024764129894923964,min_variance,Crypto
2022-11-24,0.006554874874764047,min_variance,Crypto
2022-11-25,-0.00306342142592393,min_variance,Crypto
2022-11-26,-0.003382727278036561,min_variance,Crypto
2022-11-27,0.0017777285079394163,min_variance,Crypto
2022-11-28,-0.01077326985052756,min_variance,Crypto
2022-11-29,0.01136650771977531,min_variance,Crypto
2022-11-30,0.03805978103367016,min_variance,Crypto
2022-12-01,-0.010779844441932095,min_variance,Crypto
2022-12-02,0.006478682276002641,min_variance,Crypto
2022-12-03,-0.011731363320151587,min_variance,Crypto
2022-12-04,0.006581668140243566,min_variance,Crypto
2022-12-05,-0.005663690153062417,min_variance,Crypto
2022-12-06,0.006737838258368727,min_variance,Crypto
2022-12-07,-0.012954278444600236,min_variance,Crypto
2022-12-08,0.02385932895756437,min_variance,Crypto
2022-12-09,-0.0030866421286357896,min_variance,Crypto
2022-12-10,0.0006032438650885386,min_variance,Crypto
2022-12-11,-0.005757680982177276,min_variance,Crypto
2022-12-12,0.0015389146357594184,min_variance,Crypto
2022-12-13,0.02840417569170483,min_variance,Crypto
2022-12-14,0.008387766858908897,min_variance,Crypto
2022-12-15,-0.016813429020387044,min_variance,Crypto
2022-12-16,-0.0441887416129306,min_variance,Crypto
2022-12-17,0.017378446149031168,min_variance,Crypto
2022-12-18,-0.007671691664782937,min_variance,Crypto
2022-12-19,-0.013978764718535137,min_variance,Crypto
2022-12-20,0.027400441216371304,min_variance,Crypto
2022-12-21,-0.004396585930056576,min_variance,Crypto
2022-12-22,0.00452970497963277,min_variance,Crypto
2022-12-23,-0.008747680180866852,min_variance,Crypto
2022-12-24,0.004989299412783884,min_variance,Crypto
2022-12-25,0.0001741114802803587,min_variance,Crypto
2022-12-26,0.00169121332529424,min_variance,Crypto
2022-12-27,-0.01079172616820221,min_variance,Crypto
2022-12-28,-0.00655338598236772,min_variance,Crypto
2022-12-29,0.003050555506497649,min_variance,Crypto
2022-12-30,0.0003502809928190901,min_variance,Crypto
2022-12-31,-0.0016131985391180368,min_variance,Crypto
2023-01-01,0.005046481348322937,min_variance,Crypto
2023-01-02,0.004519198970806855,min_variance,Crypto
2023-01-03,-0.0021371383190432513,min_variance,Crypto
2023-01-04,0.007110706482913402,min_variance,Crypto
2023-01-05,-0.007016244500979709,min_variance,Crypto
2023-01-06,-0.0018060529943817346,min_variance,Crypto
2023-01-07,-0.0026096584512493447,min_variance,Crypto
2023-01-08,0.016042658480211112,min_variance,Crypto
2023-01-09,0.008860930452717668,min_variance,Crypto
2023-01-10,0.010992899262331289,min_variance,Crypto
2023-01-11,0.028943710914846522,min_variance,Crypto
2023-01-12,0.039696166296022274,min_variance,Crypto
2023-01-13,0.05380257182511633,min_variance,Crypto
2023-01-14,0.046766021625695174,min_variance,Crypto
2023-01-15,-0.000823500620514759,min_variance,Crypto
2023-01-16,0.01000666768907568,min_variance,Crypto
2023-01-17,-0.0036789481037258587,min_variance,Crypto
2023-01-18,-0.028927286097879347,min_variance,Crypto
2023-01-19,0.01931690703287884,min_variance,Crypto
2023-01-20,0.06574953569896186,min_variance,Crypto
2023-01-21,-0.0023977772335294152,min_variance,Crypto
2023-01-22,-0.0019953608332118613,min_variance,Crypto
2023-01-23,0.012270402377362318,min_variance,Crypto
2023-01-24,-0.021954411440654343,min_variance,Crypto
2023-01-25,0.023121737531909575,min_variance,Crypto
2023-01-26,-0.0030914887276312186,min_variance,Crypto
2023-01-27,0.01073680850765793,min_variance,Crypto
2023-01-28,-0.003826417510793028,min_variance,Crypto
2023-01-29,0.025674400800182864,min_variance,Crypto
2023-01-30,-0.03460211919723973,min_variance,Crypto
2023-01-31,0.008871311601653392,min_variance,Crypto
2023-02-01,0.022254542320545696,min_variance,Crypto
2023-02-02,-0.0044945554559704184,min_variance,Crypto
2023-02-03,0.0011076130793149265,min_variance,Crypto
2023-02-04,-0.004896564366134372,min_variance,Crypto
2023-02-05,-0.009810368448943427,min_variance,Crypto
2023-02-06,-0.010200569227597772,min_variance,Crypto
2023-02-07,0.027984437634480157,min_variance,Crypto
2023-02-08,-0.004380504111995646,min_variance,Crypto
2023-02-09,-0.05499595252006355,min_variance,Crypto
2023-02-10,0.00018376969275113366,min_variance,Crypto
2023-02-11,0.009096789722055227,min_variance,Crypto
2023-02-12,-0.0020065299849612835,min_variance,Crypto
2023-02-13,0.011974413815705987,min_variance,Crypto
2023-02-14,0.018321684490664236,min_variance,Crypto
2023-02-15,0.08030736366522703,min_variance,Crypto
2023-02-16,-0.03953053568167732,min_variance,Crypto
2023-02-17,0.04550240055000397,min_variance,Crypto
2023-02-18,-7.081832579816411e-05,min_variance,Crypto
2023-02-19,-0.005997185499189617,min_variance,Crypto
2023-02-20,0.02122688526608483,min_variance,Crypto
2023-02-21,-0.02350602444895088,min_variance,Crypto
2023-02-22,-0.006130046477222167,min_variance,Crypto
2023-02-23,-0.004890362322163197,min_variance,Crypto
2023-02-24,-0.02869860284738213,min_variance,Crypto
2023-02-25,-0.0006844074153065313,min_variance,Crypto
2023-02-26,0.020005002174691578,min_variance,Crypto
2023-02-27,-0.0016444746377366115,min_variance,Crypto
2023-02-28,-0.01165539181140796,min_variance,Crypto
2023-03-01,0.017836924786648483,min_variance,Crypto
2023-03-02,-0.005647174867021638,min_variance,Crypto
2023-03-03,-0.042772343988912165,min_variance,Crypto
2023-03-04,-0.0030681407336006746,min_variance,Crypto
2023-03-05,0.0056282379871754615,min_variance,Crypto
2023-03-06,0.0007043326835487248,min_variance,Crypto
2023-03-07,-0.01235809688896691,min_variance,Crypto
2023-03-08,-0.01961436466825267,min_variance,Crypto
2023-03-09,-0.07906278761792651,min_variance,Crypto
2023-03-10,-0.012280110995285691,min_variance,Crypto
2023-03-11,0.02613671168191371,min_variance,Crypto
2023-03-12,0.08120679057295484,min_variance,Crypto
2023-03-13,0.07065627264194071,min_variance,Crypto
2023-03-14,0.013124477169102167,min_variance,Crypto
2023-03-15,-0.019797449363188967,min_variance,Crypto
2023-03-16,0.017036102450151518,min_variance,Crypto
2023-03-17,0.07174256673073642,min_variance,Crypto
2023-03-18,-0.021318406156112774,min_variance,Crypto
2023-03-19,0.02933070964952878,min_variance,Crypto
2023-03-20,-0.015715617479011613,min_variance,Crypto
2023-03-21,0.02152876290762729,min_variance,Crypto
2023-03-22,-0.061870928148231766,min_variance,Crypto
2023-03-23,0.05840914094702418,min_variance,Crypto
2023-03-24,-0.028962088185220603,min_variance,Crypto
2023-03-25,0.0017846640932979304,min_variance,Crypto
2023-03-26,0.014025707975886781,min_variance,Crypto
2023-03-27,-0.022330278861140123,min_variance,Crypto
2023-03-28,0.006815938112630408,min_variance,Crypto
2023-03-29,0.02465701516731811,min_variance,Crypto
2023-03-30,-0.0037365021176962547,min_variance,Crypto
2023-03-31,0.014444334616328838,min_variance,Crypto
2023-04-01,0.0059961054555519745,min_variance,Crypto
2023-04-02,-0.01358574970292238,min_variance,Crypto
2023-04-03,-0.006011835462517552,min_variance,Crypto
2023-04-04,0.008327820411537944,min_variance,Crypto
2023-04-05,0.00218065133326308,min_variance,Crypto
2023-04-06,-0.002928877051282942,min_variance,Crypto
2023-04-07,-0.0024517568477433853,min_variance,Crypto
2023-04-08,0.0007137589227489092,min_variance,Crypto
2023-04-09,0.01130495644483867,min_variance,Crypto
2023-04-10,0.03215434206137157,min_variance,Crypto
2023-04-11,0.006496619607299733,min_variance,Crypto
2023-04-12,-0.01032259602479527,min_variance,Crypto
2023-04-13,0.006813021177150059,min_variance,Crypto
2023-04-14,0.007806747352194093,min_variance,Crypto
2023-04-15,-0.004803186051824977,min_variance,Crypto
2023-04-16,0.0034830436694015757,min_variance,Crypto
2023-04-17,-0.02142291938694465,min_variance,Crypto
2023-04-18,0.024930156558255832,min_variance,Crypto
2023-04-19,-0.03562694418366209,min_variance,Crypto
2023-04-20,-0.014327389570944454,min_variance,Crypto
2023-04-21,-0.022422257019191115,min_variance,Crypto
2023-04-22,0.01841997065441434,min_variance,Crypto
2023-04-23,-0.000812900780851322,min_variance,Crypto
2023-04-24,-0.004795518574459505,min_variance,Crypto
2023-04-25,0.014582288464325858,min_variance,Crypto
2023-04-26,-0.0020405707678399798,min_variance,Crypto
2023-04-27,0.025265367670731294,min_variance,Crypto
2023-04-28,0.0033001590692332697,min_variance,Crypto
2023-04-29,0.00643079529543369,min_variance,Crypto
2023-04-30,-0.0037248572827851927,min_variance,Crypto
2023-05-01,-0.015837402438393523,min_variance,Crypto
2023-05-02,0.016665402259074334,min_variance,Crypto
2023-05-03,0.006532412126873685,min_variance,Crypto
2023-05-04,-0.0018220256586607276,min_variance,Crypto
2023-05-05,0.023158597527040352,min_variance,Crypto
2023-05-06,-0.016252563839399506,min_variance,Crypto
2023-05-07,-0.014890160013469819,min_variance,Crypto
2023-05-08,-0.02084311355561868,min_variance,Crypto
2023-05-09,0.00329894859552411,min_variance,Crypto
2023-05-10,0.0012701775580579778,min_variance,Crypto
2023-05-11,-0.02336394382257652,min_variance,Crypto
2023-05-12,0.004690236057179703,min_variance,Crypto
2023-05-13,0.0013208288250445522,min_variance,Crypto
2023-05-14,0.0032511642440258815,min_variance,Crypto
2023-05-15,0.010756320515472807,min_variance,Crypto
2023-05-16,-0.0013342728210471834,min_variance,Crypto
2023-05-17,0.01064196507615086,min_variance,Crypto
2023-05-18,-0.016487361808123435,min_variance,Crypto
2023-05-19,0.0036704233932223617,min_variance,Crypto
2023-05-20,0.017084790228925683,min_variance,Crypto
2023-05-21,0.006729815693105469,min_variance,Crypto
2023-05-22,0.019485442951643655,min_variance,Crypto
2023-05-23,0.009674494723731468,min_variance,Crypto
2023-05-24,-0.027330287624295627,min_variance,Crypto
2023-05-25,0.002577806617298021,min_variance,Crypto
2023-05-26,-0.0022075658691545126,min_variance,Crypto
2023-05-27,0.012882126199906948,min_variance,Crypto
2023-05-28,0.02722094595715674,min_variance,Crypto
2023-05-29,-0.014051624716688178,min_variance,Crypto
2023-05-30,0.00047720884363995105,min_variance,Crypto
2023-05-31,-0.016232256007282786,min_variance,Crypto
2023-06-01,-0.011268327572902482,min_variance,Crypto
2023-06-02,0.05512719418099558,min_variance,Crypto
2023-06-03,-0.008434946216754943,min_variance,Crypto
2023-06-04,-0.0009522210246312117,min_variance,Crypto
2023-06-05,-0.04507436460337835,min_variance,Crypto
2023-06-06,0.03203423549661213,min_variance,Crypto
2023-06-07,-0.026873395255058517,min_variance,Crypto
2023-06-08,0.007738524024762019,min_variance,Crypto
2023-06-09,-0.031255012974048334,min_variance,Crypto
2023-06-10,-0.02778763524911323,min_variance,Crypto
2023-06-11,0.005524667133723117,min_variance,Crypto
2023-06-12,0.004432389642257315,min_variance,Crypto
2023-06-13,0.005733597999594298,min_variance,Crypto
2023-06-14,-0.02314745356835373,min_variance,Crypto
2023-06-15,0.008579427837731359,min_variance,Crypto
2023-06-16,0.013774655325269806,min_variance,Crypto
2023-06-17,0.011171752555791715,min_variance,Crypto
2023-06-18,-0.012400955169554136,min_variance,Crypto
2023-06-19,0.009881787838337406,min_variance,Crypto
2023-06-20,0.03477234569281712,min_variance,Crypto
2023-06-21,0.04487631689731652,min_variance,Crypto
2023-06-22,-0.004754834248528378,min_variance,Crypto
2023-06-23,0.0224008554060918,min_variance,Crypto
2023-06-24,-0.007518810135302176,min_variance,Crypto
2023-06-25,0.0048005681046306755,min_variance,Crypto
2023-06-26,-0.0002603569330747403,min_variance,Crypto
2023-06-27,0.014450979993545464,min_variance,Crypto
2023-06-28,-0.015003206803779388,min_variance,Crypto
2023-06-29,0.011137148290787708,min_variance,Crypto
2023-06-30,0.013079562512963078,min_variance,Crypto
2023-07-01,0.0067620596771965635,min_variance,Crypto
2023-07-02,-0.00626277660119105,min_variance,Crypto
2023-07-03,0.016670931627013424,min_variance,Crypto
2023-07-04,-0.008753324229613859,min_variance,Crypto
2023-07-05,-0.005464239252974236,min_variance,Crypto
2023-07-06,-0.011325076970857344,min_variance,Crypto
2023-07-07,0.017098379403539293,min_variance,Crypto
2023-07-08,0.006710207466218228,min_variance,Crypto
2023-07-09,-0.0158871737361239,min_variance,Crypto
2023-07-10,0.004900522750204181,min_variance,Crypto
2023-07-11,0.001966915292952038,min_variance,Crypto
2023-07-12,-0.001923409079896059,min_variance,Crypto
2023-07-13,0.057841457976389746,min_variance,Crypto
2023-07-14,-0.032635946491718436,min_variance,Crypto
2023-07-15,0.0030394560656064103,min_variance,Crypto
2023-07-16,-0.005439666136136085,min_variance,Crypto
2023-07-17,-0.0016827825621265006,min_variance,Crypto
2023-07-18,-0.005258094365745678,min_variance,Crypto
2023-07-19,0.008710866665088319,min_variance,Crypto
2023-07-20,0.0013614643512268826,min_variance,Crypto
2023-07-21,0.00036560188777423836,min_variance,Crypto
2023-07-22,0.014722553689505136,min_variance,Crypto
2023-07-23,0.0033901467287421,min_variance,Crypto
2023-07-24,-0.027920883000926083,min_variance,Crypto
2023-07-25,0.0029706267377417003,min_variance,Crypto
2023-07-26,0.0068795809221594804,min_variance,Crypto
2023-07-27,-0.0020088121957190165,min_variance,Crypto
2023-07-28,0.014863377466508575,min_variance,Crypto
2023-07-29,-0.008078593114381843,min_variance,Crypto
2023-07-30,-0.016987396681057226,min_variance,Crypto
2023-07-31,-0.010956656649138648,min_variance,Crypto
2023-08-01,0.012376594447685036,min_variance,Crypto
2023-08-02,-0.021392250525638895,min_variance,Crypto
2023-08-03,0.0038379942819167885,min_variance,Crypto
2023-08-04,-0.0041712745756706335,min_variance,Crypto
2023-08-05,0.0027937867122124213,min_variance,Crypto
2023-08-06,-0.0027104123416564784,min_variance,Crypto
2023-08-07,0.002373405232584421,min_variance,Crypto
2023-08-08,0.012452644493445672,min_variance,Crypto
2023-08-09,-0.0045798840673819214,min_variance,Crypto
2023-08-10,5.285573592701677e-05,min_variance,Crypto
2023-08-11,-0.0011607590292242041,min_variance,Crypto
2023-08-12,0.0018635838044986255,min_variance,Crypto
2023-08-13,-0.004476053704402976,min_variance,Crypto
2023-08-14,0.004268783982318395,min_variance,Crypto
2023-08-15,-0.010779247602547469,min_variance,Crypto
2023-08-16,-0.01837502162635965,min_variance,Crypto
2023-08-17,-0.0537364286117976,min_variance,Crypto
2023-08-18,-0.013107343137913821,min_variance,Crypto
2023-08-19,0.006643449280301967,min_variance,Crypto
2023-08-20,0.01146671290227497,min_variance,Crypto
2023-08-21,-0.0054054862994453,min_variance,Crypto
2023-08-22,-0.0006800716590233568,min_variance,Crypto
2023-08-23,0.02036779095312305,min_variance,Crypto
2023-08-24,-0.011472910828003315,min_variance,Crypto
2023-08-25,0.0004898405349113232,min_variance,Crypto
2023-08-26,0.00017359730050557686,min_variance,Crypto
2023-08-27,0.002355306924712644,min_variance,Crypto
2023-08-28,-0.005072269825105711,min_variance,Crypto
2023-08-29,0.04350975441629291,min_variance,Crypto
2023-08-30,-0.017963901940494464,min_variance,Crypto
2023-08-31,-0.025922897536402215,min_variance,Crypto
2023-09-01,-0.006184935663786403,min_variance,Crypto
2023-09-02,0.006270322130626759,min_variance,Crypto
2023-09-03,0.0024808357299806495,min_variance,Crypto
2023-09-04,-0.0018957608297018454,min_variance,Crypto
2023-09-05,-0.0008441613999356415,min_variance,Crypto
2023-09-06,0.006323699594097931,min_variance,Crypto
2023-09-07,0.012286004874359326,min_variance,Crypto
2023-09-08,-0.007243297055557429,min_variance,Crypto
2023-09-09,-0.00011069085081200607,min_variance,Crypto
2023-09-10,-0.005608455052755303,min_variance,Crypto
2023-09-11,-0.019775957041205796,min_variance,Crypto
2023-09-12,0.032893847728617524,min_variance,Crypto
2023-09-13,0.01116355098326194,min_variance,Crypto
2023-09-14,0.019468407130355022,min_variance,Crypto
2023-09-15,0.003216657056961747,min_variance,Crypto
2023-09-16,-0.003389342627818132,min_variance,Crypto
2023-09-17,-0.001435135777783545,min_variance,Crypto
2023-09-18,0.008167492189329736,min_variance,Crypto
2023-09-19,0.012844002276658233,min_variance,Crypto
2023-09-20,-0.0021206169670104336,min_variance,Crypto
2023-09-21,-0.019287492003384348,min_variance,Crypto
2023-09-22,0.0017145667499767836,min_variance,Crypto
2023-09-23,0.0012486761765101659,min_variance,Crypto
2023-09-24,-0.00740777245990167,min_variance,Crypto
2023-09-25,0.005702584373605454,min_variance,Crypto
2023-09-26,-0.0016690674736229971,min_variance,Crypto
2023-09-27,0.006719341721397167,min_variance,Crypto
2023-09-28,0.019482516399825192,min_variance,Crypto
2023-09-29,0.014659332834960091,min_variance,Crypto
2023-09-30,-0.0021370267044152594,min_variance,Crypto
2023-10-01,0.025058735607135344,min_variance,Crypto
2023-10-02,-0.023302293613107757,min_variance,Crypto
2023-10-03,0.02053629791471834,min_variance,Crypto
2023-10-04,-0.006432207085357266,min_variance,Crypto
2023-10-05,-0.01046848169248064,min_variance,Crypto
2023-10-06,0.0012927559016608925,min_variance,Crypto
2023-10-07,0.006129450761598217,min_variance,Crypto
2023-10-08,-0.0011977536807994255,min_variance,Crypto
2023-10-09,-0.01736178268038959,min_variance,Crypto
2023-10-10,-0.0023707777871213214,min_variance,Crypto
2023-10-11,-0.009507505188112097,min_variance,Crypto
2023-10-12,-0.009694894176671312,min_variance,Crypto
2023-10-13,0.005874929749093543,min_variance,Crypto
2023-10-14,-0.0029058503217464504,min_variance,Crypto
2023-10-15,0.015784504859512355,min_variance,Crypto
2023-10-16,0.03579719393920146,min_variance,Crypto
2023-10-17,-0.0038124949661226533,min_variance,Crypto
2023-10-18,0.0030262702624554013,min_variance,Crypto
2023-10-19,0.010467133441401133,min_variance,Crypto
2023-10-20,0.01802567498910856,min_variance,Crypto
2023-10-21,0.008748143751354538,min_variance,Crypto
2023-10-22,-0.007397940244650867,min_variance,Crypto
2023-10-23,0.05132958554127035,min_variance,Crypto
2023-10-24,0.009970464845255272,min_variance,Crypto
2023-10-25,0.014334368431073986,min_variance,Crypto
2023-10-26,-0.00808790159348588,min_variance,Crypto
2023-10-27,0.002614221436818188,min_variance,Crypto
2023-10-28,0.006692228831136108,min_variance,Crypto
2023-10-29,0.008546790490397239,min_variance,Crypto
2023-10-30,0.0044482384059640525,min_variance,Crypto
2023-10-31,0.012032869619862198,min_variance,Crypto
2023-11-01,0.028172806950076,min_variance,Crypto
2023-11-02,-0.011262055374267388,min_variance,Crypto
2023-11-03,-0.014715242168188399,min_variance,Crypto
2023-11-04,0.006752833099104067,min_variance,Crypto
2023-11-05,0.002485736999457673,min_variance,Crypto
2023-11-06,-0.0033070761338758223,min_variance,Crypto
2023-11-07,-0.002421580397804845,min_variance,Crypto
2023-11-08,0.013521314240141337,min_variance,Crypto
2023-11-09,0.011944801193755657,min_variance,Crypto
2023-11-10,0.057655056416019604,min_variance,Crypto
2023-11-11,0.010369017008860205,min_variance,Crypto
2023-11-12,0.0021321886709262192,min_variance,Crypto
2023-11-13,-0.012561486645406215,min_variance,Crypto
2023-11-14,-0.040010590548396126,min_variance,Crypto
2023-11-15,0.03174593438900522,min_variance,Crypto
2023-11-16,-0.024820769262006947,min_variance,Crypto
2023-11-17,0.01240655768618111,min_variance,Crypto
2023-11-18,-0.004671654111174398,min_variance,Crypto
2023-11-19,0.009718615264417887,min_variance,Crypto
2023-11-20,-0.015652606405018636,min_variance,Crypto
2023-11-21,-0.047104552656092896,min_variance,Crypto
2023-11-22,0.049934922978412316,min_variance,Crypto
2023-11-23,0.004854169795447335,min_variance,Crypto
2023-11-24,0.0217126963666931,min_variance,Crypto
2023-11-25,0.028377689440600182,min_variance,Crypto
2023-11-26,-0.008682479945050735,min_variance,Crypto
2023-11-27,-0.03970185227130606,min_variance,Crypto
2023-11-28,0.01104547503009179,min_variance,Crypto
2023-11-29,0.0036687974795195917,min_variance,Crypto
2023-11-30,-0.0014428305719245019,min_variance,Crypto
2023-12-01,0.006228406339778272,min_variance,Crypto
2023-12-02,0.007343230167447498,min_variance,Crypto
2023-12-03,0.003333197895934053,min_variance,Crypto
2023-12-04,0.020793178767113927,min_variance,Crypto
2023-12-05,0.014980668749617558,min_variance,Crypto
2023-12-06,0.005031264317222276,min_variance,Crypto
2023-12-07,-0.007059037804789255,min_variance,Crypto
2023-12-08,0.02268397390175055,min_variance,Crypto
2023-12-09,-0.0035086693925999307,min_variance,Crypto
2023-12-10,0.007656358722251871,min_variance,Crypto
2023-12-11,-0.04410657417468926,min_variance,Crypto
2023-12-12,0.0005840757840128552,min_variance,Crypto
2023-12-13,0.015705808375061345,min_variance,Crypto
2023-12-14,0.011904795996269564,min_variance,Crypto
2023-12-15,-0.036416603558337285,min_variance,Crypto
2023-12-16,0.010331255184178175,min_variance,Crypto
2023-12-17,-0.010983457220272507,min_variance,Crypto
2023-12-18,0.001995984865310165,min_variance,Crypto
2023-12-19,-0.004956154254445604,min_variance,Crypto
2023-12-20,0.024887130307772287,min_variance,Crypto
2023-12-21,0.014434083877358582,min_variance,Crypto
2023-12-22,0.0038993674959226787,min_variance,Crypto
2023-12-23,0.008451321524041556,min_variance,Crypto
2023-12-24,-0.007944522927761499,min_variance,Crypto
2023-12-25,0.001792740088497932,min_variance,Crypto
2023-12-26,-0.026372467836781523,min_variance,Crypto
2023-12-27,0.02236525598414003,min_variance,Crypto
2023-12-28,-0.005079415947114824,min_variance,Crypto
2023-12-29,-0.0035923311548365995,min_variance,Crypto
2023-12-30,0.002320039332120909,min_variance,Crypto
2023-12-31,0.0114519585437588,min_variance,Crypto
2021-05-20,0.18789214092555923,max_sharpe,Crypto
2021-05-21,-0.13587432108212938,max_sharpe,Crypto
2021-05-22,-0.05944623671660576,max_sharpe,Crypto
2021-05-23,-0.09112389759817094,max_sharpe,Crypto
2021-05-24,0.2261877016296761,max_sharpe,Crypto
2021-05-25,0.01780409691389266,max_sharpe,Crypto
2021-05-26,0.10318392865386757,max_sharpe,Crypto
2021-05-27,-0.06684610220370654,max_sharpe,Crypto
2021-05-28,-0.09441152211178308,max_sharpe,Crypto
2021-05-29,-0.06431723360558433,max_sharpe,Crypto
2021-05-30,0.08452167787113095,max_sharpe,Crypto
2021-05-31,0.1119844234269385,max_sharpe,Crypto
2021-06-01,-0.0174023681924222,max_sharpe,Crypto
2021-06-02,0.016841859580413603,max_sharpe,Crypto
2021-06-03,0.04893874413951424,max_sharpe,Crypto
2021-06-04,-0.06583171141117984,max_sharpe,Crypto
2021-06-05,-0.026563438768740483,max_sharpe,Crypto
2021-06-06,0.019848587734748343,max_sharpe,Crypto
2021-06-07,-0.06256458795595325,max_sharpe,Crypto
2021-06-08,-0.00459707400658851,max_sharpe,Crypto
2021-06-09,0.03486019648871501,max_sharpe,Crypto
2021-06-10,-0.055190702593006825,max_sharpe,Crypto
2021-06-11,-0.05611242188327299,max_sharpe,Crypto
2021-06-12,0.020968445506350224,max_sharpe,Crypto
2021-06-13,0.05469190129768172,max_sharpe,Crypto
2021-06-14,0.01117713152820765,max_sharpe,Crypto
2021-06-15,0.020474730936872666,max_sharpe,Crypto
2021-06-16,-0.0810151581103801,max_sharpe,Crypto
2021-06-17,0.0006281472035675475,max_sharpe,Crypto
2021-06-18,-0.051021867888148005,max_sharpe,Crypto
2021-06-19,-0.020212281498572637,max_sharpe,Crypto
2021-06-20,0.02920249143647173,max_sharpe,Crypto
2021-06-21,-0.16901347869088165,max_sharpe,Crypto
2021-06-22,-0.014890908724803526,max_sharpe,Crypto
2021-06-23,0.07574241312058612,max_sharpe,Crypto
2021-06-24,0.047226881484556886,max_sharpe,Crypto
2021-06-25,-0.07966497057782389,max_sharpe,Crypto
2021-06-26,0.0009688922458478002,max_sharpe,Crypto
2021-06-27,0.07372325796296714,max_sharpe,Crypto
2021-06-28,0.01703960899105766,max_sharpe,Crypto
2021-06-29,0.03552676398348836,max_sharpe,Crypto
2021-06-30,0.02862529480879739,max_sharpe,Crypto
2021-07-01,-0.04663273050928438,max_sharpe,Crypto
2021-07-02,0.03510114637894938,max_sharpe,Crypto
2021-07-03,0.01772929958332978,max_sharpe,Crypto
2021-07-04,0.038646073520395376,max_sharpe,Crypto
2021-07-05,-0.042033906751060696,max_sharpe,Crypto
2021-07-06,0.025338524947610307,max_sharpe,Crypto
2021-07-07,-0.008389015328545515,max_sharpe,Crypto
2021-07-08,-0.06275200055521504,max_sharpe,Crypto
2021-07-09,0.013880762177665098,max_sharpe,Crypto
2021-07-10,-0.012091025626350503,max_sharpe,Crypto
2021-07-11,0.01047730363782934,max_sharpe,Crypto
2021-07-12,-0.03236809743959779,max_sharpe,Crypto
2021-07-13,-0.04116628066190374,max_sharpe,Crypto
2021-07-14,0.007818056751561803,max_sharpe,Crypto
2021-07-15,-0.034526684779777064,max_sharpe,Crypto
2021-07-16,-0.03234775943641019,max_sharpe,Crypto
2021-07-17,0.0024616576497065805,max_sharpe,Crypto
2021-07-18,0.005911351732012995,max_sharpe,Crypto
2021-07-19,-0.04901312823753291,max_sharpe,Crypto
2021-07-20,-0.04403018121741274,max_sharpe,Crypto
2021-07-21,0.10850319501469438,max_sharpe,Crypto
2021-07-22,0.01589203925172773,max_sharpe,Crypto
2021-07-23,0.026503400964876942,max_sharpe,Crypto
2021-07-24,0.02570677910945674,max_sharpe,Crypto
2021-07-25,-0.0029574113637970975,max_sharpe,Crypto
2021-07-26,0.022562487977965496,max_sharpe,Crypto
2021-07-27,0.019552538367003994,max_sharpe,Crypto
2021-07-28,0.002483371835604798,max_sharpe,Crypto
2021-07-29,0.010457175296049415,max_sharpe,Crypto
2021-07-30,0.024292148686053016,max_sharpe,Crypto
2021-07-31,0.015070868173201909,max_sharpe,Crypto
2021-08-01,-2.9909312550618038e-05,max_sharpe,Crypto
2021-08-02,0.001407040728268918,max_sharpe,Crypto
2021-08-03,0.01762649496949548,max_sharpe,Crypto
2021-08-04,0.031209636198204382,max_sharpe,Crypto
2021-08-05,0.015582472751934173,max_sharpe,Crypto
2021-08-06,0.014348381131086232,max_sharpe,Crypto
2021-08-07,0.06260412500120165,max_sharpe,Crypto
2021-08-08,-0.034092068294507345,max_sharpe,Crypto
2021-08-09,0.039357113979684534,max_sharpe,Crypto
2021-08-10,0.09095302583906391,max_sharpe,Crypto
2021-08-11,0.05564354240130153,max_sharpe,Crypto
2021-08-12,-0.01052103448776492,max_sharpe,Crypto
2021-08-13,0.13103161327222917,max_sharpe,Crypto
2021-08-14,0.005413467686742099,max_sharpe,Crypto
2021-08-15,0.001310078929355626,max_sharpe,Crypto
2021-08-16,-0.04260898892955369,max_sharpe,Crypto
2021-08-17,-0.05876985801050699,max_sharpe,Crypto
2021-08-18,0.0490786850881499,max_sharpe,Crypto
2021-08-19,0.10287991466610209,max_sharpe,Crypto
2021-08-20,0.023757862909498138,max_sharpe,Crypto
2021-08-21,-0.013227146784778496,max_sharpe,Crypto
2021-08-22,0.06079397885294421,max_sharpe,Crypto
2021-08-23,0.04864968600593805,max_sharpe,Crypto
2021-08-24,-0.055759465977348856,max_sharpe,Crypto
2021-08-25,0.011860251045794966,max_sharpe,Crypto
2021-08-26,-0.05693392974177202,max_sharpe,Crypto
2021-08-27,0.10854251804521013,max_sharpe,Crypto
2021-08-28,-0.02030205929878572,max_sharpe,Crypto
2021-08-29,-0.0009263278894144147,max_sharpe,Crypto
2021-08-30,-0.02459248077918956,max_sharpe,Crypto
2021-08-31,0.03524804739855706,max_sharpe,Crypto
2021-09-01,0.07027184329611307,max_sharpe,Crypto
2021-09-02,0.01386483457133109,max_sharpe,Crypto
2021-09-03,0.01709285271369504,max_sharpe,Crypto
2021-09-04,-0.030167736955559465,max_sharpe,Crypto
2021-09-05,0.02388646331431486,max_sharpe,Crypto
2021-09-06,-0.015945095442765695,max_sharpe,Crypto
2021-09-07,-0.12035692192190386,max_sharpe,Crypto
2021-09-08,0.0009466545518547996,max_sharpe,Crypto
2021-09-09,0.0021235570926127793,max_sharpe,Crypto
2021-09-10,-0.055083885669109454,max_sharpe,Crypto
2021-09-11,0.06424969569754876,max_sharpe,Crypto
2021-09-12,0.007006238900089562,max_sharpe,Crypto
2021-09-13,-0.053996760877772186,max_sharpe,Crypto
2021-09-14,0.018984981736981446,max_sharpe,Crypto
2021-09-15,0.04666485956211053,max_sharpe,Crypto
2021-09-16,-0.02284308255947336,max_sharpe,Crypto
2021-09-17,-0.036213225582863356,max_sharpe,Crypto
2021-09-18,0.010743891919441141,max_sharpe,Crypto
2021-09-19,-0.033161468181809935,max_sharpe,Crypto
2021-09-20,-0.10153158719122536,max_sharpe,Crypto
2021-09-21,-0.04916252438009383,max_sharpe,Crypto
2021-09-22,0.12525008164237816,max_sharpe,Crypto
2021-09-23,0.02718215944493771,max_sharpe,Crypto
2021-09-24,-0.04198904149676077,max_sharpe,Crypto
2021-09-25,0.0043162498094470505,max_sharpe,Crypto
2021-09-26,-0.004114138842941845,max_sharpe,Crypto
2021-09-27,-0.036606747811775205,max_sharpe,Crypto
2021-09-28,-0.04444002652503151,max_sharpe,Crypto
2021-09-29,0.014399466696523873,max_sharpe,Crypto
2021-09-30,0.035462234956925597,max_sharpe,Crypto
2021-10-01,0.0820904405044835,max_sharpe,Crypto
2021-10-02,0.008881738926869135,max_sharpe,Crypto
2021-10-03,0.003642024432869264,max_sharpe,Crypto
2021-10-04,-0.021142477314617776,max_sharpe,Crypto
2021-10-05,0.028758698784031547,max_sharpe,Crypto
2021-10-06,0.0018696598315454784,max_sharpe,Crypto
2021-10-07,0.01796066455824491,max_sharpe,Crypto
2021-10-08,-0.013013226271335285,max_sharpe,Crypto
2021-10-09,0.009074167378348081,max_sharpe,Crypto
2021-10-10,-0.03532408133046414,max_sharpe,Crypto
2021-10-11,0.008208807628952777,max_sharpe,Crypto
2021-10-12,-0.020749988980371052,max_sharpe,Crypto
2021-10-13,0.03278663919288771,max_sharpe,Crypto
2021-10-14,0.015109219932569416,max_sharpe,Crypto
2021-10-15,0.028702701477429177,max_sharpe,Crypto
2021-10-16,-0.012647477223738858,max_sharpe,Crypto
2021-10-17,-0.0010152466691620828,max_sharpe,Crypto
2021-10-18,-0.014795974671676926,max_sharpe,Crypto
2021-10-19,0.015536489162866554,max_sharpe,Crypto
2021-10-20,0.04774144179408865,max_sharpe,Crypto
2021-10-21,-0.028673519830439115,max_sharpe,Crypto
2021-10-22,-0.00799305952302357,max_sharpe,Crypto
2021-10-23,0.024065365310843207,max_sharpe,Crypto
2021-10-24,-0.01811442759505345,max_sharpe,Crypto
2021-10-25,0.02208438662050411,max_sharpe,Crypto
2021-10-26,-0.01563239475034875,max_sharpe,Crypto
2021-10-27,-0.07203899393758736,max_sharpe,Crypto
2021-10-28,0.05872913307976034,max_sharpe,Crypto
2021-10-29,0.02110423794234179,max_sharpe,Crypto
2021-10-30,-0.021138571269579267,max_sharpe,Crypto
2021-10-31,-0.0029904608818838085,max_sharpe,Crypto
2021-11-01,-0.0010154380181671254,max_sharpe,Crypto
2021-11-02,0.03388571135101641,max_sharpe,Crypto
2021-11-03,0.02277949848165614,max_sharpe,Crypto
2021-11-04,-0.024136563841535078,max_sharpe,Crypto
2021-11-05,-0.006379543510768883,max_sharpe,Crypto
2021-11-06,0.00841514250805131,max_sharpe,Crypto
2021-11-07,0.018606758650420843,max_sharpe,Crypto
2021-11-08,0.048936188852939884,max_sharpe,Crypto
2021-11-09,0.012923499064124535,max_sharpe,Crypto
2021-11-10,-0.03994380257341831,max_sharpe,Crypto
2021-11-11,0.007596302814140725,max_sharpe,Crypto
2021-11-12,-0.014997349322300882,max_sharpe,Crypto
2021-11-13,0.00033110698434207075,max_sharpe,Crypto
2021-11-14,-0.0018890955297858412,max_sharpe,Crypto
2021-11-15,-0.01660483018872619,max_sharpe,Crypto
2021-11-16,-0.0690719471324508,max_sharpe,Crypto
2021-11-17,0.008801942365710249,max_sharpe,Crypto
2021-11-18,-0.0585691863318788,max_sharpe,Crypto
2021-11-19,0.05474370673440765,max_sharpe,Crypto
2021-11-20,0.027642738839458617,max_sharpe,Crypto
2021-11-21,-0.03251943161297732,max_sharpe,Crypto
2021-11-22,-0.03969916248217192,max_sharpe,Crypto
2021-11-23,0.030306678340525833,max_sharpe,Crypto
2021-11-24,-0.027367214983936225,max_sharpe,Crypto
2021-11-25,0.003931138890064806,max_sharpe,Crypto
2021-11-26,-0.06206795441235107,max_sharpe,Crypto
2021-11-27,0.016626588938230373,max_sharpe,Crypto
2021-11-28,0.04378264404619005,max_sharpe,Crypto
2021-11-29,0.024515868132153052,max_sharpe,Crypto
2021-11-30,0.01705608944188272,max_sharpe,Crypto
2021-12-01,-0.006126194294868845,max_sharpe,Crypto
2021-12-02,0.009697307811598686,max_sharpe,Crypto
2021-12-03,-0.06772942430773649,max_sharpe,Crypto
2021-12-04,-0.04758844739165138,max_sharpe,Crypto
2021-12-05,0.0060590376895493375,max_sharpe,Crypto
2021-12-06,0.03492044360332961,max_sharpe,Crypto
2021-12-07,-0.011982738283424636,max_sharpe,Crypto
2021-12-08,0.01927935855994203,max_sharpe,Crypto
2021-12-09,-0.06984526431330969,max_sharpe,Crypto
2021-12-10,-0.04566162871182174,max_sharpe,Crypto
2021-12-11,0.059888015683232286,max_sharpe,Crypto
2021-12-12,0.009139488797673255,max_sharpe,Crypto
2021-12-13,-0.08267130064968457,max_sharpe,Crypto
2021-12-14,-0.0071380425635273895,max_sharpe,Crypto
2021-12-15,0.06846062004578579,max_sharpe,Crypto
2021-12-16,-0.02342399111663022,max_sharpe,Crypto
2021-12-17,-0.020130689521073733,max_sharpe,Crypto
2021-12-18,0.020292565931931114,max_sharpe,Crypto
2021-12-19,-0.00692441873933188,max_sharpe,Crypto
2021-12-20,0.0010375145249906413,max_sharpe,Crypto
2021-12-21,0.025230814316545072,max_sharpe,Crypto
2021-12-22,0.0012221016974079072,max_sharpe,Crypto
2021-12-23,0.04997833856122927,max_sharpe,Crypto
2021-12-24,-0.02381212791717581,max_sharpe,Crypto
2021-12-25,0.018369131882938677,max_sharpe,Crypto
2021-12-26,-0.004225401082857171,max_sharpe,Crypto
2021-12-27,0.003418326703870948,max_sharpe,Crypto
2021-12-28,-0.06198385120643361,max_sharpe,Crypto
2021-12-29,-0.04624810668092125,max_sharpe,Crypto
2021-12-30,0.02308045617032461,max_sharpe,Crypto
2021-12-31,-0.015144839980183372,max_sharpe,Crypto
2022-01-01,0.030037365645967193,max_sharpe,Crypto
2022-01-02,0.01190967852919172,max_sharpe,Crypto
2022-01-03,-0.023067688458600383,max_sharpe,Crypto
2022-01-04,0.004573755505848959,max_sharpe,Crypto
2022-01-05,-0.06247260797378121,max_sharpe,Crypto
2022-01-06,-0.010948294559974201,max_sharpe,Crypto
2022-01-07,-0.060994144708418685,max_sharpe,Crypto
2022-01-08,-0.027401777703963213,max_sharpe,Crypto
2022-01-09,0.009445176764981363,max_sharpe,Crypto
2022-01-10,-0.029293746454982002,max_sharpe,Crypto
2022-01-11,0.05018274481121041,max_sharpe,Crypto
2022-01-12,0.06262832997400335,max_sharpe,Crypto
2022-01-13,-0.04302603308990635,max_sharpe,Crypto
2022-01-14,0.029356651707006604,max_sharpe,Crypto
2022-01-15,0.0057181803771599385,max_sharpe,Crypto
2022-01-16,0.034111889820387584,max_sharpe,Crypto
2022-01-17,0.020758220436366045,max_sharpe,Crypto
2022-01-18,-0.037520185277741584,max_sharpe,Crypto
2022-01-19,-0.0441497218029438,max_sharpe,Crypto
2022-01-20,-0.0423943718842276,max_sharpe,Crypto
2022-01-21,-0.13270522789385197,max_sharpe,Crypto
2022-01-22,-0.05638750017930619,max_sharpe,Crypto
2022-01-23,0.05309809872166943,max_sharpe,Crypto
2022-01-24,-0.04163121194044054,max_sharpe,Crypto
2022-01-25,-0.003698757279009134,max_sharpe,Crypto
2022-01-26,0.015385518392260593,max_sharpe,Crypto
2022-01-27,-0.02271743497511591,max_sharpe,Crypto
2022-01-28,0.02710740088355449,max_sharpe,Crypto
2022-01-29,0.013010860231152761,max_sharpe,Crypto
2022-01-30,-0.00981049275874787,max_sharpe,Crypto
2022-01-31,0.022436817913223755,max_sharpe,Crypto
2022-02-01,0.03457477133114045,max_sharpe,Crypto
2022-02-02,-0.046231903930954034,max_sharpe,Crypto
2022-02-03,0.015115019420895456,max_sharpe,Crypto
2022-02-04,0.09339809011134341,max_sharpe,Crypto
2022-02-05,0.00034674683971284005,max_sharpe,Crypto
2022-02-06,0.01542654751768328,max_sharpe,Crypto
2022-02-07,0.03965465957369311,max_sharpe,Crypto
2022-02-08,-0.010210936198485378,max_sharpe,Crypto
2022-02-09,0.024525445139158834,max_sharpe,Crypto
2022-02-10,-0.037807694973122453,max_sharpe,Crypto
2022-02-11,-0.05381104863984551,max_sharpe,Crypto
2022-02-12,-0.012798724089530386,max_sharpe,Crypto
2022-02-13,-0.008972636614414086,max_sharpe,Crypto
2022-02-14,0.008109756239639738,max_sharpe,Crypto
2022-02-15,0.06658328206309468,max_sharpe,Crypto
2022-02-16,-0.018887405207268722,max_sharpe,Crypto
2022-02-17,-0.07254636288562222,max_sharpe,Crypto
2022-02-18,-0.026034836907715242,max_sharpe,Crypto
2022-02-19,-0.003674497240493028,max_sharpe,Crypto
2022-02-20,-0.05420657256478539,max_sharpe,Crypto
2022-02-21,-0.04794772263581098,max_sharpe,Crypto
2022-02-22,0.03209595386178897,max_sharpe,Crypto
2022-02-23,-0.019798883599380153,max_sharpe,Crypto
2022-02-24,-0.00317882968031327,max_sharpe,Crypto
2022-02-25,0.05670059883588834,max_sharpe,Crypto
2022-02-26,0.00019102392635467988,max_sharpe,Crypto
2022-02-27,-0.046552769042859904,max_sharpe,Crypto
2022-02-28,0.11640324234593402,max_sharpe,Crypto
2022-03-01,0.01234489934348949,max_sharpe,Crypto
2022-03-02,-0.01506447613437273,max_sharpe,Crypto
2022-03-03,-0.03478812927155134,max_sharpe,Crypto
2022-03-04,-0.07331928367088392,max_sharpe,Crypto
2022-03-05,0.020504770255508436,max_sharpe,Crypto
2022-03-06,-0.04282920076274274,max_sharpe,Crypto
2022-03-07,-0.02445758935480242,max_sharpe,Crypto
2022-03-08,0.01985921525538503,max_sharpe,Crypto
2022-03-09,0.060975122869808204,max_sharpe,Crypto
2022-03-10,-0.047115604484277075,max_sharpe,Crypto
2022-03-11,-0.014945193286818051,max_sharpe,Crypto
2022-03-12,0.0020795681813950517,max_sharpe,Crypto
2022-03-13,-0.015157953521644006,max_sharpe,Crypto
2022-03-14,0.023038867111407155,max_sharpe,Crypto
2022-03-15,0.0036537904432400853,max_sharpe,Crypto
2022-03-16,0.053626064726229467,max_sharpe,Crypto
2022-03-17,0.006686498631034445,max_sharpe,Crypto
2022-03-18,0.034508836191523166,max_sharpe,Crypto
2022-03-19,0.04003076124027959,max_sharpe,Crypto
2022-03-20,-0.013712673202519267,max_sharpe,Crypto
2022-03-21,0.024872546667249393,max_sharpe,Crypto
2022-03-22,0.054787909742046365,max_sharpe,Crypto
2022-03-23,0.057214323971809936,max_sharpe,Crypto
2022-03-24,0.02717384000621986,max_sharpe,Crypto
2022-03-25,-0.011763149342870425,max_sharpe,Crypto
2022-03-26,0.02188241739878253,max_sharpe,Crypto
2022-03-27,0.036956342915243974,max_sharpe,Crypto
2022-03-28,0.0022033582935050353,max_sharpe,Crypto
2022-03-29,0.02027009895669709,max_sharpe,Crypto
2022-03-30,-0.0019953301504327743,max_sharpe,Crypto
2022-03-31,-0.03932347363343709,max_sharpe,Crypto
2022-04-01,0.024950649992608247,max_sharpe,Crypto
2022-04-02,-0.012378889299575556,max_sharpe,Crypto
2022-04-03,0.02504986857286776,max_sharpe,Crypto
2022-04-04,0.010289400309205797,max_sharpe,Crypto
2022-04-05,-0.03741759501309039,max_sharpe,Crypto
2022-04-06,-0.09976690684696018,max_sharpe,Crypto
2022-04-07,0.054563166079569264,max_sharpe,Crypto
2022-04-08,-0.04683496636785141,max_sharpe,Crypto
2022-04-09,0.024016409454169246,max_sharpe,Crypto
2022-04-10,-0.019362983954788554,max_sharpe,Crypto
2022-04-11,-0.09023347110852614,max_sharpe,Crypto
2022-04-12,0.028750268247300547,max_sharpe,Crypto
2022-04-13,0.02109484030177785,max_sharpe,Crypto
2022-04-14,-0.03819410956842112,max_sharpe,Crypto
2022-04-15,0.014274183904925304,max_sharpe,Crypto
2022-04-16,0.0071341515877926765,max_sharpe,Crypto
2022-04-17,-0.033282285240645186,max_sharpe,Crypto
2022-04-18,0.01762652053454439,max_sharpe,Crypto
2022-04-19,0.01866837489927082,max_sharpe,Crypto
2022-04-20,-0.01826825138075576,max_sharpe,Crypto
2022-04-21,-0.032714572504138714,max_sharpe,Crypto
2022-04-22,8.267285618895568e-05,max_sharpe,Crypto
2022-04-23,-0.017499120692119282,max_sharpe,Crypto
2022-04-24,-0.009589072213251719,max_sharpe,Crypto
2022-04-25,0.017033734966234285,max_sharpe,Crypto
2022-04-26,-0.07665816326157103,max_sharpe,Crypto
2022-04-27,0.022100579306759002,max_sharpe,Crypto
2022-04-28,0.007224310217619927,max_sharpe,Crypto
2022-04-29,-0.04836013702979797,max_sharpe,Crypto
2022-04-30,-0.06038538716157946,max_sharpe,Crypto
2022-05-01,0.046714440264211676,max_sharpe,Crypto
2022-05-02,-0.001680590659558242,max_sharpe,Crypto
2022-05-03,-0.020644074724527065,max_sharpe,Crypto
2022-05-04,0.11504049898528941,max_sharpe,Crypto
2022-05-05,-0.08681245121059558,max_sharpe,Crypto
2022-05-06,-0.014519880057987423,max_sharpe,Crypto
2022-05-07,-0.027639203249900345,max_sharpe,Crypto
2022-05-08,-0.03252270016746375,max_sharpe,Crypto
2022-05-09,-0.1372943045221708,max_sharpe,Crypto
2022-05-10,0.03789122566661515,max_sharpe,Crypto
2022-05-11,-0.15341857363250266,max_sharpe,Crypto
2022-05-12,-0.06319666821489638,max_sharpe,Crypto
2022-05-13,0.07709727772918214,max_sharpe,Crypto
2022-05-14,0.01704712800121696,max_sharpe,Crypto
2022-05-15,0.05736831413356461,max_sharpe,Crypto
2022-05-16,-0.05923012834821034,max_sharpe,Crypto
2022-05-17,0.03939116408678924,max_sharpe,Crypto
2022-05-18,-0.08854872476643105,max_sharpe,Crypto
2022-05-19,0.051797673296096775,max_sharpe,Crypto
2022-05-20,-0.03009373854263513,max_sharpe,Crypto
2022-05-21,0.015192890586599818,max_sharpe,Crypto
2022-05-22,0.03628036807370883,max_sharpe,Crypto
2022-05-23,-0.023763136072906275,max_sharpe,Crypto
2022-05-24,0.0410219653441484,max_sharpe,Crypto
2022-05-25,-0.008545806904589014,max_sharpe,Crypto
2022-05-26,-0.06329194480079171,max_sharpe,Crypto
2022-05-27,-0.02849673239108786,max_sharpe,Crypto
2022-05-28,0.016936118815269706,max_sharpe,Crypto
2022-05-29,0.028747404278961095,max_sharpe,Crypto
2022-05-30,0.10479993112505659,max_sharpe,Crypto
2022-05-31,0.01188851088399603,max_sharpe,Crypto
2022-06-01,-0.07315985520599788,max_sharpe,Crypto
2022-06-02,0.017181155081530404,max_sharpe,Crypto
2022-06-03,-0.0330825055251811,max_sharpe,Crypto
2022-06-04,-0.0017758821806479555,max_sharpe,Crypto
2022-06-05,0.0041259652573875615,max_sharpe,Crypto
2022-06-06,0.02110684031233452,max_sharpe,Crypto
2022-06-07,-0.014695444401491868,max_sharpe,Crypto
2022-06-08,-0.009986177093121096,max_sharpe,Crypto
2022-06-09,-0.0018946844250180028,max_sharpe,Crypto
2022-06-10,-0.04359975759814916,max_sharpe,Crypto
2022-06-11,-0.06040209810861543,max_sharpe,Crypto
2022-06-12,-0.039536970983184275,max_sharpe,Crypto
2022-06-13,-0.14512766716695685,max_sharpe,Crypto
2022-06-14,-0.05197524886057486,max_sharpe,Crypto
2022-06-15,0.10665514489105309,max_sharpe,Crypto
2022-06-16,-0.09331088499355916,max_sharpe,Crypto
2022-06-17,0.02594172387975847,max_sharpe,Crypto
2022-06-18,-0.01577353668928845,max_sharpe,Crypto
2022-06-19,0.05997997049826896,max_sharpe,Crypto
2022-06-20,0.02447853619134828,max_sharpe,Crypto
2022-06-21,0.02241396926778835,max_sharpe,Crypto
2022-06-22,-0.03938259302290723,max_sharpe,Crypto
2022-06-23,0.028969253542643188,max_sharpe,Crypto
2022-06-24,0.0307812135242577,max_sharpe,Crypto
2022-06-25,-0.0020267900092426116,max_sharpe,Crypto
2022-06-26,0.004495222515433247,max_sharpe,Crypto
2022-06-27,0.011199235338246351,max_sharpe,Crypto
2022-06-28,-0.04151420076671448,max_sharpe,Crypto
2022-06-29,-0.017425372190191777,max_sharpe,Crypto
2022-06-30,-0.009016912469915424,max_sharpe,Crypto
2022-07-01,-0.010724132087781882,max_sharpe,Crypto
2022-07-02,0.00603147302804381,max_sharpe,Crypto
2022-07-03,0.012380187598242385,max_sharpe,Crypto
2022-07-04,0.027760442480589433,max_sharpe,Crypto
2022-07-05,-0.007927125329915997,max_sharpe,Crypto
2022-07-06,0.004164357802550198,max_sharpe,Crypto
2022-07-07,0.031604980231510565,max_sharpe,Crypto
2022-07-08,-0.006099830875994398,max_sharpe,Crypto
2022-07-09,0.01335272403483028,max_sharpe,Crypto
2022-07-10,-0.038929703275643344,max_sharpe,Crypto
2022-07-11,-0.05290782683147108,max_sharpe,Crypto
2022-07-12,-0.012378248694066172,max_sharpe,Crypto
2022-07-13,0.03159261639500417,max_sharpe,Crypto
2022-07-14,0.014781489636871604,max_sharpe,Crypto
2022-07-15,0.01262619601578237,max_sharpe,Crypto
2022-07-16,0.07898157109114035,max_sharpe,Crypto
2022-07-17,0.038246824760194253,max_sharpe,Crypto
2022-07-18,0.15775184396214031,max_sharpe,Crypto
2022-07-19,-0.00026029779207868876,max_sharpe,Crypto
2022-07-20,-0.048986262164277886,max_sharpe,Crypto
2022-07-21,0.05611603262011936,max_sharpe,Crypto
2022-07-22,-0.026416183423414757,max_sharpe,Crypto
2022-07-23,0.010381692704024822,max_sharpe,Crypto
2022-07-24,0.00013336156059931716,max_sharpe,Crypto
2022-07-25,-0.0639969384057226,max_sharpe,Crypto
2022-07-26,0.04411206321705894,max_sharpe,Crypto
2022-07-27,0.16443641662239322,max_sharpe,Crypto
2022-07-28,0.11687330598421454,max_sharpe,Crypto
2022-07-29,-0.004642417761641832,max_sharpe,Crypto
2022-07-30,-0.017529493173057784,max_sharpe,Crypto
2022-07-31,-0.03174646201926045,max_sharpe,Crypto
2022-08-01,-0.008695964924656765,max_sharpe,Crypto
2022-08-02,0.006314940632322351,max_sharpe,Crypto
2022-08-03,-0.011219074482026185,max_sharpe,Crypto
2022-08-04,-0.0333521705614595,max_sharpe,Crypto
2022-08-05,0.09922749492462311,max_sharpe,Crypto
2022-08-06,-0.01085509457290134,max_sharpe,Crypto
2022-08-07,-0.0032315128243923705,max_sharpe,Crypto
2022-08-08,0.007481817281771221,max_sharpe,Crypto
2022-08-09,-0.041650589479034855,max_sharpe,Crypto
2022-08-10,0.06331010122317889,max_sharpe,Crypto
2022-08-11,0.09112905942611925,max_sharpe,Crypto
2022-08-12,0.028107620513720476,max_sharpe,Crypto
2022-08-13,0.0019042276910496876,max_sharpe,Crypto
2022-08-14,-0.044592959001860596,max_sharpe,Crypto
2022-08-15,0.009580759883547077,max_sharpe,Crypto
2022-08-16,-0.04869819315779637,max_sharpe,Crypto
2022-08-17,0.006425488998786885,max_sharpe,Crypto
2022-08-18,-0.015422537496979633,max_sharpe,Crypto
2022-08-19,-0.16770785991580278,max_sharpe,Crypto
2022-08-20,-0.0026107770672250843,max_sharpe,Crypto
2022-08-21,0.024841004773427294,max_sharpe,Crypto
2022-08-22,0.01015252352060945,max_sharpe,Crypto
2022-08-23,0.008457545541859405,max_sharpe,Crypto
2022-08-24,0.02948484110709464,max_sharpe,Crypto
2022-08-25,0.05164988114313051,max_sharpe,Crypto
2022-08-26,-0.08741025297798978,max_sharpe,Crypto
2022-08-27,-0.026516156550363428,max_sharpe,Crypto
2022-08-28,-0.06419132144199356,max_sharpe,Crypto
2022-08-29,0.08779453230308842,max_sharpe,Crypto
2022-08-30,-0.03793446625625951,max_sharpe,Crypto
2022-08-31,0.0033775378911813435,max_sharpe,Crypto
2022-09-01,0.015365403154137038,max_sharpe,Crypto
2022-09-02,-0.013563405530874647,max_sharpe,Crypto
2022-09-03,-0.006652541188020613,max_sharpe,Crypto
2022-09-04,0.006225759079670604,max_sharpe,Crypto
2022-09-05,0.21734620267723806,max_sharpe,Crypto
2022-09-06,-0.1237807888444514,max_sharpe,Crypto
2022-09-07,0.07636679928418942,max_sharpe,Crypto
2022-09-08,-0.004032575527606714,max_sharpe,Crypto
2022-09-09,0.05731056334213159,max_sharpe,Crypto
2022-09-10,0.002954036269000826,max_sharpe,Crypto
2022-09-11,-0.021836623829533438,max_sharpe,Crypto
2022-09-12,-0.0030792691809671353,max_sharpe,Crypto
2022-09-13,-0.059186149317162054,max_sharpe,Crypto
2022-09-14,0.0892613387040042,max_sharpe,Crypto
2022-09-15,-0.09488338092589463,max_sharpe,Crypto
2022-09-16,-0.04335069004224466,max_sharpe,Crypto
2022-09-17,0.011277586497009169,max_sharpe,Crypto
2022-09-18,-0.14215996019074237,max_sharpe,Crypto
2022-09-19,0.02980915669988038,max_sharpe,Crypto
2022-09-20,-0.041287230018471774,max_sharpe,Crypto
2022-09-21,-0.04294938850065356,max_sharpe,Crypto
2022-09-22,0.025887440379298375,max_sharpe,Crypto
2022-09-23,0.009999796840097554,max_sharpe,Crypto
2022-09-24,-0.006731812387183793,max_sharpe,Crypto
2022-09-25,-0.01392291381047661,max_sharpe,Crypto
2022-09-26,0.00415825963821703,max_sharpe,Crypto
2022-09-27,-0.010526778122594397,max_sharpe,Crypto
2022-09-28,-0.016841291317696957,max_sharpe,Crypto
2022-09-29,0.004981862392405176,max_sharpe,Crypto
2022-09-30,-0.0029513638826588204,max_sharpe,Crypto
2022-10-01,-0.006454573158777065,max_sharpe,Crypto
2022-10-02,-0.022395315271052655,max_sharpe,Crypto
2022-10-03,0.019875575361258505,max_sharpe,Crypto
2022-10-04,0.017330183060149777,max_sharpe,Crypto
2022-10-05,-0.011163940853987862,max_sharpe,Crypto
2022-10-06,0.005734796285236536,max_sharpe,Crypto
2022-10-07,-0.004539366771863741,max_sharpe,Crypto
2022-10-08,-0.00683211272991969,max_sharpe,Crypto
2022-10-09,0.005719129490084461,max_sharpe,Crypto
2022-10-10,0.0064875561088030605,max_sharpe,Crypto
2022-10-11,-0.019178083491281132,max_sharpe,Crypto
2022-10-12,0.0024177784848966643,max_sharpe,Crypto
2022-10-13,-0.012415825030035472,max_sharpe,Crypto
2022-10-14,0.04805849723566231,max_sharpe,Crypto
2022-10-15,-0.033124326498575635,max_sharpe,Crypto
2022-10-16,-3.235819863054719e-05,max_sharpe,Crypto
2022-10-17,0.013652347690393595,max_sharpe,Crypto
2022-10-18,-0.0078991728922282,max_sharpe,Crypto
2022-10-19,-0.006224836163922917,max_sharpe,Crypto
2022-10-20,0.006959828391724694,max_sharpe,Crypto
2022-10-21,-0.008856673657611306,max_sharpe,Crypto
2022-10-22,-0.0003567487160519287,max_sharpe,Crypto
2022-10-23,0.0038935446958068493,max_sharpe,Crypto
2022-10-24,-0.008322544158957963,max_sharpe,Crypto
2022-10-25,0.01706184752784375,max_sharpe,Crypto
2022-10-26,0.01634300079135257,max_sharpe,Crypto
2022-10-27,-0.0071415491668193175,max_sharpe,Crypto
2022-10-28,0.009257061897588249,max_sharpe,Crypto
2022-10-29,0.009722842661133322,max_sharpe,Crypto
2022-10-30,-0.016266829686325666,max_sharpe,Crypto
2022-10-31,0.0027243428994909715,max_sharpe,Crypto
2022-11-01,-0.007787285384490805,max_sharpe,Crypto
2022-11-02,-0.019963439196848412,max_sharpe,Crypto
2022-11-03,0.0037036263805090546,max_sharpe,Crypto
2022-11-04,0.031785639740803874,max_sharpe,Crypto
2022-11-05,-0.0025410250557948906,max_sharpe,Crypto
2022-11-06,-0.013178028456808636,max_sharpe,Crypto
2022-11-07,-0.007537490063893804,max_sharpe,Crypto
2022-11-08,-0.056470747977050165,max_sharpe,Crypto
2022-11-09,-0.08891654045217118,max_sharpe,Crypto
2022-11-10,0.07818747065806729,max_sharpe,Crypto
2022-11-11,-0.03211833521262885,max_sharpe,Crypto
2022-11-12,-0.01648469287091994,max_sharpe,Crypto
2022-11-13,-0.07385029145248963,max_sharpe,Crypto
2022-11-14,-0.015267972964396472,max_sharpe,Crypto
2022-11-15,0.011114692469894164,max_sharpe,Crypto
2022-11-16,-0.009137404624488662,max_sharpe,Crypto
2022-11-17,-0.0032265371738469132,max_sharpe,Crypto
2022-11-18,0.012388603616120474,max_sharpe,Crypto
2022-11-19,0.029526671382652053,max_sharpe,Crypto
2022-11-20,-0.04075765615659901,max_sharpe,Crypto
2022-11-21,0.027420299661182947,max_sharpe,Crypto
2022-11-22,-0.015231095101136035,max_sharpe,Crypto
2022-11-23,0.021965415324795713,max_sharpe,Crypto
2022-11-24,0.02224711973499515,max_sharpe,Crypto
2022-11-25,0.0012668861212645761,max_sharpe,Crypto
2022-11-26,-0.0031536405205768816,max_sharpe,Crypto
2022-11-27,0.008505684229216373,max_sharpe,Crypto
2022-11-28,-0.0038694401071242158,max_sharpe,Crypto
2022-11-29,0.005317588173315189,max_sharpe,Crypto
2022-11-30,0.02460943076419221,max_sharpe,Crypto
2022-12-01,-0.008622418697799466,max_sharpe,Crypto
2022-12-02,0.004930365263350557,max_sharpe,Crypto
2022-12-03,-0.01438783077772533,max_sharpe,Crypto
2022-12-04,-0.008277689769953337,max_sharpe,Crypto
2022-12-05,0.0020866779521142506,max_sharpe,Crypto
2022-12-06,0.00669727594305991,max_sharpe,Crypto
2022-12-07,-0.010305188214220237,max_sharpe,Crypto
2022-12-08,0.026040766847645874,max_sharpe,Crypto
2022-12-09,0.0029545546992206717,max_sharpe,Crypto
2022-12-10,0.0025067475856639337,max_sharpe,Crypto
2022-12-11,-0.015313057301952985,max_sharpe,Crypto
2022-12-12,-0.008266746009162435,max_sharpe,Crypto
2022-12-13,0.017344166347145643,max_sharpe,Crypto
2022-12-14,0.022651706192284803,max_sharpe,Crypto
2022-12-15,0.0019401410505497083,max_sharpe,Crypto
2022-12-16,-0.05054322753452694,max_sharpe,Crypto
2022-12-17,0.03618163911361225,max_sharpe,Crypto
2022-12-18,-0.01973722890978955,max_sharpe,Crypto
2022-12-19,-0.002900279985477866,max_sharpe,Crypto
2022-12-20,0.025227534308138077,max_sharpe,Crypto
2022-12-21,-0.002509836771517293,max_sharpe,Crypto
2022-12-22,0.012853939776316763,max_sharpe,Crypto
2022-12-23,-0.023689512816616427,max_sharpe,Crypto
2022-12-24,0.009329642111524521,max_sharpe,Crypto
2022-12-25,0.001315236642559496,max_sharpe,Crypto
2022-12-26,-0.004779794727763325,max_sharpe,Crypto
2022-12-27,-0.00817567101081274,max_sharpe,Crypto
2022-12-28,0.000720808478729086,max_sharpe,Crypto
2022-12-29,-0.0024194261931558135,max_sharpe,Crypto
2022-12-30,0.006664885887726975,max_sharpe,Crypto
2022-12-31,0.002317293153855579,max_sharpe,Crypto
2023-01-01,0.005871604483253643,max_sharpe,Crypto
2023-01-02,0.006147340460810636,max_sharpe,Crypto
2023-01-03,-0.005874135339138029,max_sharpe,Crypto
2023-01-04,-0.0018419578179974534,max_sharpe,Crypto
2023-01-05,-0.019568052265690798,max_sharpe,Crypto
2023-01-06,-0.02174762565764958,max_sharpe,Crypto
2023-01-07,-0.009048664309506661,max_sharpe,Crypto
2023-01-08,0.03452584063414507,max_sharpe,Crypto
2023-01-09,0.01507013707877719,max_sharpe,Crypto
2023-01-10,0.0028557876995038774,max_sharpe,Crypto
2023-01-11,0.031105106677934213,max_sharpe,Crypto
2023-01-12,0.011064678165608095,max_sharpe,Crypto
2023-01-13,0.050778321577011384,max_sharpe,Crypto
2023-01-14,0.03106099168915908,max_sharpe,Crypto
2023-01-15,0.007773709944775866,max_sharpe,Crypto
2023-01-16,0.0011867806318594787,max_sharpe,Crypto
2023-01-17,-0.011276655695469167,max_sharpe,Crypto
2023-01-18,-0.04411432680885486,max_sharpe,Crypto
2023-01-19,0.019490548882258322,max_sharpe,Crypto
2023-01-20,0.04451979841951538,max_sharpe,Crypto
2023-01-21,-0.01749133230104371,max_sharpe,Crypto
2023-01-22,-0.0008586054070899281,max_sharpe,Crypto
2023-01-23,0.018547632608415965,max_sharpe,Crypto
2023-01-24,-0.0416885279341932,max_sharpe,Crypto
2023-01-25,0.0272074777079081,max_sharpe,Crypto
2023-01-26,-0.0017948765058580776,max_sharpe,Crypto
2023-01-27,0.02998499347254979,max_sharpe,Crypto
2023-01-28,-0.0077066199568962546,max_sharpe,Crypto
2023-01-29,0.011126626921262435,max_sharpe,Crypto
2023-01-30,-0.024249949137414965,max_sharpe,Crypto
2023-01-31,-0.0004337703633581138,max_sharpe,Crypto
2023-02-01,0.015638076610218214,max_sharpe,Crypto
2023-02-02,0.00898837616064196,max_sharpe,Crypto
2023-02-03,0.00566169778251724,max_sharpe,Crypto
2023-02-04,-0.004647404595860994,max_sharpe,Crypto
2023-02-05,0.004089391093856858,max_sharpe,Crypto
2023-02-06,-0.013903410200011734,max_sharpe,Crypto
2023-02-07,0.04082669211737433,max_sharpe,Crypto
2023-02-08,0.01672387644048156,max_sharpe,Crypto
2023-02-09,-0.07165935277710557,max_sharpe,Crypto
2023-02-10,0.01553572745128417,max_sharpe,Crypto
2023-02-11,0.009636212208593344,max_sharpe,Crypto
2023-02-12,-0.02154824826711632,max_sharpe,Crypto
2023-02-13,-0.013788372299263767,max_sharpe,Crypto
2023-02-14,0.050106878128791214,max_sharpe,Crypto
2023-02-15,0.07428056312082588,max_sharpe,Crypto
2023-02-16,-0.037385963914877585,max_sharpe,Crypto
2023-02-17,0.013716798704812813,max_sharpe,Crypto
2023-02-18,-0.0051606477996873875,max_sharpe,Crypto
2023-02-19,-0.02232277162003393,max_sharpe,Crypto
2023-02-20,-0.01663927496671279,max_sharpe,Crypto
2023-02-21,-0.02325744692610155,max_sharpe,Crypto
2023-02-22,0.016107710616136243,max_sharpe,Crypto
2023-02-23,-0.0055338973850079815,max_sharpe,Crypto
2023-02-24,-0.03312734374955938,max_sharpe,Crypto
2023-02-25,0.018659267968910816,max_sharpe,Crypto
2023-02-26,0.02136069626324844,max_sharpe,Crypto
2023-02-27,-0.012271667302745756,max_sharpe,Crypto
2023-02-28,-0.003123710431507834,max_sharpe,Crypto
2023-03-01,0.0420595843026379,max_sharpe,Crypto
2023-03-02,-0.003248473749388963,max_sharpe,Crypto
2023-03-03,-0.03577842580317995,max_sharpe,Crypto
2023-03-04,-0.007072721237623698,max_sharpe,Crypto
2023-03-05,0.008577821104056358,max_sharpe,Crypto
2023-03-06,0.0021558781550477337,max_sharpe,Crypto
2023-03-07,-0.016884047581752385,max_sharpe,Crypto
2023-03-08,-0.01513661009871633,max_sharpe,Crypto
2023-03-09,-0.10424459322010315,max_sharpe,Crypto
2023-03-10,-0.017790799615428322,max_sharpe,Crypto
2023-03-11,0.03230745384391185,max_sharpe,Crypto
2023-03-12,0.09174652589269174,max_sharpe,Crypto
2023-03-13,0.03878849941665894,max_sharpe,Crypto
2023-03-14,-0.0012942640063536525,max_sharpe,Crypto
2023-03-15,-0.027110443786379987,max_sharpe,Crypto
2023-03-16,0.0008268156577590102,max_sharpe,Crypto
2023-03-17,0.037144166293387425,max_sharpe,Crypto
2023-03-18,-0.028291215216658318,max_sharpe,Crypto
2023-03-19,0.013540362147743096,max_sharpe,Crypto
2023-03-20,-0.024831885170295536,max_sharpe,Crypto
2023-03-21,0.031822680955027785,max_sharpe,Crypto
2023-03-22,-0.1087775516654087,max_sharpe,Crypto
2023-03-23,0.03686637827461306,max_sharpe,Crypto
2023-03-24,-0.029561696517228734,max_sharpe,Crypto
2023-03-25,-0.008628918633571066,max_sharpe,Crypto
2023-03-26,0.016288686129613875,max_sharpe,Crypto
2023-03-27,-0.03285543456959449,max_sharpe,Crypto
2023-03-28,0.0251045834536181,max_sharpe,Crypto
2023-03-29,0.023846103525584136,max_sharpe,Crypto
2023-03-30,-0.018587824996325268,max_sharpe,Crypto
2023-03-31,0.023124642555314434,max_sharpe,Crypto
2023-04-01,0.01837055686563716,max_sharpe,Crypto
2023-04-02,-0.03253200992591676,max_sharpe,Crypto
2023-04-03,0.01273827508906344,max_sharpe,Crypto
2023-04-04,0.020605021968393086,max_sharpe,Crypto
2023-04-05,0.0004082303426842256,max_sharpe,Crypto
2023-04-06,-0.020984008612212276,max_sharpe,Crypto
2023-04-07,-0.009764936064224681,max_sharpe,Crypto
2023-04-08,-0.006206550399790567,max_sharpe,Crypto
2023-04-09,0.010040766019685511,max_sharpe,Crypto
2023-04-10,0.020116568913731928,max_sharpe,Crypto
2023-04-11,0.025433473138740437,max_sharpe,Crypto
2023-04-12,0.017889112877304426,max_sharpe,Crypto
2023-04-13,0.02503829396383983,max_sharpe,Crypto
2023-04-14,-3.4333170789044844e-05,max_sharpe,Crypto
2023-04-15,-0.014376149117139803,max_sharpe,Crypto
2023-04-16,0.006796560943439278,max_sharpe,Crypto
2023-04-17,-0.025492994102758182,max_sharpe,Crypto
2023-04-18,0.008074513637040374,max_sharpe,Crypto
2023-04-19,-0.07107411617556281,max_sharpe,Crypto
2023-04-20,-0.012499645714952882,max_sharpe,Crypto
2023-04-21,-0.0366617801146637,max_sharpe,Crypto
2023-04-22,0.04537979623170818,max_sharpe,Crypto
2023-04-23,-0.02453006950255565,max_sharpe,Crypto
2023-04-24,-0.014744436950949846,max_sharpe,Crypto
2023-04-25,0.019356009430115062,max_sharpe,Crypto
2023-04-26,-0.022828334982164633,max_sharpe,Crypto
2023-04-27,0.024337479878711932,max_sharpe,Crypto
2023-04-28,-0.002384662326175067,max_sharpe,Crypto
2023-04-29,0.001989058682006162,max_sharpe,Crypto
2023-04-30,-0.016904581754450754,max_sharpe,Crypto
2023-05-01,-0.013695001314237513,max_sharpe,Crypto
2023-05-02,0.0028718943868881745,max_sharpe,Crypto
2023-05-03,0.01524960830468336,max_sharpe,Crypto
2023-05-04,-0.011360508072072584,max_sharpe,Crypto
2023-05-05,0.018141408725380295,max_sharpe,Crypto
2023-05-06,-0.029227508307423586,max_sharpe,Crypto
2023-05-07,-0.012708313062218923,max_sharpe,Crypto
2023-05-08,-0.023552017499562837,max_sharpe,Crypto
2023-05-09,0.023044548648087738,max_sharpe,Crypto
2023-05-10,0.0056180757237044585,max_sharpe,Crypto
2023-05-11,-0.0373258211567717,max_sharpe,Crypto
2023-05-12,0.007730083583767903,max_sharpe,Crypto
2023-05-13,-0.004367152542360478,max_sharpe,Crypto
2023-05-14,1.7128634908515193e-05,max_sharpe,Crypto
2023-05-15,0.0097667893660821,max_sharpe,Crypto
2023-05-16,-0.00045697378844146555,max_sharpe,Crypto
2023-05-17,0.014669518370857358,max_sharpe,Crypto
2023-05-18,-0.011673412560728387,max_sharpe,Crypto
2023-05-19,-0.0010091205901676188,max_sharpe,Crypto
2023-05-20,0.004728710027234683,max_sharpe,Crypto
2023-05-21,-0.014355418030942278,max_sharpe,Crypto
2023-05-22,0.020130496840983274,max_sharpe,Crypto
2023-05-23,0.00622961304629288,max_sharpe,Crypto
2023-05-24,-0.030091540730359457,max_sharpe,Crypto
2023-05-25,-0.001105408109135948,max_sharpe,Crypto
2023-05-26,-0.0172366398678677,max_sharpe,Crypto
2023-05-27,0.02251982389985273,max_sharpe,Crypto
2023-05-28,0.0033554591775471266,max_sharpe,Crypto
2023-05-29,-0.016630567215926702,max_sharpe,Crypto
2023-05-30,0.003177551368995332,max_sharpe,Crypto
2023-05-31,-0.014659316009756895,max_sharpe,Crypto
2023-06-01,-0.006761261850171119,max_sharpe,Crypto
2023-06-02,0.10673642184398294,max_sharpe,Crypto
2023-06-03,-0.011117259356081315,max_sharpe,Crypto
2023-06-04,-0.004350314387648321,max_sharpe,Crypto
2023-06-05,-0.03842757799343656,max_sharpe,Crypto
2023-06-06,-0.00144224423321022,max_sharpe,Crypto
2023-06-07,-0.01908376736483121,max_sharpe,Crypto
2023-06-08,0.009825239856726228,max_sharpe,Crypto
2023-06-09,-0.07111427399311403,max_sharpe,Crypto
2023-06-10,-0.03310459452121917,max_sharpe,Crypto
2023-06-11,0.008275699209821625,max_sharpe,Crypto
2023-06-12,0.012197795582693061,max_sharpe,Crypto
2023-06-13,0.01247308548201941,max_sharpe,Crypto
2023-06-14,-0.013264952518982872,max_sharpe,Crypto
2023-06-15,-0.0001972752912120433,max_sharpe,Crypto
2023-06-16,-0.006145093470653055,max_sharpe,Crypto
2023-06-17,0.015273399805142637,max_sharpe,Crypto
2023-06-18,-0.020547062748805342,max_sharpe,Crypto
2023-06-19,-0.002167671591750569,max_sharpe,Crypto
2023-06-20,0.008889712365350862,max_sharpe,Crypto
2023-06-21,0.025399796761096397,max_sharpe,Crypto
2023-06-22,-0.006189260228491088,max_sharpe,Crypto
2023-06-23,0.016903940575982577,max_sharpe,Crypto
2023-06-24,-0.012371496273029017,max_sharpe,Crypto
2023-06-25,0.013246290436418987,max_sharpe,Crypto
2023-06-26,0.007772708651920583,max_sharpe,Crypto
2023-06-27,0.008675327046700598,max_sharpe,Crypto
2023-06-28,-0.00899039844029728,max_sharpe,Crypto
2023-06-29,0.009532972739668475,max_sharpe,Crypto
2023-06-30,0.023614138639628312,max_sharpe,Crypto
2023-07-01,0.013227432528273733,max_sharpe,Crypto
2023-07-02,-0.015891092390657766,max_sharpe,Crypto
2023-07-03,0.01781909166961791,max_sharpe,Crypto
2023-07-04,-0.003491098945233259,max_sharpe,Crypto
2023-07-05,2.6005011523491823e-05,max_sharpe,Crypto
2023-07-06,0.002367498544316508,max_sharpe,Crypto
2023-07-07,0.019965870690850984,max_sharpe,Crypto
2023-07-08,0.014325734500872423,max_sharpe,Crypto
2023-07-09,-0.03111215737794243,max_sharpe,Crypto
2023-07-10,0.0021057159659115276,max_sharpe,Crypto
2023-07-11,-0.003022913711454833,max_sharpe,Crypto
2023-07-12,0.007531520300286488,max_sharpe,Crypto
2023-07-13,0.045393905309911414,max_sharpe,Crypto
2023-07-14,-0.02226067985612494,max_sharpe,Crypto
2023-07-15,0.009805623763420175,max_sharpe,Crypto
2023-07-16,-0.012700676024521655,max_sharpe,Crypto
2023-07-17,0.0003905235249826045,max_sharpe,Crypto
2023-07-18,-0.001802059631578821,max_sharpe,Crypto
2023-07-19,0.005926860134633553,max_sharpe,Crypto
2023-07-20,0.004848309146865677,max_sharpe,Crypto
2023-07-21,-0.0010706711330288551,max_sharpe,Crypto
2023-07-22,0.03746055886081876,max_sharpe,Crypto
2023-07-23,-0.003318228761117308,max_sharpe,Crypto
2023-07-24,-0.023487868897991943,max_sharpe,Crypto
2023-07-25,0.004586326279577408,max_sharpe,Crypto
2023-07-26,0.006122326259751157,max_sharpe,Crypto
2023-07-27,0.002036102838651769,max_sharpe,Crypto
2023-07-28,0.029292467499580845,max_sharpe,Crypto
2023-07-29,-0.02066920405271501,max_sharpe,Crypto
2023-07-30,-0.03663670003979028,max_sharpe,Crypto
2023-07-31,-0.024200705444282003,max_sharpe,Crypto
2023-08-01,0.008304277677127022,max_sharpe,Crypto
2023-08-02,-0.02755452262166159,max_sharpe,Crypto
2023-08-03,0.004999777808831663,max_sharpe,Crypto
2023-08-04,-0.00836959429824838,max_sharpe,Crypto
2023-08-05,0.0071176847052599294,max_sharpe,Crypto
2023-08-06,-0.0070500835138824075,max_sharpe,Crypto
2023-08-07,-0.0014086408638973526,max_sharpe,Crypto
2023-08-08,0.003431351806886898,max_sharpe,Crypto
2023-08-09,-0.0008225519990456044,max_sharpe,Crypto
2023-08-10,0.005070513413646295,max_sharpe,Crypto
2023-08-11,-0.0013498245012203897,max_sharpe,Crypto
2023-08-12,0.0028568121565954348,max_sharpe,Crypto
2023-08-13,-0.004174121968751818,max_sharpe,Crypto
2023-08-14,0.005004172859758002,max_sharpe,Crypto
2023-08-15,-0.01702729089091958,max_sharpe,Crypto
2023-08-16,-0.023090344931049528,max_sharpe,Crypto
2023-08-17,-0.02491926066065393,max_sharpe,Crypto
2023-08-18,0.0035330390465648713,max_sharpe,Crypto
2023-08-19,0.014753576327650507,max_sharpe,Crypto
2023-08-20,0.024650403246246896,max_sharpe,Crypto
2023-08-21,-0.010263272432576957,max_sharpe,Crypto
2023-08-22,0.004099936942356866,max_sharpe,Crypto
2023-08-23,0.02872826107248016,max_sharpe,Crypto
2023-08-24,-0.01362147212868481,max_sharpe,Crypto
2023-08-25,0.008635902549546824,max_sharpe,Crypto
2023-08-26,0.0029791899672231225,max_sharpe,Crypto
2023-08-27,0.0010719013943090176,max_sharpe,Crypto
2023-08-28,-0.014603580373373936,max_sharpe,Crypto
2023-08-29,0.012437337549245494,max_sharpe,Crypto
2023-08-30,-0.022060492549708762,max_sharpe,Crypto
2023-08-31,0.014373206243170246,max_sharpe,Crypto
2023-09-01,-0.008094981740668254,max_sharpe,Crypto
2023-09-02,0.012340118456520829,max_sharpe,Crypto
2023-09-03,0.00011683847467747554,max_sharpe,Crypto
2023-09-04,0.005049288857890354,max_sharpe,Crypto
2023-09-05,-0.00015501594951506306,max_sharpe,Crypto
2023-09-06,0.018626162896112172,max_sharpe,Crypto
2023-09-07,0.002295168082113278,max_sharpe,Crypto
2023-09-08,0.0010628066409248303,max_sharpe,Crypto
2023-09-09,0.00030329629684721954,max_sharpe,Crypto
2023-09-10,-0.010372864143842208,max_sharpe,Crypto
2023-09-11,-0.010507080467755874,max_sharpe,Crypto
2023-09-12,0.042306954692337355,max_sharpe,Crypto
2023-09-13,0.004939108492438844,max_sharpe,Crypto
2023-09-14,0.030930146460260696,max_sharpe,Crypto
2023-09-15,0.004146006589918614,max_sharpe,Crypto
2023-09-16,-0.006211284747094643,max_sharpe,Crypto
2023-09-17,-0.0016642684524962525,max_sharpe,Crypto
2023-09-18,0.0079755526591996,max_sharpe,Crypto
2023-09-19,0.006460804467671062,max_sharpe,Crypto
2023-09-20,-0.0009339209733565516,max_sharpe,Crypto
2023-09-21,-0.01700411704329675,max_sharpe,Crypto
2023-09-22,0.0036234045024388065,max_sharpe,Crypto
2023-09-23,0.00314250006814043,max_sharpe,Crypto
2023-09-24,-0.00027500378609037255,max_sharpe,Crypto
2023-09-25,0.01191217810604739,max_sharpe,Crypto
2023-09-26,0.0004727060678797464,max_sharpe,Crypto
2023-09-27,0.009061053252710904,max_sharpe,Crypto
2023-09-28,0.02901148670193124,max_sharpe,Crypto
2023-09-29,0.008688471934174963,max_sharpe,Crypto
2023-09-30,-0.0072437217920391615,max_sharpe,Crypto
2023-10-01,0.023446253578054042,max_sharpe,Crypto
2023-10-02,-0.007137307018655556,max_sharpe,Crypto
2023-10-03,1.4350706363776278e-05,max_sharpe,Crypto
2023-10-04,-0.0026765680161853966,max_sharpe,Crypto
2023-10-05,-0.012064454688080171,max_sharpe,Crypto
2023-10-06,-0.0011674297772862855,max_sharpe,Crypto
2023-10-07,-0.0018925237910932915,max_sharpe,Crypto
2023-10-08,-0.006945749837830254,max_sharpe,Crypto
2023-10-09,-0.032228703659298294,max_sharpe,Crypto
2023-10-10,-0.01495082813326655,max_sharpe,Crypto
2023-10-11,-0.004129299240803594,max_sharpe,Crypto
2023-10-12,-0.007543117415101618,max_sharpe,Crypto
2023-10-13,0.00982505313150359,max_sharpe,Crypto
2023-10-14,-0.005168430350373365,max_sharpe,Crypto
2023-10-15,0.006193176512349046,max_sharpe,Crypto
2023-10-16,0.043947147662092616,max_sharpe,Crypto
2023-10-17,-0.013586621165256597,max_sharpe,Crypto
2023-10-18,-0.0002049476501022299,max_sharpe,Crypto
2023-10-19,0.03060780047422875,max_sharpe,Crypto
2023-10-20,0.027654431616122237,max_sharpe,Crypto
2023-10-21,0.011408472516989725,max_sharpe,Crypto
2023-10-22,0.0008406345521785878,max_sharpe,Crypto
2023-10-23,0.059478834005094475,max_sharpe,Crypto
2023-10-24,-0.00884683153776997,max_sharpe,Crypto
2023-10-25,0.002591257383916341,max_sharpe,Crypto
2023-10-26,-0.01547168243387567,max_sharpe,Crypto
2023-10-27,-0.0238367077245705,max_sharpe,Crypto
2023-10-28,0.011873844811172523,max_sharpe,Crypto
2023-10-29,0.012293603064825256,max_sharpe,Crypto
2023-10-30,0.018052618860631694,max_sharpe,Crypto
2023-10-31,0.014182901013253126,max_sharpe,Crypto
2023-11-01,0.007521171428364115,max_sharpe,Crypto
2023-11-02,-0.02343899869770148,max_sharpe,Crypto
2023-11-03,0.010005746145232485,max_sharpe,Crypto
2023-11-04,0.00833832119234823,max_sharpe,Crypto
2023-11-05,0.02870836754697097,max_sharpe,Crypto
2023-11-06,0.04822632700641734,max_sharpe,Crypto
2023-11-07,-0.01607044230660007,max_sharpe,Crypto
2023-11-08,0.004811655037048867,max_sharpe,Crypto
2023-11-09,-0.005783006099066057,max_sharpe,Crypto
2023-11-10,0.022502366661746584,max_sharpe,Crypto
2023-11-11,0.000268534342370793,max_sharpe,Crypto
2023-11-12,0.0002481111022543254,max_sharpe,Crypto
2023-11-13,-0.005338480629593124,max_sharpe,Crypto
2023-11-14,-0.03582375583325216,max_sharpe,Crypto
2023-11-15,0.033983213914766136,max_sharpe,Crypto
2023-11-16,-0.031689443293851156,max_sharpe,Crypto
2023-11-17,0.0007497923564587594,max_sharpe,Crypto
2023-11-18,-0.004995972821849005,max_sharpe,Crypto
2023-11-19,0.015616708468203719,max_sharpe,Crypto
2023-11-20,-0.016000331106771643,max_sharpe,Crypto
2023-11-21,-0.0464774059778186,max_sharpe,Crypto
2023-11-22,0.045303118675098994,max_sharpe,Crypto
2023-11-23,0.0060549954345187505,max_sharpe,Crypto
2023-11-24,0.011895020227713283,max_sharpe,Crypto
2023-11-25,0.013278976333442258,max_sharpe,Crypto
2023-11-26,-0.007358628210525417,max_sharpe,Crypto
2023-11-27,-0.025261388659943193,max_sharpe,Crypto
2023-11-28,0.008638092614052722,max_sharpe,Crypto
2023-11-29,0.0005792785022494472,max_sharpe,Crypto
2023-11-30,-0.0041734741713356895,max_sharpe,Crypto
2023-12-01,0.01511374210565574,max_sharpe,Crypto
2023-12-02,0.013392116752027436,max_sharpe,Crypto
2023-12-03,0.007450599488011546,max_sharpe,Crypto
2023-12-04,0.044241403583506644,max_sharpe,Crypto
2023-12-05,0.019057889985931425,max_sharpe,Crypto
2023-12-06,-0.003324251913691959,max_sharpe,Crypto
2023-12-07,-0.0020923152847983372,max_sharpe,Crypto
2023-12-08,0.02623017748906028,max_sharpe,Crypto
2023-12-09,-0.00783856271493394,max_sharpe,Crypto
2023-12-10,0.0016251571957313841,max_sharpe,Crypto
2023-12-11,-0.05998632710988661,max_sharpe,Crypto
2023-12-12,0.0031668333962917195,max_sharpe,Crypto
2023-12-13,0.020827927403233526,max_sharpe,Crypto
2023-12-14,0.007563148008643351,max_sharpe,Crypto
2023-12-15,-0.0336823165406552,max_sharpe,Crypto
2023-12-16,0.009372102875363171,max_sharpe,Crypto
2023-12-17,-0.015649818163387338,max_sharpe,Crypto
2023-12-18,0.012169498725628917,max_sharpe,Crypto
2023-12-19,-0.008596980363816027,max_sharpe,Crypto
2023-12-20,0.02504765608467533,max_sharpe,Crypto
2023-12-21,0.008400724617628676,max_sharpe,Crypto
2023-12-22,0.004417206393452279,max_sharpe,Crypto
2023-12-23,-0.0037123901695306134,max_sharpe,Crypto
2023-12-24,-0.014034954095375012,max_sharpe,Crypto
2023-12-25,0.015060909214237361,max_sharpe,Crypto
2023-12-26,-0.02637249073464755,max_sharpe,Crypto
2023-12-27,0.029852992375680492,max_sharpe,Crypto
2023-12-28,-0.01306842389568855,max_sharpe,Crypto
2023-12-29,-0.011906875350664007,max_sharpe,Crypto
2023-12-30,0.0052408890880048025,max_sharpe,Crypto
2023-12-31,0.0006544986233003915,max_sharpe,Crypto
2021-05-20,0.14397836771928793,risk_parity,Crypto
2021-05-21,-0.1369028905410358,risk_parity,Crypto
2021-05-22,-0.05681099408698441,risk_parity,Crypto
2021-05-23,-0.11054678172546024,risk_parity,Crypto
2021-05-24,0.24308553964445626,risk_parity,Crypto
2021-05-25,0.0027239761551528653,risk_parity,Crypto
2021-05-26,0.0681921352654219,risk_parity,Crypto
2021-05-27,-0.036822545703064376,risk_parity,Crypto
2021-05-28,-0.08335981767672322,risk_parity,Crypto
2021-05-29,-0.05556932885873915,risk_parity,Crypto
2021-05-30,0.046177178926710916,risk_parity,Crypto
2021-05-31,0.0885271946478426,risk_parity,Crypto
2021-06-01,-0.019129235784247325,risk_parity,Crypto
2021-06-02,0.016647871013708525,risk_parity,Crypto
2021-06-03,0.0355009822645121,risk_parity,Crypto
2021-06-04,-0.06907959041474249,risk_parity,Crypto
2021-06-05,-0.03151983537546825,risk_parity,Crypto
2021-06-06,0.017704793951030074,risk_parity,Crypto
2021-06-07,-0.0803871361364394,risk_parity,Crypto
2021-06-08,-0.0013348475786836142,risk_parity,Crypto
2021-06-09,0.059909257302890324,risk_parity,Crypto
2021-06-10,-0.044775914728366895,risk_parity,Crypto
2021-06-11,-0.031889220157822966,risk_parity,Crypto
2021-06-12,-0.00827506336962671,risk_parity,Crypto
2021-06-13,0.06282652268269677,risk_parity,Crypto
2021-06-14,0.013110524768367908,risk_parity,Crypto
2021-06-15,0.012284526442276573,risk_parity,Crypto
2021-06-16,-0.06870455673291838,risk_parity,Crypto
2021-06-17,0.009075908759262685,risk_parity,Crypto
2021-06-18,-0.05777354429860835,risk_parity,Crypto
2021-06-19,-0.019527923621127673,risk_parity,Crypto
2021-06-20,0.011148074706564235,risk_parity,Crypto
2021-06-21,-0.18482597626356884,risk_parity,Crypto
2021-06-22,-0.030758935747559186,risk_parity,Crypto
2021-06-23,0.08231976477603653,risk_parity,Crypto
2021-06-24,0.0596057334896466,risk_parity,Crypto
2021-06-25,-0.08075021585267353,risk_parity,Crypto
2021-06-26,0.012120025936744404,risk_parity,Crypto
2021-06-27,0.055201215490737233,risk_parity,Crypto
2021-06-28,0.01759100564964873,risk_parity,Crypto
2021-06-29,0.07271484194104423,risk_parity,Crypto
2021-06-30,0.008804863521800004,risk_parity,Crypto
2021-07-01,-0.05223509378284217,risk_parity,Crypto
2021-07-02,0.007476155170031184,risk_parity,Crypto
2021-07-03,0.022637437584706745,risk_parity,Crypto
2021-07-04,0.02227372971376225,risk_parity,Crypto
2021-07-05,-0.04723069783034492,risk_parity,Crypto
2021-07-06,0.018341149838805408,risk_parity,Crypto
2021-07-07,-0.013148830368483116,risk_parity,Crypto
2021-07-08,-0.04914363609132094,risk_parity,Crypto
2021-07-09,0.030785020444610945,risk_parity,Crypto
2021-07-10,-0.015172589373142628,risk_parity,Crypto
2021-07-11,0.011546721867543554,risk_parity,Crypto
2021-07-12,-0.02269477005584428,risk_parity,Crypto
2021-07-13,-0.031253880857963295,risk_parity,Crypto
2021-07-14,0.005677386227444592,risk_parity,Crypto
2021-07-15,-0.03377859593776606,risk_parity,Crypto
2021-07-16,-0.023970863977776913,risk_parity,Crypto
2021-07-17,-0.001518876144482142,risk_parity,Crypto
2021-07-18,0.003190938681657126,risk_parity,Crypto
2021-07-19,-0.04721864394230406,risk_parity,Crypto
2021-07-20,-0.03923222560239683,risk_parity,Crypto
2021-07-21,0.0843159948558591,risk_parity,Crypto
2021-07-22,0.03271600473429625,risk_parity,Crypto
2021-07-23,0.030839734313103488,risk_parity,Crypto
2021-07-24,0.021071539942729114,risk_parity,Crypto
2021-07-25,0.0009742040986962817,risk_parity,Crypto
2021-07-26,0.02591974695027662,risk_parity,Crypto
2021-07-27,0.028402024808388805,risk_parity,Crypto
2021-07-28,0.02451506484863837,risk_parity,Crypto
2021-07-29,0.017437354633465425,risk_parity,Crypto
2021-07-30,0.03070164499912549,risk_parity,Crypto
2021-07-31,0.004218559520950795,risk_parity,Crypto
2021-08-01,-0.02291710907673939,risk_parity,Crypto
2021-08-02,0.008671748785595373,risk_parity,Crypto
2021-08-03,-0.016164787208942794,risk_parity,Crypto
2021-08-04,0.03716620148225431,risk_parity,Crypto
2021-08-05,0.017492121921438897,risk_parity,Crypto
2021-08-06,0.023967719792412356,risk_parity,Crypto
2021-08-07,0.06848616468411017,risk_parity,Crypto
2021-08-08,-0.0428366086211143,risk_parity,Crypto
2021-08-09,0.054070739724430966,risk_parity,Crypto
2021-08-10,0.017174537671852723,risk_parity,Crypto
2021-08-11,0.05892321640759893,risk_parity,Crypto
2021-08-12,-0.021709919177096054,risk_parity,Crypto
2021-08-13,0.09863590706810216,risk_parity,Crypto
2021-08-14,0.03879419837094272,risk_parity,Crypto
2021-08-15,0.016724025508264753,risk_parity,Crypto
2021-08-16,-0.04226452725229102,risk_parity,Crypto
2021-08-17,-0.06140877275857466,risk_parity,Crypto
2021-08-18,0.012557046819029579,risk_parity,Crypto
2021-08-19,0.06089787165277834,risk_parity,Crypto
2021-08-20,0.0394518652031125,risk_parity,Crypto
2021-08-21,-0.022507055636832845,risk_parity,Crypto
2021-08-22,0.01874727076070582,risk_parity,Crypto
2021-08-23,0.020111184568960293,risk_parity,Crypto
2021-08-24,-0.06444019988255201,risk_parity,Crypto
2021-08-25,0.02191138185512793,risk_parity,Crypto
2021-08-26,-0.059112621006964676,risk_parity,Crypto
2021-08-27,0.07075529490890499,risk_parity,Crypto
2021-08-28,-0.009822137730593691,risk_parity,Crypto
2021-08-29,-0.00027735325122854213,risk_parity,Crypto
2021-08-30,-0.03365465073468132,risk_parity,Crypto
2021-08-31,0.03177552278862403,risk_parity,Crypto
2021-09-01,0.05542791029718097,risk_parity,Crypto
2021-09-02,0.011995910796989874,risk_parity,Crypto
2021-09-03,0.044360297163309935,risk_parity,Crypto
2021-09-04,-0.009803109221712972,risk_parity,Crypto
2021-09-05,0.05363723238327965,risk_parity,Crypto
2021-09-06,0.005374981887718596,risk_parity,Crypto
2021-09-07,-0.16178450844004783,risk_parity,Crypto
2021-09-08,0.001227999599448899,risk_parity,Crypto
2021-09-09,0.0025188722467673983,risk_parity,Crypto
2021-09-10,-0.041587297613024925,risk_parity,Crypto
2021-09-11,0.02884673074661116,risk_parity,Crypto
2021-09-12,0.03889213071773258,risk_parity,Crypto
2021-09-13,-0.04203043325354897,risk_parity,Crypto
2021-09-14,0.040850519828433914,risk_parity,Crypto
2021-09-15,0.03330666518460278,risk_parity,Crypto
2021-09-16,-0.02157703228481404,risk_parity,Crypto
2021-09-17,-0.028826140802254333,risk_parity,Crypto
2021-09-18,0.014676380276511592,risk_parity,Crypto
2021-09-19,-0.03404400498065427,risk_parity,Crypto
2021-09-20,-0.11225643179799893,risk_parity,Crypto
2021-09-21,-0.05288959687543059,risk_parity,Crypto
2021-09-22,0.10665589020322358,risk_parity,Crypto
2021-09-23,0.01751226602395921,risk_parity,Crypto
2021-09-24,-0.06105823449497018,risk_parity,Crypto
2021-09-25,-0.004127803585293108,risk_parity,Crypto
2021-09-26,-0.004434529466229569,risk_parity,Crypto
2021-09-27,-0.030580373969456648,risk_parity,Crypto
2021-09-28,-0.03300122940292116,risk_parity,Crypto
2021-09-29,0.024038133507433872,risk_parity,Crypto
2021-09-30,0.04121128250495018,risk_parity,Crypto
2021-10-01,0.08661496737080027,risk_parity,Crypto
2021-10-02,0.011322027022790428,risk_parity,Crypto
2021-10-03,0.014866786906866766,risk_parity,Crypto
2021-10-04,-0.012444770009733387,risk_parity,Crypto
2021-10-05,0.03964309912878656,risk_parity,Crypto
2021-10-06,0.02899086126862352,risk_parity,Crypto
2021-10-07,-0.007196085087035467,risk_parity,Crypto
2021-10-08,-0.00835163523482621,risk_parity,Crypto
2021-10-09,0.03590586139168284,risk_parity,Crypto
2021-10-10,-0.03639071597449471,risk_parity,Crypto
2021-10-11,0.01880115825164639,risk_parity,Crypto
2021-10-12,-0.024389676133316853,risk_parity,Crypto
2021-10-13,0.031123421038721632,risk_parity,Crypto
2021-10-14,0.008145351852689262,risk_parity,Crypto
2021-10-15,0.02562939526546562,risk_parity,Crypto
2021-10-16,0.0008419074857647676,risk_parity,Crypto
2021-10-17,-0.012476559112552441,risk_parity,Crypto
2021-10-18,-0.00476203618996087,risk_parity,Crypto
2021-10-19,0.015352635284329803,risk_parity,Crypto
2021-10-20,0.049667217785886515,risk_parity,Crypto
2021-10-21,-0.035910878302165924,risk_parity,Crypto
2021-10-22,-0.010746542551473058,risk_parity,Crypto
2021-10-23,0.019322879346233873,risk_parity,Crypto
2021-10-24,-0.014660302996455871,risk_parity,Crypto
2021-10-25,0.019893892235404713,risk_parity,Crypto
2021-10-26,-0.014713428787463604,risk_parity,Crypto
2021-10-27,-0.0862544507216659,risk_parity,Crypto
2021-10-28,0.055773525103821955,risk_parity,Crypto
2021-10-29,0.028958307397255256,risk_parity,Crypto
2021-10-30,-0.010639422529020101,risk_parity,Crypto
2021-10-31,0.011712681911537837,risk_parity,Crypto
2021-11-01,-0.0037555237508102813,risk_parity,Crypto
2021-11-02,0.0340690209577661,risk_parity,Crypto
2021-11-03,0.01495487253866262,risk_parity,Crypto
2021-11-04,-0.025233240560019618,risk_parity,Crypto
2021-11-05,-0.009481886875474804,risk_parity,Crypto
2021-11-06,-0.002996867353992164,risk_parity,Crypto
2021-11-07,0.023799207762830253,risk_parity,Crypto
2021-11-08,0.06094784554061305,risk_parity,Crypto
2021-11-09,0.052173339596338415,risk_parity,Crypto
2021-11-10,-0.04950213776176744,risk_parity,Crypto
2021-11-11,0.010631628694205628,risk_parity,Crypto
2021-11-12,-0.020265109424170338,risk_parity,Crypto
2021-11-13,0.011628247302729076,risk_parity,Crypto
2021-11-14,0.012656154454408021,risk_parity,Crypto
2021-11-15,-0.015307690225923893,risk_parity,Crypto
2021-11-16,-0.08329726540730524,risk_parity,Crypto
2021-11-17,0.005126139539837337,risk_parity,Crypto
2021-11-18,-0.06660868134827706,risk_parity,Crypto
2021-11-19,0.04833951912647453,risk_parity,Crypto
2021-11-20,0.017451123275232485,risk_parity,Crypto
2021-11-21,-0.018718479513845428,risk_parity,Crypto
2021-11-22,-0.03760679849380781,risk_parity,Crypto
2021-11-23,0.022870186992415133,risk_parity,Crypto
2021-11-24,-0.024912700727295213,risk_parity,Crypto
2021-11-25,0.009532209937197104,risk_parity,Crypto
2021-11-26,-0.06655758020879465,risk_parity,Crypto
2021-11-27,0.012372659097974449,risk_parity,Crypto
2021-11-28,0.024081042807982917,risk_parity,Crypto
2021-11-29,0.017783191147629496,risk_parity,Crypto
2021-11-30,0.002205658417678936,risk_parity,Crypto
2021-12-01,-0.004015999755688117,risk_parity,Crypto
2021-12-02,0.0025453625183878897,risk_parity,Crypto
2021-12-03,-0.055356961210406924,risk_parity,Crypto
2021-12-04,-0.09582888117100923,risk_parity,Crypto
2021-12-05,-0.022031387506030772,risk_parity,Crypto
2021-12-06,0.03838288182541752,risk_parity,Crypto
2021-12-07,-0.004720718285313015,risk_parity,Crypto
2021-12-08,0.03252542990453943,risk_parity,Crypto
2021-12-09,-0.06835287494047693,risk_parity,Crypto
2021-12-10,-0.035352593682058356,risk_parity,Crypto
2021-12-11,0.060628708966316266,risk_parity,Crypto
2021-12-12,0.001961693455659592,risk_parity,Crypto
2021-12-13,-0.07986622176764147,risk_parity,Crypto
2021-12-14,0.009632295127257783,risk_parity,Crypto
2021-12-15,0.04951457361787909,risk_parity,Crypto
2021-12-16,-0.03171077145032334,risk_parity,Crypto
2021-12-17,-0.025820526775200137,risk_parity,Crypto
2021-12-18,0.019659550407858727,risk_parity,Crypto
2021-12-19,-0.0021825244925406185,risk_parity,Crypto
2021-12-20,0.002088760762163606,risk_parity,Crypto
2021-12-21,0.03313490491521837,risk_parity,Crypto
2021-12-22,0.0046805754277334,risk_parity,Crypto
2021-12-23,0.052411700707432646,risk_parity,Crypto
2021-12-24,-0.023584795033492784,risk_parity,Crypto
2021-12-25,0.010591651670684583,risk_parity,Crypto
2021-12-26,-0.001355075962149161,risk_parity,Crypto
2021-12-27,0.006054862378158482,risk_parity,Crypto
2021-12-28,-0.06526988362376764,risk_parity,Crypto
2021-12-29,-0.028456499740799175,risk_parity,Crypto
2021-12-30,0.01715144344918213,risk_parity,Crypto
2021-12-31,-0.015874261131063425,risk_parity,Crypto
2022-01-01,0.029130378222319415,risk_parity,Crypto
2022-01-02,0.01329523566138822,risk_parity,Crypto
2022-01-03,-0.02062731198753844,risk_parity,Crypto
2022-01-04,-0.011200478532401144,risk_parity,Crypto
2022-01-05,-0.06122815604054565,risk_parity,Crypto
2022-01-06,-0.002046975482929076,risk_parity,Crypto
2022-01-07,-0.041085585545776876,risk_parity,Crypto
2022-01-08,-0.01946706606942124,risk_parity,Crypto
2022-01-09,0.008963918268206071,risk_parity,Crypto
2022-01-10,-0.028282143124879866,risk_parity,Crypto
2022-01-11,0.03373117178965166,risk_parity,Crypto
2022-01-12,0.05252013423015791,risk_parity,Crypto
2022-01-13,-0.03427322871782392,risk_parity,Crypto
2022-01-14,0.025400249654712916,risk_parity,Crypto
2022-01-15,0.008559720181363084,risk_parity,Crypto
2022-01-16,0.0070626631544172536,risk_parity,Crypto
2022-01-17,0.00038274470793683,risk_parity,Crypto
2022-01-18,-0.015732062999010827,risk_parity,Crypto
2022-01-19,-0.02798051743418742,risk_parity,Crypto
2022-01-20,-0.040946788447025345,risk_parity,Crypto
2022-01-21,-0.11546461795074418,risk_parity,Crypto
2022-01-22,-0.0574337037523141,risk_parity,Crypto
2022-01-23,0.03872481011497728,risk_parity,Crypto
2022-01-24,-0.02647834970050129,risk_parity,Crypto
2022-01-25,0.000917145528898454,risk_parity,Crypto
2022-01-26,0.004793521925067235,risk_parity,Crypto
2022-01-27,-0.007856938094117192,risk_parity,Crypto
2022-01-28,0.025133913238141407,risk_parity,Crypto
2022-01-29,0.01485384922727704,risk_parity,Crypto
2022-01-30,-0.01613849870486324,risk_parity,Crypto
2022-01-31,0.014759561499198505,risk_parity,Crypto
2022-02-01,0.02268418201040851,risk_parity,Crypto
2022-02-02,-0.0399456491310291,risk_parity,Crypto
2022-02-03,0.014475384995805205,risk_parity,Crypto
2022-02-04,0.09004985331173626,risk_parity,Crypto
2022-02-05,0.00845653265642861,risk_parity,Crypto
2022-02-06,0.02422670365742747,risk_parity,Crypto
2022-02-07,0.06555628927245394,risk_parity,Crypto
2022-02-08,-0.0025211338207302416,risk_parity,Crypto
2022-02-09,0.01960862579723466,risk_parity,Crypto
2022-02-10,-0.02621461213537144,risk_parity,Crypto
2022-02-11,-0.05729173885731081,risk_parity,Crypto
2022-02-12,0.0034120257901477723,risk_parity,Crypto
2022-02-13,-0.0010667897886315989,risk_parity,Crypto
2022-02-14,-0.0030782615901258498,risk_parity,Crypto
2022-02-15,0.055056078424552304,risk_parity,Crypto
2022-02-16,-0.015543830232478292,risk_parity,Crypto
2022-02-17,-0.07737600719009491,risk_parity,Crypto
2022-02-18,-0.00886451646353531,risk_parity,Crypto
2022-02-19,0.004954456626423342,risk_parity,Crypto
2022-02-20,-0.04331632838556344,risk_parity,Crypto
2022-02-21,-0.059366579918181624,risk_parity,Crypto
2022-02-22,0.0385286477049753,risk_parity,Crypto
2022-02-23,-0.021155666508150914,risk_parity,Crypto
2022-02-24,0.0035057154882576027,risk_parity,Crypto
2022-02-25,0.040800392510035026,risk_parity,Crypto
2022-02-26,0.002265470205558783,risk_parity,Crypto
2022-02-27,-0.04113026007152363,risk_parity,Crypto
2022-02-28,0.1042989027790486,risk_parity,Crypto
2022-03-01,0.005140799949222215,risk_parity,Crypto
2022-03-02,-0.017905242592149657,risk_parity,Crypto
2022-03-03,-0.021026724004339456,risk_parity,Crypto
2022-03-04,-0.0700654294865604,risk_parity,Crypto
2022-03-05,0.02394406848489288,risk_parity,Crypto
2022-03-06,-0.03602200693611322,risk_parity,Crypto
2022-03-07,-0.017460912415324246,risk_parity,Crypto
2022-03-08,0.019437068933013366,risk_parity,Crypto
2022-03-09,0.06221064846312001,risk_parity,Crypto
2022-03-10,-0.04598137540173236,risk_parity,Crypto
2022-03-11,0.004450715841007985,risk_parity,Crypto
2022-03-12,0.00010847146899587985,risk_parity,Crypto
2022-03-13,-0.026010187812013447,risk_parity,Crypto
2022-03-14,0.027240256881910577,risk_parity,Crypto
2022-03-15,0.002345666739107855,risk_parity,Crypto
2022-03-16,0.041829987118950064,risk_parity,Crypto
2022-03-17,-0.0020030835006776154,risk_parity,Crypto
2022-03-18,0.023193296426883336,risk_parity,Crypto
2022-03-19,0.044228831222062344,risk_parity,Crypto
2022-03-20,-0.0037257842585343834,risk_parity,Crypto
2022-03-21,0.021359703502654013,risk_parity,Crypto
2022-03-22,0.05932373774787245,risk_parity,Crypto
2022-03-23,0.0140731776963432,risk_parity,Crypto
2022-03-24,0.02456666317210015,risk_parity,Crypto
2022-03-25,-0.01015012434654436,risk_parity,Crypto
2022-03-26,0.010018844383235389,risk_parity,Crypto
2022-03-27,0.042988778023094386,risk_parity,Crypto
2022-03-28,0.003917430334664149,risk_parity,Crypto
2022-03-29,0.013669000929612147,risk_parity,Crypto
2022-03-30,0.008413455443450674,risk_parity,Crypto
2022-03-31,-0.03042605425873102,risk_parity,Crypto
2022-04-01,0.014449167081598,risk_parity,Crypto
2022-04-02,-0.009914323410808328,risk_parity,Crypto
2022-04-03,0.01868526132140692,risk_parity,Crypto
2022-04-04,-0.006020294738936594,risk_parity,Crypto
2022-04-05,-0.027841375326420607,risk_parity,Crypto
2022-04-06,-0.08817231188840388,risk_parity,Crypto
2022-04-07,0.03300015424907574,risk_parity,Crypto
2022-04-08,-0.03991212868430488,risk_parity,Crypto
2022-04-09,0.01808546722643371,risk_parity,Crypto
2022-04-10,-0.016719401885640486,risk_parity,Crypto
2022-04-11,-0.07910105489323707,risk_parity,Crypto
2022-04-12,0.027149189356866752,risk_parity,Crypto
2022-04-13,0.036154001311447845,risk_parity,Crypto
2022-04-14,-0.024695593448658456,risk_parity,Crypto
2022-04-15,0.028900121177342666,risk_parity,Crypto
2022-04-16,0.012369958522325418,risk_parity,Crypto
2022-04-17,-0.0363767979802589,risk_parity,Crypto
2022-04-18,0.02270020384076746,risk_parity,Crypto
2022-04-19,0.020744108361054073,risk_parity,Crypto
2022-04-20,-0.011763512277097094,risk_parity,Crypto
2022-04-21,-0.018330659265775057,risk_parity,Crypto
2022-04-22,-0.01287189884459008,risk_parity,Crypto
2022-04-23,-0.011858684057708244,risk_parity,Crypto
2022-04-24,-0.012579711142890013,risk_parity,Crypto
2022-04-25,0.011407247139682261,risk_parity,Crypto
2022-04-26,-0.06723603328041633,risk_parity,Crypto
2022-04-27,0.024661334737915902,risk_parity,Crypto
2022-04-28,0.009372421955868035,risk_parity,Crypto
2022-04-29,-0.03570547290407748,risk_parity,Crypto
2022-04-30,-0.04949717164546677,risk_parity,Crypto
2022-05-01,0.04623070792555654,risk_parity,Crypto
2022-05-02,-0.00281344905914124,risk_parity,Crypto
2022-05-03,-0.010734958820553947,risk_parity,Crypto
2022-05-04,0.09554951662730418,risk_parity,Crypto
2022-05-05,-0.08781417728454148,risk_parity,Crypto
2022-05-06,0.009503902690052819,risk_parity,Crypto
2022-05-07,-0.025138842829280212,risk_parity,Crypto
2022-05-08,-0.02018130797132141,risk_parity,Crypto
2022-05-09,-0.13721937213822244,risk_parity,Crypto
2022-05-10,0.03523098433641135,risk_parity,Crypto
2022-05-11,-0.1370726623596931,risk_parity,Crypto
2022-05-12,-0.04600932086305869,risk_parity,Crypto
2022-05-13,0.06327068215808032,risk_parity,Crypto
2022-05-14,0.020901813602070107,risk_parity,Crypto
2022-05-15,0.04171031289949684,risk_parity,Crypto
2022-05-16,-0.05859500054414987,risk_parity,Crypto
2022-05-17,0.04235384073630972,risk_parity,Crypto
2022-05-18,-0.07766262538179282,risk_parity,Crypto
2022-05-19,0.04832040708809271,risk_parity,Crypto
2022-05-20,-0.03200781703825681,risk_parity,Crypto
2022-05-21,0.016011729445993925,risk_parity,Crypto
2022-05-22,0.03450950860858332,risk_parity,Crypto
2022-05-23,-0.033814666181560996,risk_parity,Crypto
2022-05-24,0.03013816371179957,risk_parity,Crypto
2022-05-25,-0.008376588889522505,risk_parity,Crypto
2022-05-26,-0.048372141049332004,risk_parity,Crypto
2022-05-27,-0.028979537358603747,risk_parity,Crypto
2022-05-28,0.017009940829345732,risk_parity,Crypto
2022-05-29,0.02693150744064569,risk_parity,Crypto
2022-05-30,0.08431134353845388,risk_parity,Crypto
2022-05-31,0.01138552883974721,risk_parity,Crypto
2022-06-01,-0.06988958942190703,risk_parity,Crypto
2022-06-02,0.023985508068097284,risk_parity,Crypto
2022-06-03,-0.026320280976413476,risk_parity,Crypto
2022-06-04,0.006925550078622162,risk_parity,Crypto
2022-06-05,-0.0033161940230304002,risk_parity,Crypto
2022-06-06,0.030323248788945274,risk_parity,Crypto
2022-06-07,-0.011389361668221553,risk_parity,Crypto
2022-06-08,-0.014036633438340397,risk_parity,Crypto
2022-06-09,-0.006002046653322981,risk_parity,Crypto
2022-06-10,-0.051810480429369796,risk_parity,Crypto
2022-06-11,-0.057064282053902425,risk_parity,Crypto
2022-06-12,-0.05730755653801317,risk_parity,Crypto
2022-06-13,-0.12897811076640708,risk_parity,Crypto
2022-06-14,0.009282695719729124,risk_parity,Crypto
2022-06-15,0.06256235437339087,risk_parity,Crypto
2022-06-16,-0.10662793814915363,risk_parity,Crypto
2022-06-17,0.0339447509578716,risk_parity,Crypto
2022-06-18,-0.04431470332747245,risk_parity,Crypto
2022-06-19,0.07962366107551427,risk_parity,Crypto
2022-06-20,0.000943463550794276,risk_parity,Crypto
2022-06-21,0.006333856724746107,risk_parity,Crypto
2022-06-22,-0.03616117564363777,risk_parity,Crypto
2022-06-23,0.04834838972418775,risk_parity,Crypto
2022-06-24,0.03755718163135103,risk_parity,Crypto
2022-06-25,0.007974297717152976,risk_parity,Crypto
2022-06-26,-0.02216286806431556,risk_parity,Crypto
2022-06-27,-0.006779323323105864,risk_parity,Crypto
2022-06-28,-0.04132795648290414,risk_parity,Crypto
2022-06-29,-0.014943905860304713,risk_parity,Crypto
2022-06-30,-0.007914698729073777,risk_parity,Crypto
2022-07-01,-0.02255919243243026,risk_parity,Crypto
2022-07-02,0.008860201060116396,risk_parity,Crypto
2022-07-03,0.006168613485795136,risk_parity,Crypto
2022-07-04,0.035425929949898495,risk_parity,Crypto
2022-07-05,-0.01783421402000903,risk_parity,Crypto
2022-07-06,0.017295564544170593,risk_parity,Crypto
2022-07-07,0.03885947583168002,risk_parity,Crypto
2022-07-08,-0.008772056979477857,risk_parity,Crypto
2022-07-09,0.012526950045500335,risk_parity,Crypto
2022-07-10,-0.03946426153213413,risk_parity,Crypto
2022-07-11,-0.05508889823151548,risk_parity,Crypto
2022-07-12,-0.02451849076128251,risk_parity,Crypto
2022-07-13,0.045045294837273875,risk_parity,Crypto
2022-07-14,0.02348588626434443,risk_parity,Crypto
2022-07-15,0.01340131137593881,risk_parity,Crypto
2022-07-16,0.04924740900638668,risk_parity,Crypto
2022-07-17,-0.0034650035288091544,risk_parity,Crypto
2022-07-18,0.10476430953822578,risk_parity,Crypto
2022-07-19,0.018888603815835927,risk_parity,Crypto
2022-07-20,-0.033729792542147946,risk_parity,Crypto
2022-07-21,0.022211329174437123,risk_parity,Crypto
2022-07-22,-0.010475393713760073,risk_parity,Crypto
2022-07-23,0.006903392344908481,risk_parity,Crypto
2022-07-24,0.018722463776287668,risk_parity,Crypto
2022-07-25,-0.07162924203399805,risk_parity,Crypto
2022-07-26,0.003008664516083497,risk_parity,Crypto
2022-07-27,0.10478679842381122,risk_parity,Crypto
2022-07-28,0.07240635723164018,risk_parity,Crypto
2022-07-29,-0.005270877392978473,risk_parity,Crypto
2022-07-30,-0.004639114497297693,risk_parity,Crypto
2022-07-31,-0.01587608003854288,risk_parity,Crypto
2022-08-01,-0.011010818709673225,risk_parity,Crypto
2022-08-02,-0.018480485656292824,risk_parity,Crypto
2022-08-03,-0.005740695964565596,risk_parity,Crypto
2022-08-04,0.001259172338783119,risk_parity,Crypto
2022-08-05,0.04397565787583286,risk_parity,Crypto
2022-08-06,-0.009419868957849246,risk_parity,Crypto
2022-08-07,0.006950115228640666,risk_parity,Crypto
2022-08-08,0.02382314730487088,risk_parity,Crypto
2022-08-09,-0.042360402984415124,risk_parity,Crypto
2022-08-10,0.04860575204518592,risk_parity,Crypto
2022-08-11,0.010779434740153984,risk_parity,Crypto
2022-08-12,0.01457755789099768,risk_parity,Crypto
2022-08-13,0.007529168827816259,risk_parity,Crypto
2022-08-14,-0.01138739515947902,risk_parity,Crypto
2022-08-15,-0.016731903772017966,risk_parity,Crypto
2022-08-16,0.0009541622411631142,risk_parity,Crypto
2022-08-17,-0.008972432372742,risk_parity,Crypto
2022-08-18,-0.016700137951302468,risk_parity,Crypto
2022-08-19,-0.10588381200101618,risk_parity,Crypto
2022-08-20,0.012832685025460835,risk_parity,Crypto
2022-08-21,0.029323545338336778,risk_parity,Crypto
2022-08-22,0.017072067842587267,risk_parity,Crypto
2022-08-23,0.013956225682814323,risk_parity,Crypto
2022-08-24,-0.008107403312706098,risk_parity,Crypto
2022-08-25,0.010904865033333266,risk_parity,Crypto
2022-08-26,-0.07642748822045267,risk_parity,Crypto
2022-08-27,0.0024069463426282375,risk_parity,Crypto
2022-08-28,-0.03183167100987008,risk_parity,Crypto
2022-08-29,0.04796012215523804,risk_parity,Crypto
2022-08-30,-0.025056701018191213,risk_parity,Crypto
2022-08-31,0.0038400929105501178,risk_parity,Crypto
2022-09-01,0.022232305051904096,risk_parity,Crypto
2022-09-02,0.003603881795007587,risk_parity,Crypto
2022-09-03,0.00218436307294568,risk_parity,Crypto
2022-09-04,0.01002600464430199,risk_parity,Crypto
2022-09-05,0.024937042587268605,risk_parity,Crypto
2022-09-06,-0.0673494135240789,risk_parity,Crypto
2022-09-07,0.05279716816178167,risk_parity,Crypto
2022-09-08,0.005841257262303376,risk_parity,Crypto
2022-09-09,0.06118930583323376,risk_parity,Crypto
2022-09-10,0.018123785790857192,risk_parity,Crypto
2022-09-11,-0.010072213612505656,risk_parity,Crypto
2022-09-12,-0.00557166722905118,risk_parity,Crypto
2022-09-13,-0.07147291711703044,risk_parity,Crypto
2022-09-14,0.01922004465210724,risk_parity,Crypto
2022-09-15,-0.04592123438016992,risk_parity,Crypto
2022-09-16,0.01327258876400202,risk_parity,Crypto
2022-09-17,0.030689882206220764,risk_parity,Crypto
2022-09-18,-0.07319193783577767,risk_parity,Crypto
2022-09-19,0.021219695411563037,risk_parity,Crypto
2022-09-20,-0.0012559995005828146,risk_parity,Crypto
2022-09-21,-0.03661609786985372,risk_parity,Crypto
2022-09-22,0.06736669721682834,risk_parity,Crypto
2022-09-23,0.010288268730602724,risk_parity,Crypto
2022-09-24,-0.021055737244120024,risk_parity,Crypto
2022-09-25,-0.012370881126194387,risk_parity,Crypto
2022-09-26,0.0030108096546685777,risk_parity,Crypto
2022-09-27,-0.014675193193026357,risk_parity,Crypto
2022-09-28,-5.6534444322832987e-05,risk_parity,Crypto
2022-09-29,0.025358103902193445,risk_parity,Crypto
2022-09-30,-0.004606545799468524,risk_parity,Crypto
2022-10-01,0.00031794962398364176,risk_parity,Crypto
2022-10-02,-0.0239936955830529,risk_parity,Crypto
2022-10-03,0.021907893487379745,risk_parity,Crypto
2022-10-04,0.025278200420766086,risk_parity,Crypto
2022-10-05,-0.003976257453394517,risk_parity,Crypto
2022-10-06,-0.0059886089236945335,risk_parity,Crypto
2022-10-07,-0.004325238576234497,risk_parity,Crypto
2022-10-08,-0.002882940915954405,risk_parity,Crypto
2022-10-09,0.010048434976102274,risk_parity,Crypto
2022-10-10,-0.04030213073346298,risk_parity,Crypto
2022-10-11,-0.01802467682917218,risk_parity,Crypto
2022-10-12,0.002015569953776525,risk_parity,Crypto
2022-10-13,-0.015435808141185446,risk_parity,Crypto
2022-10-14,0.0030055543722480376,risk_parity,Crypto
2022-10-15,-0.007966236761030534,risk_parity,Crypto
2022-10-16,0.011393554445183484,risk_parity,Crypto
2022-10-17,0.011698952069923215,risk_parity,Crypto
2022-10-18,-0.015440312903248666,risk_parity,Crypto
2022-10-19,-0.022799421876246638,risk_parity,Crypto
2022-10-20,-0.0024048597007164892,risk_parity,Crypto
2022-10-21,0.012249872348055949,risk_parity,Crypto
2022-10-22,0.009670770904594875,risk_parity,Crypto
2022-10-23,0.018780590832070086,risk_parity,Crypto
2022-10-24,-0.01916675075280755,risk_parity,Crypto
2022-10-25,0.05118790171030148,risk_parity,Crypto
2022-10-26,0.0236840796693922,risk_parity,Crypto
2022-10-27,-0.02082963969570427,risk_parity,Crypto
2022-10-28,0.019520959899771283,risk_parity,Crypto
2022-10-29,0.01627796652491819,risk_parity,Crypto
2022-10-30,-0.022222694672381593,risk_parity,Crypto
2022-10-31,0.0008742870589075751,risk_parity,Crypto
2022-11-01,-0.004715541553755793,risk_parity,Crypto
2022-11-02,-0.01428911613485105,risk_parity,Crypto
2022-11-03,0.01452332744339636,risk_parity,Crypto
2022-11-04,0.06692325484103953,risk_parity,Crypto
2022-11-05,-0.0004181888965117957,risk_parity,Crypto
2022-11-06,-0.037316962912700445,risk_parity,Crypto
2022-11-07,-0.0008376324255119746,risk_parity,Crypto
2022-11-08,-0.11433884952253191,risk_parity,Crypto
2022-11-09,-0.14375996802467322,risk_parity,Crypto
2022-11-10,0.1530531040429423,risk_parity,Crypto
2022-11-11,-0.01825005700114712,risk_parity,Crypto
2022-11-12,-0.030288781801065947,risk_parity,Crypto
2022-11-13,-0.03532612755844493,risk_parity,Crypto
2022-11-14,0.022439436480886504,risk_parity,Crypto
2022-11-15,0.014752026003160066,risk_parity,Crypto
2022-11-16,-0.017765135648253053,risk_parity,Crypto
2022-11-17,0.00497585658132878,risk_parity,Crypto
2022-11-18,0.0026385000767417334,risk_parity,Crypto
2022-11-19,0.008583027597203228,risk_parity,Crypto
2022-11-20,-0.040018198898721574,risk_parity,Crypto
2022-11-21,-0.012980897592571213,risk_parity,Crypto
2022-11-22,0.03612319070494708,risk_parity,Crypto
2022-11-23,0.043684713797075114,risk_parity,Crypto
2022-11-24,0.010922925067116736,risk_parity,Crypto
2022-11-25,-0.006426174475755438,risk_parity,Crypto
2022-11-26,-0.003914339518850452,risk_parity,Crypto
2022-11-27,-0.0011629899661058144,risk_parity,Crypto
2022-11-28,-0.017204257760447955,risk_parity,Crypto
2022-11-29,0.016042843184651434,risk_parity,Crypto
2022-11-30,0.033955227883159404,risk_parity,Crypto
2022-12-01,-0.019399871999316424,risk_parity,Crypto
2022-12-02,0.008522299031656105,risk_parity,Crypto
2022-12-03,-0.018713462996722198,risk_parity,Crypto
2022-12-04,0.01057204311559882,risk_parity,Crypto
2022-12-05,-0.002080485234085981,risk_parity,Crypto
2022-12-06,0.00629549228932143,risk_parity,Crypto
2022-12-07,-0.01899664884501824,risk_parity,Crypto
2022-12-08,0.021969772589863074,risk_parity,Crypto
2022-12-09,-0.005468051283772669,risk_parity,Crypto
2022-12-10,-0.0003403680523148714,risk_parity,Crypto
2022-12-11,-0.01207205621715325,risk_parity,Crypto
2022-12-12,-0.002012574814817699,risk_parity,Crypto
2022-12-13,0.022889700807706352,risk_parity,Crypto
2022-12-14,-0.009122979516439603,risk_parity,Crypto
2022-12-15,-0.0223563872530009,risk_parity,Crypto
2022-12-16,-0.07735943444408484,risk_parity,Crypto
2022-12-17,0.014849941106735248,risk_parity,Crypto
2022-12-18,-0.006708058346658136,risk_parity,Crypto
2022-12-19,-0.02919375771912117,risk_parity,Crypto
2022-12-20,0.03534408394587736,risk_parity,Crypto
2022-12-21,-0.004271674003868125,risk_parity,Crypto
2022-12-22,0.0064717301582938105,risk_parity,Crypto
2022-12-23,-0.001814633187148825,risk_parity,Crypto
2022-12-24,-0.0005336047127199533,risk_parity,Crypto
2022-12-25,0.0004282848367667242,risk_parity,Crypto
2022-12-26,0.015159158408117103,risk_parity,Crypto
2022-12-27,-0.011562794785938035,risk_parity,Crypto
2022-12-28,-0.025223011025952015,risk_parity,Crypto
2022-12-29,-0.0010528903848593132,risk_parity,Crypto
2022-12-30,0.0006471233121458843,risk_parity,Crypto
2022-12-31,0.0008369167465982293,risk_parity,Crypto
2023-01-01,0.0075042033473893864,risk_parity,Crypto
2023-01-02,0.01803423558172629,risk_parity,Crypto
2023-01-03,-0.002611699609487431,risk_parity,Crypto
2023-01-04,0.0321574085689316,risk_parity,Crypto
2023-01-05,-0.014130458604278025,risk_parity,Crypto
2023-01-06,0.02042454188652482,risk_parity,Crypto
2023-01-07,-0.0031017630616330246,risk_parity,Crypto
2023-01-08,0.02204086093796148,risk_parity,Crypto
2023-01-09,0.026468578778559463,risk_parity,Crypto
2023-01-10,0.006167171496050316,risk_parity,Crypto
2023-01-11,0.029685340016377466,risk_parity,Crypto
2023-01-12,0.026392824239137046,risk_parity,Crypto
2023-01-13,0.035363471306269705,risk_parity,Crypto
2023-01-14,0.03474693479781124,risk_parity,Crypto
2023-01-15,-0.0024450674307952367,risk_parity,Crypto
2023-01-16,-0.0032319955387986954,risk_parity,Crypto
2023-01-17,-0.005064478805297955,risk_parity,Crypto
2023-01-18,-0.04156966396161872,risk_parity,Crypto
2023-01-19,0.023629696775156528,risk_parity,Crypto
2023-01-20,0.06361107120803448,risk_parity,Crypto
2023-01-21,-0.008997511557822788,risk_parity,Crypto
2023-01-22,0.008426995758431803,risk_parity,Crypto
2023-01-23,0.021018628738428344,risk_parity,Crypto
2023-01-24,-0.04030170684419639,risk_parity,Crypto
2023-01-25,0.03003985954897869,risk_parity,Crypto
2023-01-26,-0.0019331221002442526,risk_parity,Crypto
2023-01-27,0.011071745692466013,risk_parity,Crypto
2023-01-28,-0.008528478364400705,risk_parity,Crypto
2023-01-29,0.030711647845318733,risk_parity,Crypto
2023-01-30,-0.04564073750029647,risk_parity,Crypto
2023-01-31,0.018750952834671368,risk_parity,Crypto
2023-02-01,0.025240591528997245,risk_parity,Crypto
2023-02-02,-0.0038349776278888865,risk_parity,Crypto
2023-02-03,0.012538915579940095,risk_parity,Crypto
2023-02-04,2.558160450498651e-05,risk_parity,Crypto
2023-02-05,-0.02017463135274148,risk_parity,Crypto
2023-02-06,-0.01688677730835474,risk_parity,Crypto
2023-02-07,0.03789049039558095,risk_parity,Crypto
2023-02-08,-0.01363501102655763,risk_parity,Crypto
2023-02-09,-0.05728268228458853,risk_parity,Crypto
2023-02-10,-0.0007874588779159673,risk_parity,Crypto
2023-02-11,0.01064666373669597,risk_parity,Crypto
2023-02-12,-0.01318425066939258,risk_parity,Crypto
2023-02-13,-0.001347390975644469,risk_parity,Crypto
2023-02-14,0.02876237391837652,risk_parity,Crypto
2023-02-15,0.06598504974013583,risk_parity,Crypto
2023-02-16,-0.04362442417076764,risk_parity,Crypto
2023-02-17,0.04816875997542593,risk_parity,Crypto
2023-02-18,0.00705160388146562,risk_parity,Crypto
2023-02-19,-0.010237386728493406,risk_parity,Crypto
2023-02-20,0.02505633200777296,risk_parity,Crypto
2023-02-21,-0.019429258022543992,risk_parity,Crypto
2023-02-22,-0.0072029536978610136,risk_parity,Crypto
2023-02-23,-0.010989166973361959,risk_parity,Crypto
2023-02-24,-0.034002278916110795,risk_parity,Crypto
2023-02-25,-0.002327020191253539,risk_parity,Crypto
2023-02-26,0.01783693356518844,risk_parity,Crypto
2023-02-27,-0.004353795075008046,risk_parity,Crypto
2023-02-28,-0.01241029982737179,risk_parity,Crypto
2023-03-01,0.025046272108979358,risk_parity,Crypto
2023-03-02,-0.009815742026828883,risk_parity,Crypto
2023-03-03,-0.024163040454421445,risk_parity,Crypto
2023-03-04,-0.017305929834779975,risk_parity,Crypto
2023-03-05,-0.001468737915948182,risk_parity,Crypto
2023-03-06,-0.0031317008627934012,risk_parity,Crypto
2023-03-07,-0.008744052179626791,risk_parity,Crypto
2023-03-08,-0.025509247090115914,risk_parity,Crypto
2023-03-09,-0.06253421394309139,risk_parity,Crypto
2023-03-10,-0.00522951753433123,risk_parity,Crypto
2023-03-11,0.004544346526065472,risk_parity,Crypto
2023-03-12,0.06783565090370608,risk_parity,Crypto
2023-03-13,0.04475189152931791,risk_parity,Crypto
2023-03-14,0.019229389158149094,risk_parity,Crypto
2023-03-15,-0.04876672511529886,risk_parity,Crypto
2023-03-16,0.01756468643655061,risk_parity,Crypto
2023-03-17,0.06459547903941545,risk_parity,Crypto
2023-03-18,-0.023277396646667933,risk_parity,Crypto
2023-03-19,0.028297318942112182,risk_parity,Crypto
2023-03-20,-0.03248259921425846,risk_parity,Crypto
2023-03-21,0.07385986901803651,risk_parity,Crypto
2023-03-22,-0.05213484027185612,risk_parity,Crypto
2023-03-23,0.047986742430662574,risk_parity,Crypto
2023-03-24,-0.027745356924808423,risk_parity,Crypto
2023-03-25,-0.0007249116508366267,risk_parity,Crypto
2023-03-26,0.013414579536971612,risk_parity,Crypto
2023-03-27,-0.01798180433464671,risk_parity,Crypto
2023-03-28,0.028679654854526462,risk_parity,Crypto
2023-03-29,0.02806186747272646,risk_parity,Crypto
2023-03-30,-0.0011838792394580596,risk_parity,Crypto
2023-03-31,0.021963713613492527,risk_parity,Crypto
2023-04-01,-0.0038746353268736726,risk_parity,Crypto
2023-04-02,-0.007611943041278785,risk_parity,Crypto
2023-04-03,-0.0020708049299073463,risk_parity,Crypto
2023-04-04,0.008256859636374063,risk_parity,Crypto
2023-04-05,0.004656306607793996,risk_parity,Crypto
2023-04-06,-0.008390329150204347,risk_parity,Crypto
2023-04-07,-0.0004582688587548983,risk_parity,Crypto
2023-04-08,-0.007157579073609459,risk_parity,Crypto
2023-04-09,0.008553155755837233,risk_parity,Crypto
2023-04-10,0.023611727248945287,risk_parity,Crypto
2023-04-11,0.003065221194603326,risk_parity,Crypto
2023-04-12,-0.005847693675269003,risk_parity,Crypto
2023-04-13,0.021616608063738996,risk_parity,Crypto
2023-04-14,0.015254065244037114,risk_parity,Crypto
2023-04-15,-0.0007418450319296018,risk_parity,Crypto
2023-04-16,0.00772581115107571,risk_parity,Crypto
2023-04-17,-0.023432838605725148,risk_parity,Crypto
2023-04-18,0.020849703909943375,risk_parity,Crypto
2023-04-19,-0.06710111871981085,risk_parity,Crypto
2023-04-20,-0.016275105933695494,risk_parity,Crypto
2023-04-21,-0.03477646617878596,risk_parity,Crypto
2023-04-22,0.026748107588224622,risk_parity,Crypto
2023-04-23,-0.010079930867951396,risk_parity,Crypto
2023-04-24,-0.006056391312005343,risk_parity,Crypto
2023-04-25,0.016103196785013475,risk_parity,Crypto
2023-04-26,-0.0121233420391991,risk_parity,Crypto
2023-04-27,0.015029462101982295,risk_parity,Crypto
2023-04-28,0.004275227097048534,risk_parity,Crypto
2023-04-29,0.006420872699376265,risk_parity,Crypto
2023-04-30,-0.013101837036018945,risk_parity,Crypto
2023-05-01,-0.016200995650626993,risk_parity,Crypto
2023-05-02,0.01326519708603864,risk_parity,Crypto
2023-05-03,0.006595931477241749,risk_parity,Crypto
2023-05-04,-0.009546030885469754,risk_parity,Crypto
2023-05-05,0.020806037054122595,risk_parity,Crypto
2023-05-06,-0.028252869808867903,risk_parity,Crypto
2023-05-07,-0.011665723754581308,risk_parity,Crypto
2023-05-08,-0.03466687375631627,risk_parity,Crypto
2023-05-09,0.015318080406600109,risk_parity,Crypto
2023-05-10,-0.0017156500192899338,risk_parity,Crypto
2023-05-11,-0.020486639245590802,risk_parity,Crypto
2023-05-12,0.00682654284035933,risk_parity,Crypto
2023-05-13,-0.006082182527735954,risk_parity,Crypto
2023-05-14,0.00905263660598918,risk_parity,Crypto
2023-05-15,0.008470508275715868,risk_parity,Crypto
2023-05-16,0.008016919370535232,risk_parity,Crypto
2023-05-17,0.014373869963334087,risk_parity,Crypto
2023-05-18,-0.011589225172227161,risk_parity,Crypto
2023-05-19,0.0036219614977235524,risk_parity,Crypto
2023-05-20,0.006188138394494743,risk_parity,Crypto
2023-05-21,-0.008410332409924781,risk_parity,Crypto
2023-05-22,0.009607334404268867,risk_parity,Crypto
2023-05-23,0.008435446962826344,risk_parity,Crypto
2023-05-24,-0.02889554829291578,risk_parity,Crypto
2023-05-25,0.0008470493224642653,risk_parity,Crypto
2023-05-26,0.01212137757563698,risk_parity,Crypto
2023-05-27,0.009204554320753674,risk_parity,Crypto
2023-05-28,0.02638463046641296,risk_parity,Crypto
2023-05-29,-0.006626595749399013,risk_parity,Crypto
2023-05-30,0.009471047598273302,risk_parity,Crypto
2023-05-31,-0.010905479827243665,risk_parity,Crypto
2023-06-01,-0.007219071307194938,risk_parity,Crypto
2023-06-02,0.033716219966114416,risk_parity,Crypto
2023-06-03,-0.0037864848226901765,risk_parity,Crypto
2023-06-04,0.0016411580623567836,risk_parity,Crypto
2023-06-05,-0.05407581815595936,risk_parity,Crypto
2023-06-06,0.03340834445645484,risk_parity,Crypto
2023-06-07,-0.03273338703870163,risk_parity,Crypto
2023-06-08,0.007304190447839814,risk_parity,Crypto
2023-06-09,-0.013450527178066943,risk_parity,Crypto
2023-06-10,-0.07751273243036326,risk_parity,Crypto
2023-06-11,0.0023784137109579447,risk_parity,Crypto
2023-06-12,0.0009102542538918379,risk_parity,Crypto
2023-06-13,0.002620535555832995,risk_parity,Crypto
2023-06-14,-0.04157365065268601,risk_parity,Crypto
2023-06-15,0.0051583488986467075,risk_parity,Crypto
2023-06-16,0.010973062662514053,risk_parity,Crypto
2023-06-17,0.009916801483104691,risk_parity,Crypto
2023-06-18,-0.005944053945397357,risk_parity,Crypto
2023-06-19,0.006436584913280864,risk_parity,Crypto
2023-06-20,0.02701738940479141,risk_parity,Crypto
2023-06-21,0.06698183189592635,risk_parity,Crypto
2023-06-22,-0.003809586069106479,risk_parity,Crypto
2023-06-23,0.06973526588216321,risk_parity,Crypto
2023-06-24,0.010469587255446427,risk_parity,Crypto
2023-06-25,-0.008703410225561672,risk_parity,Crypto
2023-06-26,0.006205424577580285,risk_parity,Crypto
2023-06-27,0.02306350375103939,risk_parity,Crypto
2023-06-28,-0.0367446297478026,risk_parity,Crypto
2023-06-29,0.028453422591594085,risk_parity,Crypto
2023-06-30,0.08633955142895021,risk_parity,Crypto
2023-07-01,-0.0016622129380644622,risk_parity,Crypto
2023-07-02,0.004804087995553634,risk_parity,Crypto
2023-07-03,-0.0032906161307986,risk_parity,Crypto
2023-07-04,-0.018390128811164714,risk_parity,Crypto
2023-07-05,-0.014369007418338393,risk_parity,Crypto
2023-07-06,-0.023747478294442566,risk_parity,Crypto
2023-07-07,0.017680884279618315,risk_parity,Crypto
2023-07-08,0.002818558667965984,risk_parity,Crypto
2023-07-09,-0.014063582487185056,risk_parity,Crypto
2023-07-10,0.011820371406424574,risk_parity,Crypto
2023-07-11,9.466649262237619e-05,risk_parity,Crypto
2023-07-12,-0.004134354163782899,risk_parity,Crypto
2023-07-13,0.19607167047781876,risk_parity,Crypto
2023-07-14,-0.06015578787616384,risk_parity,Crypto
2023-07-15,-0.009338737201631971,risk_parity,Crypto
2023-07-16,-0.0041481263996690125,risk_parity,Crypto
2023-07-17,-0.004466589515302724,risk_parity,Crypto
2023-07-18,0.0015808121796936593,risk_parity,Crypto
2023-07-19,0.02998414420218049,risk_parity,Crypto
2023-07-20,0.0003006387181566975,risk_parity,Crypto
2023-07-21,-0.0023054346928809296,risk_parity,Crypto
2023-07-22,-0.009867604363772115,risk_parity,Crypto
2023-07-23,0.01174656458832277,risk_parity,Crypto
2023-07-24,-0.03840954689308271,risk_parity,Crypto
2023-07-25,0.0008804402807326591,risk_parity,Crypto
2023-07-26,0.015256985937176022,risk_parity,Crypto
2023-07-27,0.0019574688004711832,risk_parity,Crypto
2023-07-28,0.008759503607689904,risk_parity,Crypto
2023-07-29,0.0016970138776996697,risk_parity,Crypto
2023-07-30,-0.004289456478489916,risk_parity,Crypto
2023-07-31,-0.016992160053917696,risk_parity,Crypto
2023-08-01,0.008417199987391898,risk_parity,Crypto
2023-08-02,-0.03605009344816534,risk_parity,Crypto
2023-08-03,-0.01517142783696776,risk_parity,Crypto
2023-08-04,-0.006957216359499221,risk_parity,Crypto
2023-08-05,0.004501244562764855,risk_parity,Crypto
2023-08-06,-0.005347615004545077,risk_parity,Crypto
2023-08-07,0.006932159850983427,risk_parity,Crypto
2023-08-08,0.013997591808043244,risk_parity,Crypto
2023-08-09,-0.0024759828117256488,risk_parity,Crypto
2023-08-10,-0.009054646135526633,risk_parity,Crypto
2023-08-11,-0.0023371318569865747,risk_parity,Crypto
2023-08-12,0.00015486485749167532,risk_parity,Crypto
2023-08-13,-0.005943198017447285,risk_parity,Crypto
2023-08-14,0.0022239951404882195,risk_parity,Crypto
2023-08-15,-0.0262680131472318,risk_parity,Crypto
2023-08-16,-0.037143977715823825,risk_parity,Crypto
2023-08-17,-0.0839343303019112,risk_parity,Crypto
2023-08-18,0.0042601671512802475,risk_parity,Crypto
2023-08-19,0.013823640904437086,risk_parity,Crypto
2023-08-20,0.01689548252305555,risk_parity,Crypto
2023-08-21,-0.009790546104992345,risk_parity,Crypto
2023-08-22,-0.012834748877011845,risk_parity,Crypto
2023-08-23,0.03053413591597571,risk_parity,Crypto
2023-08-24,-0.012087251975603171,risk_parity,Crypto
2023-08-25,-0.0007246678763088996,risk_parity,Crypto
2023-08-26,-0.004872153561049633,risk_parity,Crypto
2023-08-27,0.008620474802863097,risk_parity,Crypto
2023-08-28,-0.006313100481772445,risk_parity,Crypto
2023-08-29,0.0533735646078247,risk_parity,Crypto
2023-08-30,-0.0216090963511199,risk_parity,Crypto
2023-08-31,-0.03544870818204772,risk_parity,Crypto
2023-09-01,-0.012464761876830373,risk_parity,Crypto
2023-09-02,0.002721469082550645,risk_parity,Crypto
2023-09-03,0.005780869047496744,risk_parity,Crypto
2023-09-04,0.0028046711205683642,risk_parity,Crypto
2023-09-05,-0.0015896140413492006,risk_parity,Crypto
2023-09-06,0.002348505709763064,risk_parity,Crypto
2023-09-07,0.0077717746453200036,risk_parity,Crypto
2023-09-08,-0.004958115416121955,risk_parity,Crypto
2023-09-09,0.0033301766109613824,risk_parity,Crypto
2023-09-10,-0.012840982277585405,risk_parity,Crypto
2023-09-11,-0.03153235021972797,risk_parity,Crypto
2023-09-12,0.022205134425827593,risk_parity,Crypto
2023-09-13,0.010735617629080155,risk_parity,Crypto
2023-09-14,0.01614465044954847,risk_parity,Crypto
2023-09-15,0.01606799944488437,risk_parity,Crypto
2023-09-16,-0.004014627860626464,risk_parity,Crypto
2023-09-17,-0.014829862955203114,risk_parity,Crypto
2023-09-18,0.018497162545895507,risk_parity,Crypto
2023-09-19,0.011853931237072284,risk_parity,Crypto
2023-09-20,-0.009923930211756296,risk_parity,Crypto
2023-09-21,-0.01960760536583686,risk_parity,Crypto
2023-09-22,0.001348414790957973,risk_parity,Crypto
2023-09-23,0.0025193283836396382,risk_parity,Crypto
2023-09-24,-0.01219439992990638,risk_parity,Crypto
2023-09-25,0.00866677448453195,risk_parity,Crypto
2023-09-26,-0.002669769551736342,risk_parity,Crypto
2023-09-27,0.009239708783047671,risk_parity,Crypto
2023-09-28,0.024394835274175932,risk_parity,Crypto
2023-09-29,0.006679502090723729,risk_parity,Crypto
2023-09-30,0.002996159445540013,risk_parity,Crypto
2023-10-01,0.029090829756647542,risk_parity,Crypto
2023-10-02,-0.022720699124609802,risk_parity,Crypto
2023-10-03,0.0028600073655330187,risk_parity,Crypto
2023-10-04,-0.006582365609303828,risk_parity,Crypto
2023-10-05,-0.010863956630031353,risk_parity,Crypto
2023-10-06,0.008504504307650828,risk_parity,Crypto
2023-10-07,-0.0029471779674150704,risk_parity,Crypto
2023-10-08,-0.004313935305231813,risk_parity,Crypto
2023-10-09,-0.02944741063063581,risk_parity,Crypto
2023-10-10,-0.006782479123769011,risk_parity,Crypto
2023-10-11,-0.008906311215826955,risk_parity,Crypto
2023-10-12,-0.008547538938813848,risk_parity,Crypto
2023-10-13,0.006981642187687267,risk_parity,Crypto
2023-10-14,0.0008190603572272864,risk_parity,Crypto
2023-10-15,0.00737771744676996,risk_parity,Crypto
2023-10-16,0.030566144396879085,risk_parity,Crypto
2023-10-17,-0.01711702079968834,risk_parity,Crypto
2023-10-18,-0.005665214019250473,risk_parity,Crypto
2023-10-19,0.01616140356782849,risk_parity,Crypto
2023-10-20,0.02104607930341424,risk_parity,Crypto
2023-10-21,0.017481520261928018,risk_parity,Crypto
2023-10-22,0.003319281711596054,risk_parity,Crypto
2023-10-23,0.05633834167150312,risk_parity,Crypto
2023-10-24,0.0009696057513866206,risk_parity,Crypto
2023-10-25,0.005031645365486852,risk_parity,Crypto
2023-10-26,-0.001373808324797279,risk_parity,Crypto
2023-10-27,-0.008856206707631244,risk_parity,Crypto
2023-10-28,0.011467249905270338,risk_parity,Crypto
2023-10-29,0.011726069976239716,risk_parity,Crypto
2023-10-30,0.011173993402913624,risk_parity,Crypto
2023-10-31,0.008981404298526782,risk_parity,Crypto
2023-11-01,0.02157108720713463,risk_parity,Crypto
2023-11-02,-0.010239692021554524,risk_parity,Crypto
2023-11-03,0.003397534855847201,risk_parity,Crypto
2023-11-04,0.008856259916168027,risk_parity,Crypto
2023-11-05,0.019532918788356245,risk_parity,Crypto
2023-11-06,0.02571650595650242,risk_parity,Crypto
2023-11-07,-0.013653943523756224,risk_parity,Crypto
2023-11-08,0.009680013967215483,risk_parity,Crypto
2023-11-09,0.017893239378949793,risk_parity,Crypto
2023-11-10,0.021444962204665994,risk_parity,Crypto
2023-11-11,0.0019979189175943655,risk_parity,Crypto
2023-11-12,-0.00039253276688556646,risk_parity,Crypto
2023-11-13,-0.015502426025373895,risk_parity,Crypto
2023-11-14,-0.03232326531864224,risk_parity,Crypto
2023-11-15,0.040917388519102524,risk_parity,Crypto
2023-11-16,-0.03228291436362538,risk_parity,Crypto
2023-11-17,0.00018589859386947645,risk_parity,Crypto
2023-11-18,0.000582851751883895,risk_parity,Crypto
2023-11-19,0.016484740632951873,risk_parity,Crypto
2023-11-20,-0.012658997709238926,risk_parity,Crypto
2023-11-21,-0.05169586596216889,risk_parity,Crypto
2023-11-22,0.0476989276295801,risk_parity,Crypto
2023-11-23,0.003504911103265111,risk_parity,Crypto
2023-11-24,0.012005758470846098,risk_parity,Crypto
2023-11-25,0.016588260296934786,risk_parity,Crypto
2023-11-26,-0.010515868223829323,risk_parity,Crypto
2023-11-27,-0.02589464220928811,risk_parity,Crypto
2023-11-28,0.010865522054420084,risk_parity,Crypto
2023-11-29,-0.0009234142542925561,risk_parity,Crypto
2023-11-30,-0.003389874983579692,risk_parity,Crypto
2023-12-01,0.015323434417896548,risk_parity,Crypto
2023-12-02,0.018179441393437686,risk_parity,Crypto
2023-12-03,0.004241497275456573,risk_parity,Crypto
2023-12-04,0.02454802052523078,risk_parity,Crypto
2023-12-05,0.018369297809663378,risk_parity,Crypto
2023-12-06,0.001297776413560168,risk_parity,Crypto
2023-12-07,0.01985638736278299,risk_parity,Crypto
2023-12-08,0.04481763387702834,risk_parity,Crypto
2023-12-09,0.005477181414814004,risk_parity,Crypto
2023-12-10,0.0029625914344932128,risk_parity,Crypto
2023-12-11,-0.06287479709813866,risk_parity,Crypto
2023-12-12,0.00569468276265967,risk_parity,Crypto
2023-12-13,0.02921617669375066,risk_parity,Crypto
2023-12-14,0.006498808881635147,risk_parity,Crypto
2023-12-15,-0.03973125483941927,risk_parity,Crypto
2023-12-16,0.017328235762973706,risk_parity,Crypto
2023-12-17,-0.017943581742791072,risk_parity,Crypto
2023-12-18,0.0029995379415826934,risk_parity,Crypto
2023-12-19,-0.012935149902289453,risk_parity,Crypto
2023-12-20,0.019601214708562888,risk_parity,Crypto
2023-12-21,0.026326181513597637,risk_parity,Crypto
2023-12-22,0.016221998220911783,risk_parity,Crypto
2023-12-23,-0.0069522631051774485,risk_parity,Crypto
2023-12-24,-0.016606222962806862,risk_parity,Crypto
2023-12-25,0.026235210814195765,risk_parity,Crypto
2023-12-26,-0.022581027515299758,risk_parity,Crypto
2023-12-27,0.04959521780434967,risk_parity,Crypto
2023-12-28,-0.008070204113380311,risk_parity,Crypto
2023-12-29,-0.016991585354405543,risk_parity,Crypto
2023-12-30,0.006918051370326855,risk_parity,Crypto
2023-12-31,-0.008891076962986329,risk_parity,Crypto
2021-05-20,0.13743594808621817,hrp,Crypto
2021-05-21,-0.1302418395990847,hrp,Crypto
2021-05-22,-0.048620224428482794,hrp,Crypto
2021-05-23,-0.1033659623467458,hrp,Crypto
2021-05-24,0.2205858740259803,hrp,Crypto
2021-05-25,0.001542676068590527,hrp,Crypto
2021-05-26,0.06462257749480421,hrp,Crypto
2021-05-27,-0.04052224799694402,hrp,Crypto
2021-05-28,-0.08186573044056618,hrp,Crypto
2021-05-29,-0.055471347849145175,hrp,Crypto
2021-05-30,0.048785933146274045,hrp,Crypto
2021-05-31,0.08787003996306336,hrp,Crypto
2021-06-01,-0.017354623145476433,hrp,Crypto
2021-06-02,0.018172477658272398,hrp,Crypto
2021-06-03,0.0377766416267493,hrp,Crypto
2021-06-04,-0.0679582189899025,hrp,Crypto
2021-06-05,-0.03145183655834335,hrp,Crypto
2021-06-06,0.01753304740719443,hrp,Crypto
2021-06-07,-0.07545140543035853,hrp,Crypto
2021-06-08,-0.0012919766586535757,hrp,Crypto
2021-06-09,0.06376652573938785,hrp,Crypto
2021-06-10,-0.041872478891872296,hrp,Crypto
2021-06-11,-0.028221654397583177,hrp,Crypto
2021-06-12,-0.009924898788071321,hrp,Crypto
2021-06-13,0.06640363854209096,hrp,Crypto
2021-06-14,0.014879858913088396,hrp,Crypto
2021-06-15,0.011660535926454375,hrp,Crypto
2021-06-16,-0.06766936246274767,hrp,Crypto
2021-06-17,0.006164735111285409,hrp,Crypto
2021-06-18,-0.057729062379099055,hrp,Crypto
2021-06-19,-0.018345274803367596,hrp,Crypto
2021-06-20,0.012387254982642605,hrp,Crypto
2021-06-21,-0.1743833515328589,hrp,Crypto
2021-06-22,-0.022493831607698987,hrp,Crypto
2021-06-23,0.07693886188175056,hrp,Crypto
2021-06-24,0.05313795130523863,hrp,Crypto
2021-06-25,-0.08146537643209434,hrp,Crypto
2021-06-26,0.01211685399407792,hrp,Crypto
2021-06-27,0.0591940863225794,hrp,Crypto
2021-06-28,0.01510644813832581,hrp,Crypto
2021-06-29,0.06342310983389167,hrp,Crypto
2021-06-30,0.006855019210393441,hrp,Crypto
2021-07-01,-0.050917619803104754,hrp,Crypto
2021-07-02,0.00861940356578996,hrp,Crypto
2021-07-03,0.02208416519422239,hrp,Crypto
2021-07-04,0.02403368518613247,hrp,Crypto
2021-07-05,-0.04682728088206295,hrp,Crypto
2021-07-06,0.019370708201745822,hrp,Crypto
2021-07-07,-0.012263748209476299,hrp,Crypto
2021-07-08,-0.048170818933498366,hrp,Crypto
2021-07-09,0.02500422000837537,hrp,Crypto
2021-07-10,-0.012587561082607881,hrp,Crypto
2021-07-11,0.012194451141954605,hrp,Crypto
2021-07-12,-0.025288211425672946,hrp,Crypto
2021-07-13,-0.02825986740275741,hrp,Crypto
2021-07-14,0.0072703859588788946,hrp,Crypto
2021-07-15,-0.03317353827412979,hrp,Crypto
2021-07-16,-0.022888053531158283,hrp,Crypto
2021-07-17,-0.0010187805938564596,hrp,Crypto
2021-07-18,0.0032788055927771872,hrp,Crypto
2021-07-19,-0.04616993343196216,hrp,Crypto
2021-07-20,-0.037176364544473164,hrp,Crypto
2021-07-21,0.08617932337850534,hrp,Crypto
2021-07-22,0.03148088645664164,hrp,Crypto
2021-07-23,0.032045619450226145,hrp,Crypto
2021-07-24,0.020402078787988907,hrp,Crypto
2021-07-25,0.004650371209312946,hrp,Crypto
2021-07-26,0.02869736461668454,hrp,Crypto
2021-07-27,0.03069107706966011,hrp,Crypto
2021-07-28,0.02324942607575932,hrp,Crypto
2021-07-29,0.014989035402140485,hrp,Crypto
2021-07-30,0.03322976714811203,hrp,Crypto
2021-07-31,0.00357697327336867,hrp,Crypto
2021-08-01,-0.022565104006828565,hrp,Crypto
2021-08-02,0.004132939613959176,hrp,Crypto
2021-08-03,-0.01687635231301454,hrp,Crypto
2021-08-04,0.039216066543282316,hrp,Crypto
2021-08-05,0.018649070240023755,hrp,Crypto
2021-08-06,0.02644326385682712,hrp,Crypto
2021-08-07,0.06540874858003846,hrp,Crypto
2021-08-08,-0.03899762939509724,hrp,Crypto
2021-08-09,0.05542633373109688,hrp,Crypto
2021-08-10,0.01653796634770832,hrp,Crypto
2021-08-11,0.05226498828835374,hrp,Crypto
2021-08-12,-0.022202518724387152,hrp,Crypto
2021-08-13,0.09301462021238485,hrp,Crypto
2021-08-14,0.03271825375971134,hrp,Crypto
2021-08-15,0.019284057612045356,hrp,Crypto
2021-08-16,-0.041084780332300674,hrp,Crypto
2021-08-17,-0.05838158195689786,hrp,Crypto
2021-08-18,0.007917802748330356,hrp,Crypto
2021-08-19,0.05466356548687107,hrp,Crypto
2021-08-20,0.04097535808390172,hrp,Crypto
2021-08-21,-0.02214885535886659,hrp,Crypto
2021-08-22,0.01439029431328069,hrp,Crypto
2021-08-23,0.01688934225908315,hrp,Crypto
2021-08-24,-0.06268709038045225,hrp,Crypto
2021-08-25,0.02285638029988145,hrp,Crypto
2021-08-26,-0.0570158491976072,hrp,Crypto
2021-08-27,0.0651026731944526,hrp,Crypto
2021-08-28,-0.007066378834016248,hrp,Crypto
2021-08-29,-9.333286918132333e-05,hrp,Crypto
2021-08-30,-0.032865475396863256,hrp,Crypto
2021-08-31,0.030614644692876156,hrp,Crypto
2021-09-01,0.056973638229896914,hrp,Crypto
2021-09-02,0.011241785548443779,hrp,Crypto
2021-09-03,0.04684038583709944,hrp,Crypto
2021-09-04,-0.007937375253773166,hrp,Crypto
2021-09-05,0.05354118345337848,hrp,Crypto
2021-09-06,0.0028930998308443704,hrp,Crypto
2021-09-07,-0.16037149502074358,hrp,Crypto
2021-09-08,0.004035872543481523,hrp,Crypto
2021-09-09,0.0019400015537068714,hrp,Crypto
2021-09-10,-0.04013224583145887,hrp,Crypto
2021-09-11,0.02498598073643593,hrp,Crypto
2021-09-12,0.04427431567803473,hrp,Crypto
2021-09-13,-0.04025709245809336,hrp,Crypto
2021-09-14,0.04497382350019348,hrp,Crypto
2021-09-15,0.0322943351857858,hrp,Crypto
2021-09-16,-0.02040193547155488,hrp,Crypto
2021-09-17,-0.029440793012072978,hrp,Crypto
2021-09-18,0.015119870607151059,hrp,Crypto
2021-09-19,-0.03330779802690712,hrp,Crypto
2021-09-20,-0.11254512677323288,hrp,Crypto
2021-09-21,-0.0531454669250671,hrp,Crypto
2021-09-22,0.10358690979405197,hrp,Crypto
2021-09-23,0.017562883899068845,hrp,Crypto
2021-09-24,-0.060259008232579826,hrp,Crypto
2021-09-25,-0.0042790879089065065,hrp,Crypto
2021-09-26,-0.0038569593753830854,hrp,Crypto
2021-09-27,-0.028755222309579987,hrp,Crypto
2021-09-28,-0.03156315253401691,hrp,Crypto
2021-09-29,0.02223900496587608,hrp,Crypto
2021-09-30,0.0427678102765381,hrp,Crypto
2021-10-01,0.0878942906763157,hrp,Crypto
2021-10-02,0.007335916416364031,hrp,Crypto
2021-10-03,0.015999212451402605,hrp,Crypto
2021-10-04,-0.008461653777783651,hrp,Crypto
2021-10-05,0.04173450446627481,hrp,Crypto
2021-10-06,0.03260245859342609,hrp,Crypto
2021-10-07,-0.01042714075588889,hrp,Crypto
2021-10-08,-0.005584867245009886,hrp,Crypto
2021-10-09,0.03539138802260111,hrp,Crypto
2021-10-10,-0.03306810062404487,hrp,Crypto
2021-10-11,0.021785239912049947,hrp,Crypto
2021-10-12,-0.023810919261102795,hrp,Crypto
2021-10-13,0.027573879668027466,hrp,Crypto
2021-10-14,0.0085450808736926,hrp,Crypto
2021-10-15,0.029975528685839338,hrp,Crypto
2021-10-16,-0.0030568636643939374,hrp,Crypto
2021-10-17,-0.010202133272326568,hrp,Crypto
2021-10-18,-0.003570170368643398,hrp,Crypto
2021-10-19,0.018863599631857478,hrp,Crypto
2021-10-20,0.04948401487835389,hrp,Crypto
2021-10-21,-0.03661939696271356,hrp,Crypto
2021-10-22,-0.012762231849038136,hrp,Crypto
2021-10-23,0.019744168757769815,hrp,Crypto
2021-10-24,-0.01433112217771401,hrp,Crypto
2021-10-25,0.020151460525284465,hrp,Crypto
2021-10-26,-0.015316132296900225,hrp,Crypto
2021-10-27,-0.08207918337694065,hrp,Crypto
2021-10-28,0.05654353948588452,hrp,Crypto
2021-10-29,0.028935670286716394,hrp,Crypto
2021-10-30,-0.009602422269042595,hrp,Crypto
2021-10-31,0.00975436090545697,hrp,Crypto
2021-11-01,-0.002741455732709482,hrp,Crypto
2021-11-02,0.035259424721358255,hrp,Crypto
2021-11-03,0.011962299740223916,hrp,Crypto
2021-11-04,-0.024135171429310508,hrp,Crypto
2021-11-05,-0.008662630285909715,hrp,Crypto
2021-11-06,-0.0034244935496332255,hrp,Crypto
2021-11-07,0.02477480021151686,hrp,Crypto
2021-11-08,0.06316279281790299,hrp,Crypto
2021-11-09,0.048901460327662925,hrp,Crypto
2021-11-10,-0.04678228708798716,hrp,Crypto
2021-11-11,0.010640042991702271,hrp,Crypto
2021-11-12,-0.01960261931247749,hrp,Crypto
2021-11-13,0.013192566447341672,hrp,Crypto
2021-11-14,0.01563200946867911,hrp,Crypto
2021-11-15,-0.0155943273777449,hrp,Crypto
2021-11-16,-0.083613544927519,hrp,Crypto
2021-11-17,0.0053670989807233695,hrp,Crypto
2021-11-18,-0.06882486900587576,hrp,Crypto
2021-11-19,0.0460013891136499,hrp,Crypto
2021-11-20,0.018753680441896244,hrp,Crypto
2021-11-21,-0.01677209761418893,hrp,Crypto
2021-11-22,-0.0392077674494578,hrp,Crypto
2021-11-23,0.024759761340667166,hrp,Crypto
2021-11-24,-0.024376890468477245,hrp,Crypto
2021-11-25,0.011337731952287858,hrp,Crypto
2021-11-26,-0.06800634071263466,hrp,Crypto
2021-11-27,0.01349272059302829,hrp,Crypto
2021-11-28,0.02579045831179537,hrp,Crypto
2021-11-29,0.018095895330849987,hrp,Crypto
2021-11-30,0.0019822923430195703,hrp,Crypto
2021-12-01,-0.002582508147400856,hrp,Crypto
2021-12-02,-0.004395682547675215,hrp,Crypto
2021-12-03,-0.05402809031959622,hrp,Crypto
2021-12-04,-0.09522052458500678,hrp,Crypto
2021-12-05,-0.020230664773899183,hrp,Crypto
2021-12-06,0.03686258776046666,hrp,Crypto
2021-12-07,-0.0010837193340171968,hrp,Crypto
2021-12-08,0.02976189047904156,hrp,Crypto
2021-12-09,-0.06614114847557759,hrp,Crypto
2021-12-10,-0.031410264089400376,hrp,Crypto
2021-12-11,0.057137997835003236,hrp,Crypto
2021-12-12,0.0025690065239501927,hrp,Crypto
2021-12-13,-0.07887874273797318,hrp,Crypto
2021-12-14,0.008538844558373079,hrp,Crypto
2021-12-15,0.04807311805083897,hrp,Crypto
2021-12-16,-0.02889821272088012,hrp,Crypto
2021-12-17,-0.028504717998326413,hrp,Crypto
2021-12-18,0.02000822524422432,hrp,Crypto
2021-12-19,-0.002158238736715278,hrp,Crypto
2021-12-20,0.0005560743299262661,hrp,Crypto
2021-12-21,0.032300463036710615,hrp,Crypto
2021-12-22,0.003035341988042248,hrp,Crypto
2021-12-23,0.04851822203836634,hrp,Crypto
2021-12-24,-0.01980462116037597,hrp,Crypto
2021-12-25,0.006846024709072633,hrp,Crypto
2021-12-26,-0.0015484247334074225,hrp,Crypto
2021-12-27,0.002860417764860306,hrp,Crypto
2021-12-28,-0.06353038659961968,hrp,Crypto
2021-12-29,-0.02635299229461465,hrp,Crypto
2021-12-30,0.017198947187613247,hrp,Crypto
2021-12-31,-0.015936712627394947,hrp,Crypto
2022-01-01,0.02768246236623684,hrp,Crypto
2022-01-02,0.011130177853659424,hrp,Crypto
2022-01-03,-0.019935558934839857,hrp,Crypto
2022-01-04,-0.010482366840633512,hrp,Crypto
2022-01-05,-0.061732528057381525,hrp,Crypto
2022-01-06,-0.0044469491796034835,hrp,Crypto
2022-01-07,-0.04045286687064137,hrp,Crypto
2022-01-08,-0.01957425732825587,hrp,Crypto
2022-01-09,0.00920209511539396,hrp,Crypto
2022-01-10,-0.027225769516111567,hrp,Crypto
2022-01-11,0.032063632037850544,hrp,Crypto
2022-01-12,0.04868748474632107,hrp,Crypto
2022-01-13,-0.03247010880317829,hrp,Crypto
2022-01-14,0.02638187781828436,hrp,Crypto
2022-01-15,0.010346700351095733,hrp,Crypto
2022-01-16,0.0035508728099716,hrp,Crypto
2022-01-17,-0.005531593191468409,hrp,Crypto
2022-01-18,-0.012362718443458102,hrp,Crypto
2022-01-19,-0.02421174370040394,hrp,Crypto
2022-01-20,-0.038743089423776196,hrp,Crypto
2022-01-21,-0.11468030739931977,hrp,Crypto
2022-01-22,-0.05743088931900687,hrp,Crypto
2022-01-23,0.037015692065275496,hrp,Crypto
2022-01-24,-0.024922027984129073,hrp,Crypto
2022-01-25,0.002438356465299222,hrp,Crypto
2022-01-26,0.0033852653927758884,hrp,Crypto
2022-01-27,-0.008543103347911732,hrp,Crypto
2022-01-28,0.024613432258817056,hrp,Crypto
2022-01-29,0.014954608337214343,hrp,Crypto
2022-01-30,-0.014998594179284156,hrp,Crypto
2022-01-31,0.016822050077562146,hrp,Crypto
2022-02-01,0.023757841478514105,hrp,Crypto
2022-02-02,-0.04162611659342098,hrp,Crypto
2022-02-03,0.013813015117604396,hrp,Crypto
2022-02-04,0.0927319514523796,hrp,Crypto
2022-02-05,0.006628534308658919,hrp,Crypto
2022-02-06,0.024576404668907148,hrp,Crypto
2022-02-07,0.062177836989931685,hrp,Crypto
2022-02-08,-0.0010373694542561065,hrp,Crypto
2022-02-09,0.018729565007468967,hrp,Crypto
2022-02-10,-0.027170612529964718,hrp,Crypto
2022-02-11,-0.055195724042897035,hrp,Crypto
2022-02-12,0.0019798149400205847,hrp,Crypto
2022-02-13,-0.003034628218240725,hrp,Crypto
2022-02-14,-0.0007559608971336367,hrp,Crypto
2022-02-15,0.055932958939272005,hrp,Crypto
2022-02-16,-0.016259581589774186,hrp,Crypto
2022-02-17,-0.0771450732472704,hrp,Crypto
2022-02-18,-0.010869952942243107,hrp,Crypto
2022-02-19,0.004719297244147741,hrp,Crypto
2022-02-20,-0.04481750583088444,hrp,Crypto
2022-02-21,-0.05540812720671142,hrp,Crypto
2022-02-22,0.036493798854548905,hrp,Crypto
2022-02-23,-0.021794057334901733,hrp,Crypto
2022-02-24,0.004989463032971654,hrp,Crypto
2022-02-25,0.04136717310481309,hrp,Crypto
2022-02-26,-2.6436826657104872e-05,hrp,Crypto
2022-02-27,-0.04174730543989161,hrp,Crypto
2022-02-28,0.11042798060872536,hrp,Crypto
2022-03-01,0.009155588063089328,hrp,Crypto
2022-03-02,-0.01636086989102626,hrp,Crypto
2022-03-03,-0.024205539202213702,hrp,Crypto
2022-03-04,-0.07116165133434553,hrp,Crypto
2022-03-05,0.022647935339725346,hrp,Crypto
2022-03-06,-0.035039079719015764,hrp,Crypto
2022-03-07,-0.01715954307647844,hrp,Crypto
2022-03-08,0.018638623152103777,hrp,Crypto
2022-03-09,0.06532280055919713,hrp,Crypto
2022-03-10,-0.046759026951189483,hrp,Crypto
2022-03-11,0.002842400738663449,hrp,Crypto
2022-03-12,0.0005118730327351359,hrp,Crypto
2022-03-13,-0.02493151053973256,hrp,Crypto
2022-03-14,0.027871527172554002,hrp,Crypto
2022-03-15,0.001978814305485366,hrp,Crypto
2022-03-16,0.042849691044716524,hrp,Crypto
2022-03-17,-0.0011530788462840635,hrp,Crypto
2022-03-18,0.023551157219864696,hrp,Crypto
2022-03-19,0.039160837657838427,hrp,Crypto
2022-03-20,-0.007353299292459963,hrp,Crypto
2022-03-21,0.018722016477833843,hrp,Crypto
2022-03-22,0.052023830627685036,hrp,Crypto
2022-03-23,0.020320157639583777,hrp,Crypto
2022-03-24,0.02555032636439638,hrp,Crypto
2022-03-25,-0.009500102406742464,hrp,Crypto
2022-03-26,0.0119083242650311,hrp,Crypto
2022-03-27,0.04303107358790714,hrp,Crypto
2022-03-28,0.002290959727775999,hrp,Crypto
2022-03-29,0.01367206348798736,hrp,Crypto
2022-03-30,0.005980233234623708,hrp,Crypto
2022-03-31,-0.032305289034352834,hrp,Crypto
2022-04-01,0.01793072625468555,hrp,Crypto
2022-04-02,-0.00864889727265768,hrp,Crypto
2022-04-03,0.018942273415599675,hrp,Crypto
2022-04-04,-0.005660057906590017,hrp,Crypto
2022-04-05,-0.02706470473691787,hrp,Crypto
2022-04-06,-0.08405059886568902,hrp,Crypto
2022-04-07,0.031102440919532577,hrp,Crypto
2022-04-08,-0.03799589270426048,hrp,Crypto
2022-04-09,0.018090993602250572,hrp,Crypto
2022-04-10,-0.016292078920709645,hrp,Crypto
2022-04-11,-0.07796140162816013,hrp,Crypto
2022-04-12,0.02564161265234761,hrp,Crypto
2022-04-13,0.0312411423782641,hrp,Crypto
2022-04-14,-0.026200916953571587,hrp,Crypto
2022-04-15,0.027452103289892414,hrp,Crypto
2022-04-16,0.008642418142522286,hrp,Crypto
2022-04-17,-0.03324624954036177,hrp,Crypto
2022-04-18,0.023235626881258544,hrp,Crypto
2022-04-19,0.018160164336316974,hrp,Crypto
2022-04-20,-0.012759717910204225,hrp,Crypto
2022-04-21,-0.013062370187525305,hrp,Crypto
2022-04-22,-0.015073454442551905,hrp,Crypto
2022-04-23,-0.010095804234092964,hrp,Crypto
2022-04-24,-0.013260695499974015,hrp,Crypto
2022-04-25,0.010975857223710823,hrp,Crypto
2022-04-26,-0.06600500943888864,hrp,Crypto
2022-04-27,0.025186213184705836,hrp,Crypto
2022-04-28,0.01007273323543584,hrp,Crypto
2022-04-29,-0.03379386916425605,hrp,Crypto
2022-04-30,-0.047204035054044184,hrp,Crypto
2022-05-01,0.04842994640668972,hrp,Crypto
2022-05-02,-0.0025965892019150618,hrp,Crypto
2022-05-03,-0.009041810178537816,hrp,Crypto
2022-05-04,0.09530781146494324,hrp,Crypto
2022-05-05,-0.08830392624572732,hrp,Crypto
2022-05-06,0.014344388702276138,hrp,Crypto
2022-05-07,-0.02515308069942563,hrp,Crypto
2022-05-08,-0.01709941583675597,hrp,Crypto
2022-05-09,-0.13716378464266576,hrp,Crypto
2022-05-10,0.03544028782429544,hrp,Crypto
2022-05-11,-0.12891010406258507,hrp,Crypto
2022-05-12,-0.04287726822277318,hrp,Crypto
2022-05-13,0.05751806786920844,hrp,Crypto
2022-05-14,0.021959157669057403,hrp,Crypto
2022-05-15,0.044743286364247355,hrp,Crypto
2022-05-16,-0.05714696619674327,hrp,Crypto
2022-05-17,0.03823377262718559,hrp,Crypto
2022-05-18,-0.07711826528154277,hrp,Crypto
2022-05-19,0.04808645874095252,hrp,Crypto
2022-05-20,-0.03188445083569437,hrp,Crypto
2022-05-21,0.015191095925807408,hrp,Crypto
2022-05-22,0.0335121253042136,hrp,Crypto
2022-05-23,-0.037075931110178664,hrp,Crypto
2022-05-24,0.025295823151131207,hrp,Crypto
2022-05-25,-0.008036085146281149,hrp,Crypto
2022-05-26,-0.04519529628262334,hrp,Crypto
2022-05-27,-0.030516189382925423,hrp,Crypto
2022-05-28,0.016234491581578078,hrp,Crypto
2022-05-29,0.027423811684146312,hrp,Crypto
2022-05-30,0.08929006114017553,hrp,Crypto
2022-05-31,0.01264730219299739,hrp,Crypto
2022-06-01,-0.07056407800499462,hrp,Crypto
2022-06-02,0.023611363497890774,hrp,Crypto
2022-06-03,-0.027378566783602107,hrp,Crypto
2022-06-04,0.00615071524358726,hrp,Crypto
2022-06-05,-0.0007464049666809225,hrp,Crypto
2022-06-06,0.03256054599892919,hrp,Crypto
2022-06-07,-0.009550553413201079,hrp,Crypto
2022-06-08,-0.013939286652165709,hrp,Crypto
2022-06-09,-0.005063172788180803,hrp,Crypto
2022-06-10,-0.05068174303046178,hrp,Crypto
2022-06-11,-0.05225282650601438,hrp,Crypto
2022-06-12,-0.055016066317641714,hrp,Crypto
2022-06-13,-0.13379267472128778,hrp,Crypto
2022-06-14,0.0024797142523902867,hrp,Crypto
2022-06-15,0.05864687300861635,hrp,Crypto
2022-06-16,-0.1038728601234856,hrp,Crypto
2022-06-17,0.02681735466499935,hrp,Crypto
2022-06-18,-0.04835716461530325,hrp,Crypto
2022-06-19,0.07851720769976245,hrp,Crypto
2022-06-20,0.00037352158221256324,hrp,Crypto
2022-06-21,0.007366221815661272,hrp,Crypto
2022-06-22,-0.03674975139239134,hrp,Crypto
2022-06-23,0.048049700706995824,hrp,Crypto
2022-06-24,0.03150334667604773,hrp,Crypto
2022-06-25,0.009866977261862607,hrp,Crypto
2022-06-26,-0.021462647531002747,hrp,Crypto
2022-06-27,-0.0064020969442934485,hrp,Crypto
2022-06-28,-0.04169615695315233,hrp,Crypto
2022-06-29,-0.012050632986560273,hrp,Crypto
2022-06-30,-0.008303542084678019,hrp,Crypto
2022-07-01,-0.022171802960184842,hrp,Crypto
2022-07-02,0.009013431740576054,hrp,Crypto
2022-07-03,0.005826795370090845,hrp,Crypto
2022-07-04,0.03469225901538824,hrp,Crypto
2022-07-05,-0.018818763399024552,hrp,Crypto
2022-07-06,0.01606215379677288,hrp,Crypto
2022-07-07,0.038777787551042275,hrp,Crypto
2022-07-08,-0.00917543789949141,hrp,Crypto
2022-07-09,0.014968154518436602,hrp,Crypto
2022-07-10,-0.03834972829075235,hrp,Crypto
2022-07-11,-0.05614672870188089,hrp,Crypto
2022-07-12,-0.024682628525125424,hrp,Crypto
2022-07-13,0.04443648825814159,hrp,Crypto
2022-07-14,0.02219060603431483,hrp,Crypto
2022-07-15,0.013355512333324743,hrp,Crypto
2022-07-16,0.04817037707220105,hrp,Crypto
2022-07-17,-0.0025104373307511885,hrp,Crypto
2022-07-18,0.10097866680711991,hrp,Crypto
2022-07-19,0.019169830367530446,hrp,Crypto
2022-07-20,-0.032677101935556965,hrp,Crypto
2022-07-21,0.020878601005495004,hrp,Crypto
2022-07-22,-0.010543315102278317,hrp,Crypto
2022-07-23,0.0075412847099947155,hrp,Crypto
2022-07-24,0.020247170757970813,hrp,Crypto
2022-07-25,-0.0715907655772213,hrp,Crypto
2022-07-26,0.002314390147484688,hrp,Crypto
2022-07-27,0.10375599835406558,hrp,Crypto
2022-07-28,0.0745507814327326,hrp,Crypto
2022-07-29,-0.006652868422101992,hrp,Crypto
2022-07-30,-0.0073587468352872935,hrp,Crypto
2022-07-31,-0.015585003561523036,hrp,Crypto
2022-08-01,-0.010704455457524601,hrp,Crypto
2022-08-02,-0.01933275151031169,hrp,Crypto
2022-08-03,-0.005319444616011177,hrp,Crypto
2022-08-04,0.0031101680096413007,hrp,Crypto
2022-08-05,0.043445826350882365,hrp,Crypto
2022-08-06,-0.010424308111572423,hrp,Crypto
2022-08-07,0.006910444462304804,hrp,Crypto
2022-08-08,0.022383843083024678,hrp,Crypto
2022-08-09,-0.042561367199483995,hrp,Crypto
2022-08-10,0.047879886668122026,hrp,Crypto
2022-08-11,0.01026281373495434,hrp,Crypto
2022-08-12,0.014492270235663358,hrp,Crypto
2022-08-13,0.008302404865438155,hrp,Crypto
2022-08-14,-0.010614252114247246,hrp,Crypto
2022-08-15,-0.018548675504105824,hrp,Crypto
2022-08-16,0.002229099767666092,hrp,Crypto
2022-08-17,-0.010644660186172415,hrp,Crypto
2022-08-18,-0.01618177537750892,hrp,Crypto
2022-08-19,-0.10538085656923933,hrp,Crypto
2022-08-20,0.013542280138379591,hrp,Crypto
2022-08-21,0.02921101749289167,hrp,Crypto
2022-08-22,0.018780976529258923,hrp,Crypto
2022-08-23,0.014245307251074237,hrp,Crypto
2022-08-24,-0.009073093277267354,hrp,Crypto
2022-08-25,0.011782693946362036,hrp,Crypto
2022-08-26,-0.0761180987829041,hrp,Crypto
2022-08-27,0.002576763857556397,hrp,Crypto
2022-08-28,-0.03229954452799348,hrp,Crypto
2022-08-29,0.04782677842762501,hrp,Crypto
2022-08-30,-0.021096425305281982,hrp,Crypto
2022-08-31,0.0031785682263847886,hrp,Crypto
2022-09-01,0.01904775696309926,hrp,Crypto
2022-09-02,0.0007277352283167102,hrp,Crypto
2022-09-03,0.0022783005226548335,hrp,Crypto
2022-09-04,0.010652113760716543,hrp,Crypto
2022-09-05,0.020268979906091517,hrp,Crypto
2022-09-06,-0.06263967894388267,hrp,Crypto
2022-09-07,0.04828642661689979,hrp,Crypto
2022-09-08,0.00222471994741231,hrp,Crypto
2022-09-09,0.06412318886522454,hrp,Crypto
2022-09-10,0.01928683678920478,hrp,Crypto
2022-09-11,-0.008169653436143879,hrp,Crypto
2022-09-12,-0.003307441494929883,hrp,Crypto
2022-09-13,-0.07292532114254961,hrp,Crypto
2022-09-14,0.017505345593859214,hrp,Crypto
2022-09-15,-0.04312352364032658,hrp,Crypto
2022-09-16,0.00945152794520058,hrp,Crypto
2022-09-17,0.028514896089702584,hrp,Crypto
2022-09-18,-0.07199438612775928,hrp,Crypto
2022-09-19,0.015882347303432055,hrp,Crypto
2022-09-20,-0.0051043614552664495,hrp,Crypto
2022-09-21,-0.032991252801609285,hrp,Crypto
2022-09-22,0.05812849499995655,hrp,Crypto
2022-09-23,0.010278684918438242,hrp,Crypto
2022-09-24,-0.020101053150420205,hrp,Crypto
2022-09-25,-0.013150830840535917,hrp,Crypto
2022-09-26,0.005702697524232411,hrp,Crypto
2022-09-27,-0.013004748639575014,hrp,Crypto
2022-09-28,0.0007699678980942618,hrp,Crypto
2022-09-29,0.02225575130075373,hrp,Crypto
2022-09-30,-0.0037407648686767067,hrp,Crypto
2022-10-01,-0.0021001210201405645,hrp,Crypto
2022-10-02,-0.021324034554091247,hrp,Crypto
2022-10-03,0.022415660999322785,hrp,Crypto
2022-10-04,0.02469967048321304,hrp,Crypto
2022-10-05,-0.004659040600882914,hrp,Crypto
2022-10-06,-0.0052986740896932595,hrp,Crypto
2022-10-07,-0.006282446855837762,hrp,Crypto
2022-10-08,-0.0024334796509256013,hrp,Crypto
2022-10-09,0.008830438360403387,hrp,Crypto
2022-10-10,-0.033988995158793014,hrp,Crypto
2022-10-11,-0.018196521591383012,hrp,Crypto
2022-10-12,0.0016534027282130044,hrp,Crypto
2022-10-13,-0.01239371939182699,hrp,Crypto
2022-10-14,0.0030618122020118358,hrp,Crypto
2022-10-15,-0.008181145643726233,hrp,Crypto
2022-10-16,0.011290612870849051,hrp,Crypto
2022-10-17,0.011822590449739982,hrp,Crypto
2022-10-18,-0.015004190322958527,hrp,Crypto
2022-10-19,-0.020337612686798796,hrp,Crypto
2022-10-20,-0.0016966988479413636,hrp,Crypto
2022-10-21,0.01091439600540246,hrp,Crypto
2022-10-22,0.006642544070931435,hrp,Crypto
2022-10-23,0.018885976332545303,hrp,Crypto
2022-10-24,-0.016567291208666103,hrp,Crypto
2022-10-25,0.04953410874516731,hrp,Crypto
2022-10-26,0.02535655810815604,hrp,Crypto
2022-10-27,-0.02098191810879902,hrp,Crypto
2022-10-28,0.019617332943307565,hrp,Crypto
2022-10-29,0.016720709156783024,hrp,Crypto
2022-10-30,-0.021411195097319136,hrp,Crypto
2022-10-31,0.0004520069855934414,hrp,Crypto
2022-11-01,-0.004654151768684744,hrp,Crypto
2022-11-02,-0.018363716391608404,hrp,Crypto
2022-11-03,0.013077552576393385,hrp,Crypto
2022-11-04,0.06266838494575358,hrp,Crypto
2022-11-05,-4.189579281605837e-05,hrp,Crypto
2022-11-06,-0.03499521295497532,hrp,Crypto
2022-11-07,-0.0018842542207904145,hrp,Crypto
2022-11-08,-0.11031539023668836,hrp,Crypto
2022-11-09,-0.14214170218989328,hrp,Crypto
2022-11-10,0.14560407495014754,hrp,Crypto
2022-11-11,-0.020851051758404276,hrp,Crypto
2022-11-12,-0.028977499503346285,hrp,Crypto
2022-11-13,-0.035046259691513794,hrp,Crypto
2022-11-14,0.018426001173210204,hrp,Crypto
2022-11-15,0.01415530801377095,hrp,Crypto
2022-11-16,-0.017736944348587805,hrp,Crypto
2022-11-17,0.001516285460135485,hrp,Crypto
2022-11-18,0.0028272184265402843,hrp,Crypto
2022-11-19,0.009304675137576341,hrp,Crypto
2022-11-20,-0.03954041395770855,hrp,Crypto
2022-11-21,-0.014229466580117254,hrp,Crypto
2022-11-22,0.028795780583159184,hrp,Crypto
2022-11-23,0.03610472720184633,hrp,Crypto
2022-11-24,0.010208250151824534,hrp,Crypto
2022-11-25,-0.004204761040864947,hrp,Crypto
2022-11-26,-0.003776086440587428,hrp,Crypto
2022-11-27,0.00041795596277591863,hrp,Crypto
2022-11-28,-0.016924693488867264,hrp,Crypto
2022-11-29,0.01558000129801654,hrp,Crypto
2022-11-30,0.03446723571242348,hrp,Crypto
2022-12-01,-0.017320982430405914,hrp,Crypto
2022-12-02,0.00873097569432771,hrp,Crypto
2022-12-03,-0.017420772415812278,hrp,Crypto
2022-12-04,0.0103473002350663,hrp,Crypto
2022-12-05,-0.004119594315762652,hrp,Crypto
2022-12-06,0.0061798665251459085,hrp,Crypto
2022-12-07,-0.016468698342377935,hrp,Crypto
2022-12-08,0.021828981191976342,hrp,Crypto
2022-12-09,-0.0036773306757655107,hrp,Crypto
2022-12-10,0.0002708371256818341,hrp,Crypto
2022-12-11,-0.01162941608867551,hrp,Crypto
2022-12-12,-0.0014025401306190907,hrp,Crypto
2022-12-13,0.0224095553216974,hrp,Crypto
2022-12-14,-0.005681283617959266,hrp,Crypto
2022-12-15,-0.02068167348936407,hrp,Crypto
2022-12-16,-0.073375564669384,hrp,Crypto
2022-12-17,0.016295631434780675,hrp,Crypto
2022-12-18,-0.005919705725465698,hrp,Crypto
2022-12-19,-0.02713316764034376,hrp,Crypto
2022-12-20,0.03395975320702069,hrp,Crypto
2022-12-21,-0.0058700432679817316,hrp,Crypto
2022-12-22,0.006471905128788031,hrp,Crypto
2022-12-23,-0.002995832619867337,hrp,Crypto
2022-12-24,-8.047477134849953e-05,hrp,Crypto
2022-12-25,-0.0003394833206223373,hrp,Crypto
2022-12-26,0.01226088066391355,hrp,Crypto
2022-12-27,-0.010815891685347308,hrp,Crypto
2022-12-28,-0.022084826074596248,hrp,Crypto
2022-12-29,0.000713803659547662,hrp,Crypto
2022-12-30,0.0007350791753587388,hrp,Crypto
2022-12-31,-0.0003838112254324163,hrp,Crypto
2023-01-01,0.007628655905481141,hrp,Crypto
2023-01-02,0.014606459786224012,hrp,Crypto
2023-01-03,-0.0027864802439046482,hrp,Crypto
2023-01-04,0.030659873514148558,hrp,Crypto
2023-01-05,-0.012333442756554236,hrp,Crypto
2023-01-06,0.0184599234297478,hrp,Crypto
2023-01-07,-0.0031839387919483622,hrp,Crypto
2023-01-08,0.02306184702293273,hrp,Crypto
2023-01-09,0.02442622072440459,hrp,Crypto
2023-01-10,0.00749418870384178,hrp,Crypto
2023-01-11,0.027699104825194644,hrp,Crypto
2023-01-12,0.0265973238878744,hrp,Crypto
2023-01-13,0.03960936684420868,hrp,Crypto
2023-01-14,0.037816754791461064,hrp,Crypto
2023-01-15,-0.0012454509366582362,hrp,Crypto
2023-01-16,-1.765352272715254e-05,hrp,Crypto
2023-01-17,-0.0059325317436470845,hrp,Crypto
2023-01-18,-0.04017386584329012,hrp,Crypto
2023-01-19,0.0238387194905626,hrp,Crypto
2023-01-20,0.06372460707604265,hrp,Crypto
2023-01-21,-0.008956992257075216,hrp,Crypto
2023-01-22,0.006442697930609416,hrp,Crypto
2023-01-23,0.019146052361189065,hrp,Crypto
2023-01-24,-0.03851030557493148,hrp,Crypto
2023-01-25,0.02905350355473247,hrp,Crypto
2023-01-26,-0.0019516398236455608,hrp,Crypto
2023-01-27,0.011073177099360017,hrp,Crypto
2023-01-28,-0.008647644020281056,hrp,Crypto
2023-01-29,0.029491195483111046,hrp,Crypto
2023-01-30,-0.04414546549677254,hrp,Crypto
2023-01-31,0.017612774521691337,hrp,Crypto
2023-02-01,0.0239608828237313,hrp,Crypto
2023-02-02,-0.003101858888085818,hrp,Crypto
2023-02-03,0.01094091273416565,hrp,Crypto
2023-02-04,-0.0006420470042461002,hrp,Crypto
2023-02-05,-0.0184275002979561,hrp,Crypto
2023-02-06,-0.016174904914898477,hrp,Crypto
2023-02-07,0.03617181392237991,hrp,Crypto
2023-02-08,-0.011021307336733118,hrp,Crypto
2023-02-09,-0.05808108776071112,hrp,Crypto
2023-02-10,-0.0009403925372073702,hrp,Crypto
2023-02-11,0.011416162981678033,hrp,Crypto
2023-02-12,-0.010979968284358013,hrp,Crypto
2023-02-13,0.0008563163354924113,hrp,Crypto
2023-02-14,0.02777089552850268,hrp,Crypto
2023-02-15,0.06853270716007302,hrp,Crypto
2023-02-16,-0.04379961651018153,hrp,Crypto
2023-02-17,0.05046430378932779,hrp,Crypto
2023-02-18,0.006092098954916925,hrp,Crypto
2023-02-19,-0.008803972031860813,hrp,Crypto
2023-02-20,0.023798562780141592,hrp,Crypto
2023-02-21,-0.021915487641510654,hrp,Crypto
2023-02-22,-0.00736471915809339,hrp,Crypto
2023-02-23,-0.009545543314252239,hrp,Crypto
2023-02-24,-0.03362544722974022,hrp,Crypto
2023-02-25,-0.0030366724560739657,hrp,Crypto
2023-02-26,0.018828909264499993,hrp,Crypto
2023-02-27,-0.003791544696994,hrp,Crypto
2023-02-28,-0.01247167800976361,hrp,Crypto
2023-03-01,0.02441837457388383,hrp,Crypto
2023-03-02,-0.007645587492730668,hrp,Crypto
2023-03-03,-0.02432640274711505,hrp,Crypto
2023-03-04,-0.015727823761828297,hrp,Crypto
2023-03-05,-0.0008817516557772496,hrp,Crypto
2023-03-06,-0.0014434349908206833,hrp,Crypto
2023-03-07,-0.008691276107147866,hrp,Crypto
2023-03-08,-0.02267474140589055,hrp,Crypto
2023-03-09,-0.06612240159480784,hrp,Crypto
2023-03-10,-0.005987769620189573,hrp,Crypto
2023-03-11,0.008589577327344833,hrp,Crypto
2023-03-12,0.06854888020689977,hrp,Crypto
2023-03-13,0.04654057748427519,hrp,Crypto
2023-03-14,0.016956381660259156,hrp,Crypto
2023-03-15,-0.04241616138670155,hrp,Crypto
2023-03-16,0.017176913363453006,hrp,Crypto
2023-03-17,0.06376647313440181,hrp,Crypto
2023-03-18,-0.02198129285284095,hrp,Crypto
2023-03-19,0.028535942431311773,hrp,Crypto
2023-03-20,-0.028798461463243358,hrp,Crypto
2023-03-21,0.0689635132187554,hrp,Crypto
2023-03-22,-0.05932153946094564,hrp,Crypto
2023-03-23,0.051413604811449486,hrp,Crypto
2023-03-24,-0.02674724030048955,hrp,Crypto
2023-03-25,2.021643761668506e-05,hrp,Crypto
2023-03-26,0.01275588923397522,hrp,Crypto
2023-03-27,-0.016775758615300347,hrp,Crypto
2023-03-28,0.026070162081927202,hrp,Crypto
2023-03-29,0.02684230829259608,hrp,Crypto
2023-03-30,-0.0016095129787940107,hrp,Crypto
2023-03-31,0.019269935459667046,hrp,Crypto
2023-04-01,-0.0009386542311222781,hrp,Crypto
2023-04-02,-0.007375713130700591,hrp,Crypto
2023-04-03,-0.0026357644207568934,hrp,Crypto
2023-04-04,0.006933830205573478,hrp,Crypto
2023-04-05,0.0038389746857792695,hrp,Crypto
2023-04-06,-0.006769151601741061,hrp,Crypto
2023-04-07,-0.00037027807501019113,hrp,Crypto
2023-04-08,-0.007301921220827944,hrp,Crypto
2023-04-09,0.008572686123253383,hrp,Crypto
2023-04-10,0.02304559505831177,hrp,Crypto
2023-04-11,0.0022017780702600223,hrp,Crypto
2023-04-12,-0.008560145320949446,hrp,Crypto
2023-04-13,0.01962537745209955,hrp,Crypto
2023-04-14,0.014030587878177368,hrp,Crypto
2023-04-15,-0.0016021223239232273,hrp,Crypto
2023-04-16,0.008471161111175404,hrp,Crypto
2023-04-17,-0.021944944430013817,hrp,Crypto
2023-04-18,0.020971284444472785,hrp,Crypto
2023-04-19,-0.06545726770676356,hrp,Crypto
2023-04-20,-0.015699691100978786,hrp,Crypto
2023-04-21,-0.03310636331487848,hrp,Crypto
2023-04-22,0.02646945000229018,hrp,Crypto
2023-04-23,-0.009118175036291514,hrp,Crypto
2023-04-24,-0.00526706200325025,hrp,Crypto
2023-04-25,0.014593455755045778,hrp,Crypto
2023-04-26,-0.014343111695961057,hrp,Crypto
2023-04-27,0.013392682805520804,hrp,Crypto
2023-04-28,0.006284922583812353,hrp,Crypto
2023-04-29,0.007609902586026869,hrp,Crypto
2023-04-30,-0.013360365057148571,hrp,Crypto
2023-05-01,-0.013353413369789168,hrp,Crypto
2023-05-02,0.01297619113159348,hrp,Crypto
2023-05-03,0.005839446971367748,hrp,Crypto
2023-05-04,-0.009182599168087582,hrp,Crypto
2023-05-05,0.019359770377295565,hrp,Crypto
2023-05-06,-0.02711853669187638,hrp,Crypto
2023-05-07,-0.011699053006552336,hrp,Crypto
2023-05-08,-0.03622348970325518,hrp,Crypto
2023-05-09,0.018635569285872674,hrp,Crypto
2023-05-10,-0.0028287735056774124,hrp,Crypto
2023-05-11,-0.020513200340381253,hrp,Crypto
2023-05-12,0.007139774722327672,hrp,Crypto
2023-05-13,-0.005560040945969759,hrp,Crypto
2023-05-14,0.009507016409723925,hrp,Crypto
2023-05-15,0.009918937771841638,hrp,Crypto
2023-05-16,0.009497706876628636,hrp,Crypto
2023-05-17,0.014926599550556268,hrp,Crypto
2023-05-18,-0.012128653197800897,hrp,Crypto
2023-05-19,0.004261468677066451,hrp,Crypto
2023-05-20,0.007743168490828077,hrp,Crypto
2023-05-21,-0.006441455239727532,hrp,Crypto
2023-05-22,0.010309775869206082,hrp,Crypto
2023-05-23,0.007966418327069156,hrp,Crypto
2023-05-24,-0.029481072143247175,hrp,Crypto
2023-05-25,0.0011756109568921112,hrp,Crypto
2023-05-26,0.011194236940563306,hrp,Crypto
2023-05-27,0.009637168722801633,hrp,Crypto
2023-05-28,0.023025796959023074,hrp,Crypto
2023-05-29,-0.006550223427237329,hrp,Crypto
2023-05-30,0.010091065564429277,hrp,Crypto
2023-05-31,-0.009791314205000859,hrp,Crypto
2023-06-01,-0.008015828380489594,hrp,Crypto
2023-06-02,0.03725393127110213,hrp,Crypto
2023-06-03,-0.003931072918087796,hrp,Crypto
2023-06-04,0.0018497058068996492,hrp,Crypto
2023-06-05,-0.05272595204634332,hrp,Crypto
2023-06-06,0.032359910743532665,hrp,Crypto
2023-06-07,-0.03038981110977102,hrp,Crypto
2023-06-08,0.008015551843403301,hrp,Crypto
2023-06-09,-0.013764600060569246,hrp,Crypto
2023-06-10,-0.07724610865765025,hrp,Crypto
2023-06-11,0.0030387436055396887,hrp,Crypto
2023-06-12,0.0011117637458173382,hrp,Crypto
2023-06-13,0.003555761786294594,hrp,Crypto
2023-06-14,-0.03982752963941889,hrp,Crypto
2023-06-15,0.0033739200808262882,hrp,Crypto
2023-06-16,0.009256157620371634,hrp,Crypto
2023-06-17,0.010336976420426282,hrp,Crypto
2023-06-18,-0.006211936419898961,hrp,Crypto
2023-06-19,0.0054514115998423205,hrp,Crypto
2023-06-20,0.02530367165006362,hrp,Crypto
2023-06-21,0.06881115062889172,hrp,Crypto
2023-06-22,-0.004770759650649007,hrp,Crypto
2023-06-23,0.07604418805118979,hrp,Crypto
2023-06-24,0.015147423199109684,hrp,Crypto
2023-06-25,-0.009202609277433094,hrp,Crypto
2023-06-26,0.011986770498350084,hrp,Crypto
2023-06-27,0.02612026415001057,hrp,Crypto
2023-06-28,-0.03354410704054333,hrp,Crypto
2023-06-29,0.030117573113149904,hrp,Crypto
2023-06-30,0.08338470453698055,hrp,Crypto
2023-07-01,-0.0027260489321084456,hrp,Crypto
2023-07-02,0.002793319944707558,hrp,Crypto
2023-07-03,-0.0027889642345053744,hrp,Crypto
2023-07-04,-0.019117175636617658,hrp,Crypto
2023-07-05,-0.013676459763704029,hrp,Crypto
2023-07-06,-0.018771791670268802,hrp,Crypto
2023-07-07,0.017277029086119312,hrp,Crypto
2023-07-08,0.0032955239411514366,hrp,Crypto
2023-07-09,-0.01454767451410388,hrp,Crypto
2023-07-10,0.010645388169258637,hrp,Crypto
2023-07-11,0.0009870399745021852,hrp,Crypto
2023-07-12,-0.0024745449994525767,hrp,Crypto
2023-07-13,0.15077974324627813,hrp,Crypto
2023-07-14,-0.0518400345960038,hrp,Crypto
2023-07-15,-0.007636309168102644,hrp,Crypto
2023-07-16,-0.0066407910682779545,hrp,Crypto
2023-07-17,-0.004473539828861801,hrp,Crypto
2023-07-18,-0.0013032432843626605,hrp,Crypto
2023-07-19,0.023378855873395193,hrp,Crypto
2023-07-20,0.0002656394804372449,hrp,Crypto
2023-07-21,-0.0007829358209742855,hrp,Crypto
2023-07-22,-0.004678916597581526,hrp,Crypto
2023-07-23,0.011559368629156635,hrp,Crypto
2023-07-24,-0.03569250527621686,hrp,Crypto
2023-07-25,0.0008933972605665039,hrp,Crypto
2023-07-26,0.012835853744076768,hrp,Crypto
2023-07-27,0.0017922684593162052,hrp,Crypto
2023-07-28,0.010879573402729265,hrp,Crypto
2023-07-29,0.0009626827664455709,hrp,Crypto
2023-07-30,-0.005198767042662533,hrp,Crypto
2023-07-31,-0.017602729896140895,hrp,Crypto
2023-08-01,0.007487578510632434,hrp,Crypto
2023-08-02,-0.036083942706944504,hrp,Crypto
2023-08-03,-0.013189616574105398,hrp,Crypto
2023-08-04,-0.00426799353629575,hrp,Crypto
2023-08-05,0.005046247181907962,hrp,Crypto
2023-08-06,-0.005789641039068021,hrp,Crypto
2023-08-07,0.006670650841055017,hrp,Crypto
2023-08-08,0.012742052047788409,hrp,Crypto
2023-08-09,-0.0019409566725765734,hrp,Crypto
2023-08-10,-0.007817279247546565,hrp,Crypto
2023-08-11,-0.0027322960440729215,hrp,Crypto
2023-08-12,0.0011324708265753308,hrp,Crypto
2023-08-13,-0.0064088032404839325,hrp,Crypto
2023-08-14,0.0025475917957706712,hrp,Crypto
2023-08-15,-0.024625689955606895,hrp,Crypto
2023-08-16,-0.038521359145522176,hrp,Crypto
2023-08-17,-0.07783572639729067,hrp,Crypto
2023-08-18,0.004816510244365731,hrp,Crypto
2023-08-19,0.0124806767802546,hrp,Crypto
2023-08-20,0.01565427469270613,hrp,Crypto
2023-08-21,-0.009968346445653656,hrp,Crypto
2023-08-22,-0.01040111027422511,hrp,Crypto
2023-08-23,0.030524827706460287,hrp,Crypto
2023-08-24,-0.011249310974089153,hrp,Crypto
2023-08-25,-0.0009533279090192404,hrp,Crypto
2023-08-26,-0.003844669652590829,hrp,Crypto
2023-08-27,0.00908442340823898,hrp,Crypto
2023-08-28,-0.006998080941611938,hrp,Crypto
2023-08-29,0.05258398517825235,hrp,Crypto
2023-08-30,-0.021763010505445893,hrp,Crypto
2023-08-31,-0.0317090418351652,hrp,Crypto
2023-09-01,-0.012134094016048737,hrp,Crypto
2023-09-02,0.0026181651977734283,hrp,Crypto
2023-09-03,0.004220939790150043,hrp,Crypto
2023-09-04,0.0014339425678028465,hrp,Crypto
2023-09-05,-0.0006855858370229206,hrp,Crypto
2023-09-06,0.0032949958535730827,hrp,Crypto
2023-09-07,0.007188688909831961,hrp,Crypto
2023-09-08,-0.0054408165964112305,hrp,Crypto
2023-09-09,0.0018809150002414947,hrp,Crypto
2023-09-10,-0.014266828856299431,hrp,Crypto
2023-09-11,-0.02884556466079255,hrp,Crypto
2023-09-12,0.027891707485441956,hrp,Crypto
2023-09-13,0.011262588355862089,hrp,Crypto
2023-09-14,0.018717123524970986,hrp,Crypto
2023-09-15,0.01597835049297436,hrp,Crypto
2023-09-16,-0.004104616900801492,hrp,Crypto
2023-09-17,-0.013927352052389553,hrp,Crypto
2023-09-18,0.018357843279752716,hrp,Crypto
2023-09-19,0.011600969429643107,hrp,Crypto
2023-09-20,-0.010544555490660822,hrp,Crypto
2023-09-21,-0.0186525946358083,hrp,Crypto
2023-09-22,0.0006574903224692435,hrp,Crypto
2023-09-23,0.0034705662460831686,hrp,Crypto
2023-09-24,-0.01142372747936303,hrp,Crypto
2023-09-25,0.009438074894146348,hrp,Crypto
2023-09-26,-0.0018280249801902722,hrp,Crypto
2023-09-27,0.010666234192428185,hrp,Crypto
2023-09-28,0.0236729798970354,hrp,Crypto
2023-09-29,0.00901323653722266,hrp,Crypto
2023-09-30,0.003115063924576985,hrp,Crypto
2023-10-01,0.02865034615146756,hrp,Crypto
2023-10-02,-0.022782181134957794,hrp,Crypto
2023-10-03,0.0037953560643051287,hrp,Crypto
2023-10-04,-0.007751933154988799,hrp,Crypto
2023-10-05,-0.00950348857114926,hrp,Crypto
2023-10-06,0.005862427455038022,hrp,Crypto
2023-10-07,-0.0012106964575968127,hrp,Crypto
2023-10-08,-0.003976968551023415,hrp,Crypto
2023-10-09,-0.02795442527149699,hrp,Crypto
2023-10-10,-0.005336393251090671,hrp,Crypto
2023-10-11,-0.00779919274363477,hrp,Crypto
2023-10-12,-0.008718369920476896,hrp,Crypto
2023-10-13,0.007184158017765661,hrp,Crypto
2023-10-14,-0.0005968591684494219,hrp,Crypto
2023-10-15,0.008575449593698398,hrp,Crypto
2023-10-16,0.03127756625386567,hrp,Crypto
2023-10-17,-0.014724910540872934,hrp,Crypto
2023-10-18,-0.004632364510697914,hrp,Crypto
2023-10-19,0.012207757643705441,hrp,Crypto
2023-10-20,0.021458623806658216,hrp,Crypto
2023-10-21,0.016559817671306785,hrp,Crypto
2023-10-22,0.0011845412099357607,hrp,Crypto
2023-10-23,0.05226323844348406,hrp,Crypto
2023-10-24,5.5527927408179534e-05,hrp,Crypto
2023-10-25,0.006753191807351512,hrp,Crypto
2023-10-26,-0.0015457762172488626,hrp,Crypto
2023-10-27,-0.0058956256569895425,hrp,Crypto
2023-10-28,0.011803083074768524,hrp,Crypto
2023-10-29,0.01028692890542071,hrp,Crypto
2023-10-30,0.0089856668350443,hrp,Crypto
2023-10-31,0.007420438976497369,hrp,Crypto
2023-11-01,0.02422425770514296,hrp,Crypto
2023-11-02,-0.008414161827911748,hrp,Crypto
2023-11-03,-0.0007414458266193114,hrp,Crypto
2023-11-04,0.008184215201393279,hrp,Crypto
2023-11-05,0.015585522537726559,hrp,Crypto
2023-11-06,0.019847395146721247,hrp,Crypto
2023-11-07,-0.011804791027094622,hrp,Crypto
2023-11-08,0.011536978812993723,hrp,Crypto
2023-11-09,0.017667107370807938,hrp,Crypto
2023-11-10,0.0325320963167338,hrp,Crypto
2023-11-11,0.003315197785971242,hrp,Crypto
2023-11-12,0.0004975080145258266,hrp,Crypto
2023-11-13,-0.01627801506029711,hrp,Crypto
2023-11-14,-0.03331046907805549,hrp,Crypto
2023-11-15,0.038246791906476965,hrp,Crypto
2023-11-16,-0.028957982959992766,hrp,Crypto
2023-11-17,0.002193861278776625,hrp,Crypto
2023-11-18,0.00023479396285321536,hrp,Crypto
2023-11-19,0.014628702892910786,hrp,Crypto
2023-11-20,-0.014089885537669053,hrp,Crypto
2023-11-21,-0.05159580782313127,hrp,Crypto
2023-11-22,0.04904241923319133,hrp,Crypto
2023-11-23,0.004618783923943328,hrp,Crypto
2023-11-24,0.013972397838860423,hrp,Crypto
2023-11-25,0.020283123751797884,hrp,Crypto
2023-11-26,-0.010128170464349414,hrp,Crypto
2023-11-27,-0.03044798806395302,hrp,Crypto
2023-11-28,0.010789809050604964,hrp,Crypto
2023-11-29,-0.00031622442521332976,hrp,Crypto
2023-11-30,-0.003390184042073468,hrp,Crypto
2023-12-01,0.012680101259584343,hrp,Crypto
2023-12-02,0.016332700036102762,hrp,Crypto
2023-12-03,0.003264163022616295,hrp,Crypto
2023-12-04,0.023997233554694655,hrp,Crypto
2023-12-05,0.017232427272006526,hrp,Crypto
2023-12-06,0.0035916879825358787,hrp,Crypto
2023-12-07,0.01631876151184688,hrp,Crypto
2023-12-08,0.04599211158726593,hrp,Crypto
2023-12-09,0.007178219045167312,hrp,Crypto
2023-12-10,0.004795881349401418,hrp,Crypto
2023-12-11,-0.059394651673440275,hrp,Crypto
2023-12-12,0.006615904992090995,hrp,Crypto
2023-12-13,0.030798993301196585,hrp,Crypto
2023-12-14,0.006287322966047483,hrp,Crypto
2023-12-15,-0.04122727174209798,hrp,Crypto
2023-12-16,0.016579423133246413,hrp,Crypto
2023-12-17,-0.017255249154566683,hrp,Crypto
2023-12-18,0.002653805993534681,hrp,Crypto
2023-12-19,-0.012512783689579992,hrp,Crypto
2023-12-20,0.020949214554850482,hrp,Crypto
2023-12-21,0.025532300526208404,hrp,Crypto
2023-12-22,0.014907162891138675,hrp,Crypto
2023-12-23,-0.0038175384550863615,hrp,Crypto
2023-12-24,-0.015032160928461331,hrp,Crypto
2023-12-25,0.019825960716884236,hrp,Crypto
2023-12-26,-0.022860005395165358,hrp,Crypto
2023-12-27,0.04770467488456633,hrp,Crypto
2023-12-28,-0.006226868613821908,hrp,Crypto
2023-12-29,-0.014078809817607852,hrp,Crypto
2023-12-30,0.0067156696994421766,hrp,Crypto
2023-12-31,-0.005218732159129913,hrp,Crypto
2022-01-03,0.003123160162046698,equal_weight,Combined
2022-01-04,0.00494542447656564,equal_weight,Combined
2022-01-05,-0.018520541664949264,equal_weight,Combined
2022-01-06,0.0003515469813984873,equal_weight,Combined
2022-01-07,-0.005573185878732739,equal_weight,Combined
2022-01-10,-0.010468008645634555,equal_weight,Combined
2022-01-11,0.014117589837793544,equal_weight,Combined
2022-01-12,0.01132489119099409,equal_weight,Combined
2022-01-13,-0.009911573013603521,equal_weight,Combined
2022-01-14,0.005830496410168117,equal_weight,Combined
2022-01-18,-0.011533023635334368,equal_weight,Combined
2022-01-19,-0.010489090579142503,equal_weight,Combined
2022-01-20,-0.01697219514854896,equal_weight,Combined
2022-01-21,-0.030061223982015495,equal_weight,Combined
2022-01-24,-0.0028541466834678063,equal_weight,Combined
2022-01-25,-0.002743071610998365,equal_weight,Combined
2022-01-26,-0.006530534848476082,equal_weight,Combined
2022-01-27,-0.004293893754328957,equal_weight,Combined
2022-01-28,0.0183096178597727,equal_weight,Combined
2022-01-31,0.014107319571363016,equal_weight,Combined
2022-02-01,0.012964162723813273,equal_weight,Combined
2022-02-02,0.0017817301239004546,equal_weight,Combined
2022-02-03,-0.00535646553699757,equal_weight,Combined
2022-02-04,0.013733646897065199,equal_weight,Combined
2022-02-07,0.013688791888446367,equal_weight,Combined
2022-02-08,0.0029371659880817287,equal_weight,Combined
2022-02-09,0.013799729865727303,equal_weight,Combined
2022-02-10,-0.018483629148971902,equal_weight,Combined
2022-02-11,-0.01848541179562176,equal_weight,Combined
2022-02-14,-0.0060964543324511615,equal_weight,Combined
2022-02-15,0.017944771341906928,equal_weight,Combined
2022-02-16,-0.0029439425950380242,equal_weight,Combined
2022-02-17,-0.02566904439235687,equal_weight,Combined
2022-02-18,-0.00830897428468353,equal_weight,Combined
2022-02-22,0.001014526227730404,equal_weight,Combined
2022-02-23,-0.013019673685019413,equal_weight,Combined
2022-02-24,0.005844886592826033,equal_weight,Combined
2022-02-25,0.028299068288828364,equal_weight,Combined
2022-02-28,0.014981012301147338,equal_weight,Combined
2022-03-01,-0.010226922298809876,equal_weight,Combined
2022-03-02,0.01332360970301258,equal_weight,Combined
2022-03-03,-0.003943445898772509,equal_weight,Combined
2022-03-04,-0.010092048189367153,equal_weight,Combined
2022-03-07,-0.017769087077544526,equal_weight,Combined
2022-03-08,-0.0005181088985887563,equal_weight,Combined
2022-03-09,0.02275385732553449,equal_weight,Combined
2022-03-10,-0.008283750117282968,equal_weight,Combined
2022-03-11,-0.005725738540850366,equal_weight,Combined
2022-03-14,-0.003629062472281808,equal_weight,Combined
2022-03-15,0.008665417098065818,equal_weight,Combined
2022-03-16,0.020116243438739863,equal_weight,Combined
2022-03-17,0.011785017412108275,equal_weight,Combined
2022-03-18,0.007895695606537636,equal_weight,Combined
2022-03-21,0.007010971569600106,equal_weight,Combined
2022-03-22,0.015103216163539686,equal_weight,Combined
2022-03-23,-0.006049250070386995,equal_weight,Combined
2022-03-24,0.013068632416285838,equal_weight,Combined
2022-03-25,0.005595401879406858,equal_weight,Combined
2022-03-28,0.0014474188611262042,equal_weight,Combined
2022-03-29,0.012684810195777252,equal_weight,Combined
2022-03-30,-0.0019830263042148024,equal_weight,Combined
2022-03-31,-0.017306133656382425,equal_weight,Combined
2022-04-01,0.007345515668125022,equal_weight,Combined
2022-04-04,0.0008953739066797081,equal_weight,Combined
2022-04-05,-0.013658704065118677,equal_weight,Combined
2022-04-06,-0.016328677696710422,equal_weight,Combined
2022-04-07,0.007364622930832038,equal_weight,Combined
2022-04-08,-0.004348636173546209,equal_weight,Combined
2022-04-11,-0.023264955744011717,equal_weight,Combined
2022-04-12,0.004007312985704973,equal_weight,Combined
2022-04-13,0.013787966587576849,equal_weight,Combined
2022-04-14,-0.005741101907638509,equal_weight,Combined
2022-04-18,0.004428319975481326,equal_weight,Combined
2022-04-19,0.014011769138049194,equal_weight,Combined
2022-04-20,-0.000765378509120579,equal_weight,Combined
2022-04-21,-0.013784294691622687,equal_weight,Combined
2022-04-22,-0.021214101715744404,equal_weight,Combined
2022-04-25,-0.00044088502730586316,equal_weight,Combined
2022-04-26,-0.028544543537565997,equal_weight,Combined
2022-04-27,0.004447883171157322,equal_weight,Combined
2022-04-28,0.016149437880903197,equal_weight,Combined
2022-04-29,-0.03535914037351934,equal_weight,Combined
2022-05-02,0.0030438634196666248,equal_weight,Combined
2022-05-03,0.003564029912301042,equal_weight,Combined
2022-05-04,0.04177919186906608,equal_weight,Combined
2022-05-05,-0.03567404621053816,equal_weight,Combined
2022-05-06,-0.0014604223199472903,equal_weight,Combined
2022-05-09,-0.05231015937226137,equal_weight,Combined
2022-05-10,0.0022894566308399125,equal_weight,Combined
2022-05-11,-0.026863850658016598,equal_weight,Combined
2022-05-12,-0.006284836576940928,equal_weight,Combined
2022-05-13,0.02971034348845338,equal_weight,Combined
2022-05-16,-0.008837458817569869,equal_weight,Combined
2022-05-17,0.02352217655826353,equal_weight,Combined
2022-05-18,-0.036568352952385266,equal_weight,Combined
2022-05-19,0.006398791311356195,equal_weight,Combined
2022-05-20,-0.00472162270689022,equal_weight,Combined
2022-05-23,0.010608109265878497,equal_weight,Combined
2022-05-24,0.005686548913250512,equal_weight,Combined
2022-05-25,0.005888223167806834,equal_weight,Combined
2022-05-26,0.0042446690341475385,equal_weight,Combined
2022-05-27,0.011565068511086298,equal_weight,Combined
2022-05-31,-0.004450962361167223,equal_weight,Combined
2022-06-01,-0.016220122078898152,equal_weight,Combined
2022-06-02,0.016240133807354812,equal_weight,Combined
2022-06-03,-0.01127140329199553,equal_weight,Combined
2022-06-06,0.004473021448710696,equal_weight,Combined
2022-06-07,0.006515504781820811,equal_weight,Combined
2022-06-08,-0.013009352302863542,equal_weight,Combined
2022-06-09,-0.020680984995779597,equal_weight,Combined
2022-06-10,-0.03016926038223657,equal_weight,Combined
2022-06-13,-0.054737652165409836,equal_weight,Combined
2022-06-14,-0.0034627853951064965,equal_weight,Combined
2022-06-15,0.019983917419261744,equal_weight,Combined
2022-06-16,-0.041892255552994244,equal_weight,Combined
2022-06-17,0.002732871883782613,equal_weight,Combined
2022-06-21,0.018731182956851004,equal_weight,Combined
2022-06-22,-0.008861850562642583,equal_weight,Combined
2022-06-23,0.0100016140490976,equal_weight,Combined
2022-06-24,0.030300955456340234,equal_weight,Combined
2022-06-27,-0.0037082095460848016,equal_weight,Combined
2022-06-28,-0.015119424936045182,equal_weight,Combined
2022-06-29,-0.006696225000566496,equal_weight,Combined
2022-06-30,-0.007535848717859894,equal_weight,Combined
2022-07-01,0.005155360012899511,equal_weight,Combined
2022-07-05,-0.008417589662965286,equal_weight,Combined
2022-07-06,0.0027449040675721625,equal_weight,Combined
2022-07-07,0.01812251090033878,equal_weight,Combined
2022-07-08,-0.004392454474492608,equal_weight,Combined
2022-07-11,-0.01564164553513321,equal_weight,Combined
2022-07-12,-0.007135968983798228,equal_weight,Combined
2022-07-13,0.004273844927175245,equal_weight,Combined
2022-07-14,0.00039546183623718,equal_weight,Combined
2022-07-15,0.01772329816929271,equal_weight,Combined
2022-07-18,0.015313114732142499,equal_weight,Combined
2022-07-19,0.025868757750962736,equal_weight,Combined
2022-07-20,-0.003828157409285748,equal_weight,Combined
2022-07-21,0.008552757200913889,equal_weight,Combined
2022-07-22,-0.005418183269914842,equal_weight,Combined
2022-07-25,-0.009139212362314906,equal_weight,Combined
2022-07-26,-0.0033364259038047364,equal_weight,Combined
2022-07-27,0.02792847365268602,equal_weight,Combined
2022-07-28,0.021607122134156633,equal_weight,Combined
2022-07-29,0.007116952121869635,equal_weight,Combined
2022-08-01,-0.003463816514591548,equal_weight,Combined
2022-08-02,-0.01125840552766689,equal_weight,Combined
2022-08-03,0.004307763973303617,equal_weight,Combined
2022-08-04,-0.0011084059539739493,equal_weight,Combined
2022-08-05,0.008947954951706028,equal_weight,Combined
2022-08-08,0.0037225810330289637,equal_weight,Combined
2022-08-09,-0.007945398147576594,equal_weight,Combined
2022-08-10,0.02228558638615794,equal_weight,Combined
2022-08-11,0.00711277305876338,equal_weight,Combined
2022-08-12,0.014744085826509507,equal_weight,Combined
2022-08-15,0.0008230034027234433,equal_weight,Combined
2022-08-16,0.002814440189481564,equal_weight,Combined
2022-08-17,-0.007798589889117788,equal_weight,Combined
2022-08-18,0.0004369317370867693,equal_weight,Combined
2022-08-19,-0.025355329437994716,equal_weight,Combined
2022-08-22,-0.01253747539978588,equal_weight,Combined
2022-08-23,0.004000658103116928,equal_weight,Combined
2022-08-24,0.00068845688620473,equal_weight,Combined
2022-08-25,0.013369768680934337,equal_weight,Combined
2022-08-26,-0.036080888455400716,equal_weight,Combined
2022-08-29,0.005030206035969886,equal_weight,Combined
2022-08-30,-0.015619484591487919,equal_weight,Combined
2022-08-31,-0.005587489685243131,equal_weight,Combined
2022-09-01,0.0034886436672656863,equal_weight,Combined
2022-09-02,-0.007112650662027258,equal_weight,Combined
2022-09-06,-0.01516233427813982,equal_weight,Combined
2022-09-07,0.02288835686256835,equal_weight,Combined
2022-09-08,0.006030335202376025,equal_weight,Combined
2022-09-09,0.021971926470323123,equal_weight,Combined
2022-09-12,0.0058284113141797095,equal_weight,Combined
2022-09-13,-0.045226225201349404,equal_weight,Combined
2022-09-14,0.006167148570890119,equal_weight,Combined
2022-09-15,-0.02152048385872654,equal_weight,Combined
2022-09-16,-0.0038641686411954733,equal_weight,Combined
2022-09-19,0.008872265784185427,equal_weight,Combined
2022-09-20,-0.01295688271740614,equal_weight,Combined
2022-09-21,-0.02065051287760758,equal_weight,Combined
2022-09-22,0.0034980863449201507,equal_weight,Combined
2022-09-23,-0.01666781993710253,equal_weight,Combined
2022-09-26,-0.012939298405620529,equal_weight,Combined
2022-09-27,-0.005605479284624966,equal_weight,Combined
2022-09-28,0.01753455203993805,equal_weight,Combined
2022-09-29,-0.012207247581198729,equal_weight,Combined
2022-09-30,-0.013137197439580911,equal_weight,Combined
2022-10-03,0.030449618306372543,equal_weight,Combined
2022-10-04,0.028809583357177364,equal_weight,Combined
2022-10-05,-0.0034065901150966233,equal_weight,Combined
2022-10-06,-0.010554134887437125,equal_weight,Combined
2022-10-07,-0.020280218445497645,equal_weight,Combined
2022-10-10,-0.012045546445742968,equal_weight,Combined
2022-10-11,-0.005794294732439904,equal_weight,Combined
2022-10-12,-0.004392407956616383,equal_weight,Combined
2022-10-13,0.021919988104568865,equal_weight,Combined
2022-10-14,-0.014943014408954005,equal_weight,Combined
2022-10-17,0.018691664879151738,equal_weight,Combined
2022-10-18,0.007318470900009659,equal_weight,Combined
2022-10-19,-0.010522088707603133,equal_weight,Combined
2022-10-20,-0.0039039696602135364,equal_weight,Combined
2022-10-21,0.022006824865926082,equal_weight,Combined
2022-10-24,0.003431330492379288,equal_weight,Combined
2022-10-25,0.022866863952870093,equal_weight,Combined
2022-10-26,0.008034988239200652,equal_weight,Combined
2022-10-27,-0.003632952115667946,equal_weight,Combined
2022-10-28,0.023573826986520476,equal_weight,Combined
2022-10-31,-0.006095718685837175,equal_weight,Combined
2022-11-01,0.0011665474279613675,equal_weight,Combined
2022-11-02,-0.01673441707622192,equal_weight,Combined
2022-11-03,0.0006162937564336262,equal_weight,Combined
2022-11-04,0.0269031608428341,equal_weight,Combined
2022-11-07,0.006391610036462396,equal_weight,Combined
2022-11-08,-0.013701324476817447,equal_weight,Combined
2022-11-09,-0.042062367229832656,equal_weight,Combined
2022-11-10,0.0675006791956451,equal_weight,Combined
2022-11-11,0.006815255597190178,equal_weight,Combined
2022-11-14,-0.003402631049289914,equal_weight,Combined
2022-11-15,0.010602315236801463,equal_weight,Combined
2022-11-16,-0.011701976878377256,equal_weight,Combined
2022-11-17,-0.0010528206157177627,equal_weight,Combined
2022-11-18,0.004579782972334326,equal_weight,Combined
2022-11-21,-0.0016089717037768834,equal_weight,Combined
2022-11-22,0.01870032919624996,equal_weight,Combined
2022-11-23,0.010489829245412906,equal_weight,Combined
2022-11-25,-0.0004737967332436474,equal_weight,Combined
2022-11-28,-0.01833949459053183,equal_weight,Combined
2022-11-29,0.006229594226936348,equal_weight,Combined
2022-11-30,0.0255155688875327,equal_weight,Combined
2022-12-01,-0.003572930901665892,equal_weight,Combined
2022-12-02,0.0027007363878619552,equal_weight,Combined
2022-12-05,-0.014665870362620128,equal_weight,Combined
2022-12-06,-0.009217703200675513,equal_weight,Combined
2022-12-07,-0.004218368396410738,equal_weight,Combined
2022-12-08,0.009516938329560378,equal_weight,Combined
2022-12-09,-0.00942279328702782,equal_weight,Combined
2022-12-12,0.013429631001319248,equal_weight,Combined
2022-12-13,0.01112670271869061,equal_weight,Combined
2022-12-14,-0.009161190736121408,equal_weight,Combined
2022-12-15,-0.021888844095310084,equal_weight,Combined
2022-12-16,-0.021319753226927002,equal_weight,Combined
2022-12-19,-0.010728852442311063,equal_weight,Combined
2022-12-20,0.00870012313657669,equal_weight,Combined
2022-12-21,0.014259856269343464,equal_weight,Combined
2022-12-22,-0.008621359750384592,equal_weight,Combined
2022-12-23,0.006277644466821742,equal_weight,Combined
2022-12-27,-0.0017391378059759654,equal_weight,Combined
2022-12-28,-0.015186776727050941,equal_weight,Combined
2022-12-29,0.011231947956177225,equal_weight,Combined
2022-12-30,-0.0014994889775808392,equal_weight,Combined
2023-01-03,0.0014249108631881687,equal_weight,Combined
2023-01-04,0.021530127426546655,equal_weight,Combined
2023-01-05,-0.008150576794457375,equal_weight,Combined
2023-01-06,0.023373257614875687,equal_weight,Combined
2023-01-09,0.004700037490849591,equal_weight,Combined
2023-01-10,0.00735110865966385,equal_weight,Combined
2023-01-11,0.013105328625998681,equal_weight,Combined
2023-01-12,0.010156315980829734,equal_weight,Combined
2023-01-13,0.008511948595626748,equal_weight,Combined
2023-01-17,-0.0041944376698762305,equal_weight,Combined
2023-01-18,-0.020443878262173084,equal_weight,Combined
2023-01-19,-0.0022733494822116656,equal_weight,Combined
2023-01-20,0.023514059303050755,equal_weight,Combined
2023-01-23,0.01302064324129035,equal_weight,Combined
2023-01-24,-0.00935320579502124,equal_weight,Combined
2023-01-25,0.006658235723298152,equal_weight,Combined
2023-01-26,0.006728874633475803,equal_weight,Combined
2023-01-27,0.0007719281474348102,equal_weight,Combined
2023-01-30,-0.016294006955992348,equal_weight,Combined
2023-01-31,0.013220029608013516,equal_weight,Combined
2023-02-01,0.009731505056982968,equal_weight,Combined
2023-02-02,-0.0005500485124867096,equal_weight,Combined
2023-02-03,-0.0083410692489316,equal_weight,Combined
2023-02-06,-0.006746947547876076,equal_weight,Combined
2023-02-07,0.015576413927813292,equal_weight,Combined
2023-02-08,-0.010476762630954598,equal_weight,Combined
2023-02-09,-0.017697535698175306,equal_weight,Combined
2023-02-10,0.006180523038854832,equal_weight,Combined
2023-02-13,0.00676179159726665,equal_weight,Combined
2023-02-14,0.004442089540639553,equal_weight,Combined
2023-02-15,0.011134968990990214,equal_weight,Combined
2023-02-16,-0.01891393728273206,equal_weight,Combined
2023-02-17,0.005827864390259856,equal_weight,Combined
2023-02-21,-0.017782639383102143,equal_weight,Combined
2023-02-22,-0.005864817854914084,equal_weight,Combined
2023-02-23,0.002609834842077689,equal_weight,Combined
2023-02-24,-0.01372627903693873,equal_weight,Combined
2023-02-27,0.0007106336017079125,equal_weight,Combined
2023-02-28,-0.005696637618743372,equal_weight,Combined
2023-03-01,0.0034743615811126615,equal_weight,Combined
2023-03-02,0.008291230851856667,equal_weight,Combined
2023-03-03,0.0071001747402618985,equal_weight,Combined
2023-03-06,-0.0021608539506573357,equal_weight,Combined
2023-03-07,-0.01578749718484145,equal_weight,Combined
2023-03-08,-0.001875277968040321,equal_weight,Combined
2023-03-09,-0.024536203840409703,equal_weight,Combined
2023-03-10,-0.011593807963097256,equal_weight,Combined
2023-03-13,0.004382789544936424,equal_weight,Combined
2023-03-14,0.015481833902104157,equal_weight,Combined
2023-03-15,-0.016728436592273462,equal_weight,Combined
2023-03-16,0.01486903532780614,equal_weight,Combined
2023-03-17,0.0007420631691404371,equal_weight,Combined
2023-03-20,0.00375146243901129,equal_weight,Combined
2023-03-21,0.019658805021547755,equal_weight,Combined
2023-03-22,-0.02484603845247792,equal_weight,Combined
2023-03-23,0.009246312215876316,equal_weight,Combined
2023-03-24,0.0018179527117647087,equal_weight,Combined
2023-03-27,0.00037268379532808254,equal_weight,Combined
2023-03-28,0.00631299467802165,equal_weight,Combined
2023-03-29,0.017745844831308602,equal_weight,Combined
2023-03-30,0.003797618035491044,equal_weight,Combined
2023-03-31,0.01412909388152939,equal_weight,Combined
2023-04-03,0.005473537217209086,equal_weight,Combined
2023-04-04,-0.002758518085318804,equal_weight,Combined
2023-04-05,0.0038483831842119694,equal_weight,Combined
2023-04-06,-0.001632453040931714,equal_weight,Combined
2023-04-10,0.0068584890585663754,equal_weight,Combined
2023-04-11,0.0027781488234734186,equal_weight,Combined
2023-04-12,-0.0026424747146835148,equal_weight,Combined
2023-04-13,0.009702366753600434,equal_weight,Combined
2023-04-14,-0.0022719367063586088,equal_weight,Combined
2023-04-17,0.0001852270661380701,equal_weight,Combined
2023-04-18,0.0036803527513123322,equal_weight,Combined
2023-04-19,-0.009925908423353686,equal_weight,Combined
2023-04-20,-0.008568364002944072,equal_weight,Combined
2023-04-21,-0.006889445400750232,equal_weight,Combined
2023-04-24,0.0004305062900748464,equal_weight,Combined
2023-04-25,-0.009650637567961994,equal_weight,Combined
2023-04-26,-0.012523996324433188,equal_weight,Combined
2023-04-27,0.01470703557001306,equal_weight,Combined
2023-04-28,0.008524585878158259,equal_weight,Combined
2023-05-01,-0.00570146063816566,equal_weight,Combined
2023-05-02,-0.011728617620718739,equal_weight,Combined
2023-05-03,-0.009008965374414554,equal_weight,Combined
2023-05-04,-0.006213969164150282,equal_weight,Combined
2023-05-05,0.01804464903028992,equal_weight,Combined
2023-05-08,-0.006554959489218449,equal_weight,Combined
2023-05-09,-0.0008714536635478388,equal_weight,Combined
2023-05-10,-0.001754988869366697,equal_weight,Combined
2023-05-11,-0.010958382402106738,equal_weight,Combined
2023-05-12,0.00040646252329820854,equal_weight,Combined
2023-05-15,0.0051931715604700895,equal_weight,Combined
2023-05-16,-0.01190408038703456,equal_weight,Combined
2023-05-17,0.01275165832915351,equal_weight,Combined
2023-05-18,0.002966872803571791,equal_weight,Combined
2023-05-19,-0.0015144502784157738,equal_weight,Combined
2023-05-22,0.0019826777328277086,equal_weight,Combined
2023-05-23,-0.0045412686415083345,equal_weight,Combined
2023-05-24,-0.012587796060454326,equal_weight,Combined
2023-05-25,0.0001796215698891928,equal_weight,Combined
2023-05-26,0.009530105655791186,equal_weight,Combined
2023-05-30,7.578433379529421e-05,equal_weight,Combined
2023-05-31,-0.005713966401747791,equal_weight,Combined
2023-06-01,0.0031227568803515173,equal_weight,Combined
2023-06-02,0.021328520412707674,equal_weight,Combined
2023-06-05,-0.01417536110529351,equal_weight,Combined
2023-06-06,0.009414201121807915,equal_weight,Combined
2023-06-07,0.0012151655515494283,equal_weight,Combined
2023-06-08,0.004640053398329462,equal_weight,Combined
2023-06-09,-0.004253699654141783,equal_weight,Combined
2023-06-12,0.004438536941679719,equal_weight,Combined
2023-06-13,0.006482162867490409,equal_weight,Combined
2023-06-14,-0.007089354769267448,equal_weight,Combined
2023-06-15,0.009301110782040432,equal_weight,Combined
2023-06-16,0.002319840849433656,equal_weight,Combined
2023-06-20,-0.005993356231431425,equal_weight,Combined
2023-06-21,0.008886569154665692,equal_weight,Combined
2023-06-22,-0.005267702939070902,equal_weight,Combined
2023-06-23,0.006400617430051083,equal_weight,Combined
2023-06-26,0.006565141694990467,equal_weight,Combined
2023-06-27,0.009790980390278444,equal_weight,Combined
2023-06-28,-0.00808080814049297,equal_weight,Combined
2023-06-29,0.010228184796819903,equal_weight,Combined
2023-06-30,0.0226032029912319,equal_weight,Combined
2023-07-03,0.003877257598172458,equal_weight,Combined
2023-07-05,-0.006060561334685032,equal_weight,Combined
2023-07-06,-0.014258838320504312,equal_weight,Combined
2023-07-07,0.003562092659664423,equal_weight,Combined
2023-07-10,0.006097554230657369,equal_weight,Combined
2023-07-11,0.011893023138107533,equal_weight,Combined
2023-07-12,0.006143557144120818,equal_weight,Combined
2023-07-13,0.037260963080475606,equal_weight,Combined
2023-07-14,-0.015765993628187005,equal_weight,Combined
2023-07-17,-0.003649339895416244,equal_weight,Combined
2023-07-18,0.005054130851559698,equal_weight,Combined
2023-07-19,0.009944158028720694,equal_weight,Combined
2023-07-20,0.0014145962126503099,equal_weight,Combined
2023-07-21,0.0034909232161122435,equal_weight,Combined
2023-07-24,-0.001964363174995167,equal_weight,Combined
2023-07-25,0.002921939450274056,equal_weight,Combined
2023-07-26,0.004385740905184214,equal_weight,Combined
2023-07-27,-0.003487624126020716,equal_weight,Combined
2023-07-28,0.004778237695945107,equal_weight,Combined
2023-07-31,0.000723495473357098,equal_weight,Combined
2023-08-01,-0.0016767673196569446,equal_weight,Combined
2023-08-02,-0.01760722554543934,equal_weight,Combined
2023-08-03,-0.007005576565142809,equal_weight,Combined
2023-08-04,-0.003047998051579566,equal_weight,Combined
2023-08-07,0.007853063301314755,equal_weight,Combined
2023-08-08,-0.0004139619684981684,equal_weight,Combined
2023-08-09,-0.0020039056710249,equal_weight,Combined
2023-08-10,-0.0009152087186206454,equal_weight,Combined
2023-08-11,0.0009789535037611969,equal_weight,Combined
2023-08-14,0.00174716454153932,equal_weight,Combined
2023-08-15,-0.01576839806135726,equal_weight,Combined
2023-08-16,-0.013305220169425746,equal_weight,Combined
2023-08-17,-0.018618058375637507,equal_weight,Combined
2023-08-18,0.002471885241369139,equal_weight,Combined
2023-08-21,-0.0020742084303499277,equal_weight,Combined
2023-08-22,-0.0064817016705362865,equal_weight,Combined
2023-08-23,0.011351836612056925,equal_weight,Combined
2023-08-24,-0.012212596412256192,equal_weight,Combined
2023-08-25,0.003910768741890752,equal_weight,Combined
2023-08-28,0.005986453806978164,equal_weight,Combined
2023-08-29,0.019163789948962447,equal_weight,Combined
2023-08-30,-0.002387208164079165,equal_weight,Combined
2023-08-31,-0.008881755663568981,equal_weight,Combined
2023-09-01,0.001219440181121436,equal_weight,Combined
2023-09-05,-0.007538113444384512,equal_weight,Combined
2023-09-06,-0.003237180952029944,equal_weight,Combined
2023-09-07,0.0011196778357605052,equal_weight,Combined
2023-09-08,0.001355175013367869,equal_weight,Combined
2023-09-11,-0.0031409107050021797,equal_weight,Combined
2023-09-12,0.005296249437674423,equal_weight,Combined
2023-09-13,0.001012333704855991,equal_weight,Combined
2023-09-14,0.012813333441212051,equal_weight,Combined
2023-09-15,-0.005808530218916477,equal_weight,Combined
2023-09-18,0.00307322177542228,equal_weight,Combined
2023-09-19,-0.0015119805208430705,equal_weight,Combined
2023-09-20,-0.006164775560719364,equal_weight,Combined
2023-09-21,-0.018790123872734134,equal_weight,Combined
2023-09-22,-0.002574682455493939,equal_weight,Combined
2023-09-25,0.003190848654452438,equal_weight,Combined
2023-09-26,-0.010548755017963485,equal_weight,Combined
2023-09-27,0.00037824047969263534,equal_weight,Combined
2023-09-28,0.0075548927291206,equal_weight,Combined
2023-09-29,1.8517727138480354e-05,equal_weight,Combined
2023-10-02,-0.015670879792627778,equal_weight,Combined
2023-10-03,-0.0071551507392975675,equal_weight,Combined
2023-10-04,0.00016981327522040042,equal_weight,Combined
2023-10-05,-0.003383397491625158,equal_weight,Combined
2023-10-06,0.010446034496043382,equal_weight,Combined
2023-10-09,0.0021486729784539545,equal_weight,Combined
2023-10-10,0.005664866368411877,equal_weight,Combined
2023-10-11,0.0013104718559174367,equal_weight,Combined
2023-10-12,-0.008315333978963658,equal_weight,Combined
2023-10-13,0.0021009296326924033,equal_weight,Combined
2023-10-16,0.013352363471423599,equal_weight,Combined
2023-10-17,-0.0008165491795922446,equal_weight,Combined
2023-10-18,-0.013069182735187833,equal_weight,Combined
2023-10-19,-0.004911795990365634,equal_weight,Combined
2023-10-20,-0.003891431941462769,equal_weight,Combined
2023-10-23,0.004044908075954013,equal_weight,Combined
2023-10-24,0.009045168664367689,equal_weight,Combined
2023-10-25,-0.009453075722180175,equal_weight,Combined
2023-10-26,-0.0018253131376461283,equal_weight,Combined
2023-10-27,-0.010215886757690746,equal_weight,Combined
2023-10-30,0.01035294554855504,equal_weight,Combined
2023-10-31,0.006494664734265533,equal_weight,Combined
2023-11-01,0.007473146689076639,equal_weight,Combined
2023-11-02,0.019716930895427785,equal_weight,Combined
2023-11-03,0.011609533501200536,equal_weight,Combined
2023-11-06,0.0012650560466206792,equal_weight,Combined
2023-11-07,-0.005656820637751129,equal_weight,Combined
2023-11-08,0.0005373236373398131,equal_weight,Combined
2023-11-09,-0.004262813716021547,equal_weight,Combined
2023-11-10,0.011558798455876486,equal_weight,Combined
2023-11-13,-0.0034629506400296493,equal_weight,Combined
2023-11-14,0.015143199718425284,equal_weight,Combined
2023-11-15,0.011433957330833112,equal_weight,Combined
2023-11-16,-0.0049298375794798255,equal_weight,Combined
2023-11-17,0.0024150821575656565,equal_weight,Combined
2023-11-20,0.0016107362148039155,equal_weight,Combined
2023-11-21,-0.010749734228255231,equal_weight,Combined
2023-11-22,0.009313950446122763,equal_weight,Combined
2023-11-24,0.003816234040107991,equal_weight,Combined
2023-11-27,-0.003595268554405201,equal_weight,Combined
2023-11-28,0.0035147730414762253,equal_weight,Combined
2023-11-29,0.0036377976713231897,equal_weight,Combined
2023-11-30,0.004697903801838477,equal_weight,Combined
2023-12-01,0.01043124393858339,equal_weight,Combined
2023-12-04,0.0025456703170938827,equal_weight,Combined
2023-12-05,-0.001319656518620301,equal_weight,Combined
2023-12-06,-0.00037605267178299846,equal_weight,Combined
2023-12-07,0.008122624623117193,equal_weight,Combined
2023-12-08,0.010514856207447796,equal_weight,Combined
2023-12-11,-0.0053279500923371255,equal_weight,Combined
2023-12-12,0.0017231795737992588,equal_weight,Combined
2023-12-13,0.022446754372463178,equal_weight,Combined
2023-12-14,0.013057907022419529,equal_weight,Combined
2023-12-15,-0.009188801625396455,equal_weight,Combined
2023-12-18,-0.0007028288814304657,equal_weight,Combined
2023-12-19,0.004482053154236631,equal_weight,Combined
2023-12-20,-0.00909504004685458,equal_weight,Combined
2023-12-21,0.011473601741572397,equal_weight,Combined
2023-12-22,0.004576504945732433,equal_weight,Combined
2023-12-26,0.0016754512805441288,equal_weight,Combined
2023-12-27,0.009970524194693391,equal_weight,Combined
2023-12-28,-0.000381196456502031,equal_weight,Combined
2023-12-29,-0.005624265916081816,equal_weight,Combined
2022-01-03,-0.002221116725194086,min_variance,Combined
2022-01-04,-0.002361901439986969,min_variance,Combined
2022-01-05,-0.00010517170427937165,min_variance,Combined
2022-01-06,-0.009108601066697454,min_variance,Combined
2022-01-07,0.002996721359166109,min_variance,Combined
2022-01-10,-0.002380721627543377,min_variance,Combined
2022-01-11,0.004935150550891982,min_variance,Combined
2022-01-12,0.004489200881888502,min_variance,Combined
2022-01-13,-0.0015537068430648113,min_variance,Combined
2022-01-14,-0.0017607544339992122,min_variance,Combined
2022-01-18,-0.0038180420089777758,min_variance,Combined
2022-01-19,0.0076723100113226545,min_variance,Combined
2022-01-20,-0.013180108592709919,min_variance,Combined
2022-01-21,-0.003340988351837345,min_variance,Combined
2022-01-24,-0.00288994088310524,min_variance,Combined
2022-01-25,-0.0062694356495532275,min_variance,Combined
2022-01-26,-0.011565168244931586,min_variance,Combined
2022-01-27,0.0012746261977676183,min_variance,Combined
2022-01-28,0.008883881000636348,min_variance,Combined
2022-01-31,0.008375295366365455,min_variance,Combined
2022-02-01,0.0011809053184345677,min_variance,Combined
2022-02-02,0.007675693497984382,min_variance,Combined
2022-02-03,-0.004959434696093442,min_variance,Combined
2022-02-04,-0.007956462139011125,min_variance,Combined
2022-02-07,0.0019000506595218923,min_variance,Combined
2022-02-08,-0.0009488333922791777,min_variance,Combined
2022-02-09,0.0009355060174534627,min_variance,Combined
2022-02-10,-0.015400045339613592,min_variance,Combined
2022-02-11,0.0012848194529128994,min_variance,Combined
2022-02-14,-0.005114590686552043,min_variance,Combined
2022-02-15,0.0029305857291630575,min_variance,Combined
2022-02-16,-0.0005324419723984632,min_variance,Combined
2022-02-17,0.0032606716692571685,min_variance,Combined
2022-02-18,-0.005269464754029744,min_variance,Combined
2022-02-22,-0.005560336691790415,min_variance,Combined
2022-02-23,0.0015863155474459454,min_variance,Combined
2022-02-24,-0.0074814441338102115,min_variance,Combined
2022-02-25,0.02204828184751962,min_variance,Combined
2022-02-28,-0.010465073240806623,min_variance,Combined
2022-03-01,0.0007600441077716918,min_variance,Combined
2022-03-02,0.010629515791153572,min_variance,Combined
2022-03-03,0.009154176170539343,min_variance,Combined
2022-03-04,0.01038257907008145,min_variance,Combined
2022-03-07,-0.00656028651525337,min_variance,Combined
2022-03-08,-0.015149194458317486,min_variance,Combined
2022-03-09,0.005350819298234547,min_variance,Combined
2022-03-10,0.0008994633243111392,min_variance,Combined
2022-03-11,-0.00577364347538053,min_variance,Combined
2022-03-14,-0.0018115415579480904,min_variance,Combined
2022-03-15,0.008612387331446618,min_variance,Combined
2022-03-16,0.0032090885895051033,min_variance,Combined
2022-03-17,0.012304603423539551,min_variance,Combined
2022-03-18,0.00446151312677382,min_variance,Combined
2022-03-21,0.0024337952600229184,min_variance,Combined
2022-03-22,0.0037249161294191143,min_variance,Combined
2022-03-23,-0.007815803676835998,min_variance,Combined
2022-03-24,0.006430271822088607,min_variance,Combined
2022-03-25,0.006996304136809529,min_variance,Combined
2022-03-28,0.007044722159840253,min_variance,Combined
2022-03-29,0.012736152460378077,min_variance,Combined
2022-03-30,0.0032019664135441777,min_variance,Combined
2022-03-31,-0.008736081325205744,min_variance,Combined
2022-04-01,0.009820985588296145,min_variance,Combined
2022-04-04,0.002689054198614096,min_variance,Combined
2022-04-05,-0.003320352307617667,min_variance,Combined
2022-04-06,0.013832177713468131,min_variance,Combined
2022-04-07,0.0036789279902616034,min_variance,Combined
2022-04-08,0.005067749297457329,min_variance,Combined
2022-04-11,-0.010733177189548629,min_variance,Combined
2022-04-12,-0.002655301752307766,min_variance,Combined
2022-04-13,0.0042253198810864945,min_variance,Combined
2022-04-14,0.0022670276360330158,min_variance,Combined
2022-04-18,-0.006716176749508828,min_variance,Combined
2022-04-19,0.009569701964512983,min_variance,Combined
2022-04-20,0.0039172370975628775,min_variance,Combined
2022-04-21,-0.002307565574531957,min_variance,Combined
2022-04-22,-0.014749537100603451,min_variance,Combined
2022-04-25,-0.0006691984507638339,min_variance,Combined
2022-04-26,-0.017056142018989764,min_variance,Combined
2022-04-27,-0.0051263852647428785,min_variance,Combined
2022-04-28,0.014039048043737595,min_variance,Combined
2022-04-29,-0.03275560173485549,min_variance,Combined
2022-05-02,0.0005673839600295077,min_variance,Combined
2022-05-03,0.0038261958100623376,min_variance,Combined
2022-05-04,0.020996667940844895,min_variance,Combined
2022-05-05,-0.013747055122489865,min_variance,Combined
2022-05-06,-0.009438412382097855,min_variance,Combined
2022-05-09,-0.011413679626588498,min_variance,Combined
2022-05-10,-0.009024184953588126,min_variance,Combined
2022-05-11,0.003744998796267924,min_variance,Combined
2022-05-12,0.006644325531656675,min_variance,Combined
2022-05-13,0.008305139504876448,min_variance,Combined
2022-05-16,0.005638780105361566,min_variance,Combined
2022-05-17,-0.01034270655064059,min_variance,Combined
2022-05-18,-0.025045587283801577,min_variance,Combined
2022-05-19,-0.006728528487930472,min_variance,Combined
2022-05-20,0.002136788264613948,min_variance,Combined
2022-05-23,0.01367483021760769,min_variance,Combined
2022-05-24,0.011550765180887343,min_variance,Combined
2022-05-25,0.0023371395583040534,min_variance,Combined
2022-05-26,0.0055584265373858485,min_variance,Combined
2022-05-27,0.010876776108752312,min_variance,Combined
2022-05-31,-0.006152876220214647,min_variance,Combined
2022-06-01,-0.00836294406664639,min_variance,Combined
2022-06-02,0.007248320299450938,min_variance,Combined
2022-06-03,-0.007444016020194148,min_variance,Combined
2022-06-06,-0.004532601888202848,min_variance,Combined
2022-06-07,0.007071472799135308,min_variance,Combined
2022-06-08,-0.010548667116923689,min_variance,Combined
2022-06-09,-0.019653295773751,min_variance,Combined
2022-06-10,-0.00953331337531534,min_variance,Combined
2022-06-13,-0.03174935456163347,min_variance,Combined
2022-06-14,-0.011241912429489704,min_variance,Combined
2022-06-15,0.0052451326392181415,min_variance,Combined
2022-06-16,-0.00774242134200953,min_variance,Combined
2022-06-17,-0.0038332687632803755,min_variance,Combined
2022-06-21,0.02320500804535715,min_variance,Combined
2022-06-22,0.004197439316701588,min_variance,Combined
2022-06-23,0.015329770672332283,min_variance,Combined
2022-06-24,0.015046015056304235,min_variance,Combined
2022-06-27,-0.00249984619744916,min_variance,Combined
2022-06-28,-0.011764468032812201,min_variance,Combined
2022-06-29,0.0015360428825081844,min_variance,Combined
2022-06-30,-0.005422800804843474,min_variance,Combined
2022-07-01,0.01243444635595633,min_variance,Combined
2022-07-05,-0.0033088821263977178,min_variance,Combined
2022-07-06,0.0026963441682509924,min_variance,Combined
2022-07-07,0.002350531425263867,min_variance,Combined
2022-07-08,-0.002610841428389833,min_variance,Combined
2022-07-11,-0.0005614454737768683,min_variance,Combined
2022-07-12,-0.005244219484603407,min_variance,Combined
2022-07-13,-0.0028102655467635643,min_variance,Combined
2022-07-14,-0.0002554815988165633,min_variance,Combined
2022-07-15,0.012297684917708756,min_variance,Combined
2022-07-18,-0.012132031266239542,min_variance,Combined
2022-07-19,0.013457994129225815,min_variance,Combined
2022-07-20,-0.005174295916360271,min_variance,Combined
2022-07-21,0.0016684587604671093,min_variance,Combined
2022-07-22,-0.0006919998730543375,min_variance,Combined
2022-07-25,0.0017274677897294844,min_variance,Combined
2022-07-26,-0.0040374843590563455,min_variance,Combined
2022-07-27,0.006418900339442501,min_variance,Combined
2022-07-28,0.0099338814069807,min_variance,Combined
2022-07-29,0.004036330009038025,min_variance,Combined
2022-08-01,-0.004304378473256614,min_variance,Combined
2022-08-02,-0.008123833347720268,min_variance,Combined
2022-08-03,0.011492110575129208,min_variance,Combined
2022-08-04,-0.0058267496547734846,min_variance,Combined
2022-08-05,-0.0022862847118885433,min_variance,Combined
2022-08-08,0.0038703892338709358,min_variance,Combined
2022-08-09,0.002843804130686854,min_variance,Combined
2022-08-10,0.008960122809416621,min_variance,Combined
2022-08-11,-0.00018217824244915262,min_variance,Combined
2022-08-12,0.016486094325782668,min_variance,Combined
2022-08-15,0.008458035034401895,min_variance,Combined
2022-08-16,0.013333927983166453,min_variance,Combined
2022-08-17,-0.005978570139839367,min_variance,Combined
2022-08-18,-0.002426057140994534,min_variance,Combined
2022-08-19,-0.003946270460844929,min_variance,Combined
2022-08-22,-0.015298748962832554,min_variance,Combined
2022-08-23,-0.0052107937548851666,min_variance,Combined
2022-08-24,-0.000552153719523293,min_variance,Combined
2022-08-25,0.007620824253008667,min_variance,Combined
2022-08-26,-0.022530359780320773,min_variance,Combined
2022-08-29,-0.004992379335952457,min_variance,Combined
2022-08-30,-0.00866334030272684,min_variance,Combined
2022-08-31,-0.005031598480704324,min_variance,Combined
2022-09-01,0.012174030576341621,min_variance,Combined
2022-09-02,-0.01243388689456409,min_variance,Combined
2022-09-06,-0.00432181366703857,min_variance,Combined
2022-09-07,0.017911263789022625,min_variance,Combined
2022-09-08,0.0009046094651517913,min_variance,Combined
2022-09-09,0.010280899837339066,min_variance,Combined
2022-09-12,0.011775963239195249,min_variance,Combined
2022-09-13,-0.028057175904062835,min_variance,Combined
2022-09-14,0.003061785601417745,min_variance,Combined
2022-09-15,-0.010966810559724973,min_variance,Combined
2022-09-16,-0.0006421551236041569,min_variance,Combined
2022-09-19,0.003498233504535382,min_variance,Combined
2022-09-20,-0.01246134638053281,min_variance,Combined
2022-09-21,-0.012774991153445815,min_variance,Combined
2022-09-22,0.0010092256935823397,min_variance,Combined
2022-09-23,-0.015507726246976872,min_variance,Combined
2022-09-26,-0.010242086564236225,min_variance,Combined
2022-09-27,-0.00681098573540994,min_variance,Combined
2022-09-28,0.01856813805737857,min_variance,Combined
2022-09-29,-0.019059301900894048,min_variance,Combined
2022-09-30,-0.016871957411487642,min_variance,Combined
2022-10-03,0.02530127575400131,min_variance,Combined
2022-10-04,0.019848409135968394,min_variance,Combined
2022-10-05,-0.007737683087072269,min_variance,Combined
2022-10-06,-0.01236884387129031,min_variance,Combined
2022-10-07,-0.015711194831863874,min_variance,Combined
2022-10-10,0.003955663818705123,min_variance,Combined
2022-10-11,0.00907409759486517,min_variance,Combined
2022-10-12,-0.007877672973729842,min_variance,Combined
2022-10-13,0.020620772999740744,min_variance,Combined
2022-10-14,-0.01140882040255008,min_variance,Combined
2022-10-17,0.01341282132930021,min_variance,Combined
2022-10-18,0.014176579608327758,min_variance,Combined
2022-10-19,-0.008604161108428595,min_variance,Combined
2022-10-20,-0.0013141043775014192,min_variance,Combined
2022-10-21,0.020712846774121208,min_variance,Combined
2022-10-24,0.01438511581334689,min_variance,Combined
2022-10-25,0.0103540166511186,min_variance,Combined
2022-10-26,0.010235743259903955,min_variance,Combined
2022-10-27,0.0011765040720904153,min_variance,Combined
2022-10-28,0.023305711802159366,min_variance,Combined
2022-10-31,-0.00818097915985197,min_variance,Combined
2022-11-01,-0.001216683619181186,min_variance,Combined
2022-11-02,-0.012283614428844219,min_variance,Combined
2022-11-03,-0.004959157132144252,min_variance,Combined
2022-11-04,0.012015887232451884,min_variance,Combined
2022-11-07,0.00830933420925319,min_variance,Combined
2022-11-08,0.004888323748061502,min_variance,Combined
2022-11-09,-0.010947882897961093,min_variance,Combined
2022-11-10,0.027646417629985657,min_variance,Combined
2022-11-11,-0.0022641183588068357,min_variance,Combined
2022-11-14,-0.005285142958385353,min_variance,Combined
2022-11-15,0.01026219948178949,min_variance,Combined
2022-11-16,-0.0008449623994521535,min_variance,Combined
2022-11-17,0.0012502800809839625,min_variance,Combined
2022-11-18,0.00959451930069553,min_variance,Combined
2022-11-21,0.004441243958485001,min_variance,Combined
2022-11-22,0.009503567123250631,min_variance,Combined
2022-11-23,0.0021435426279945075,min_variance,Combined
2022-11-25,0.0018657618526318918,min_variance,Combined
2022-11-28,-0.009944872402724183,min_variance,Combined
2022-11-29,0.0030733551556445292,min_variance,Combined
2022-11-30,0.017108434729871825,min_variance,Combined
2022-12-01,0.0023483957170402385,min_variance,Combined
2022-12-02,0.0026131532516816052,min_variance,Combined
2022-12-05,-0.009605434437904766,min_variance,Combined
2022-12-06,-0.00652063187836101,min_variance,Combined
2022-12-07,0.002256713164921906,min_variance,Combined
2022-12-08,0.0042133937726919765,min_variance,Combined
2022-12-09,-0.013083191209424597,min_variance,Combined
2022-12-12,0.0092371971860733,min_variance,Combined
2022-12-13,0.0032035877742454706,min_variance,Combined
2022-12-14,-0.001553551310330682,min_variance,Combined
2022-12-15,-0.014750839595346187,min_variance,Combined
2022-12-16,-0.008291972063553456,min_variance,Combined
2022-12-19,-0.0020558467659330076,min_variance,Combined
2022-12-20,0.0007528725643744998,min_variance,Combined
2022-12-21,0.012408909834319259,min_variance,Combined
2022-12-22,-0.005181722857581684,min_variance,Combined
2022-12-23,0.004818387303357887,min_variance,Combined
2022-12-27,0.0017564031868195383,min_variance,Combined
2022-12-28,-0.010930819820242927,min_variance,Combined
2022-12-29,0.008228559931653185,min_variance,Combined
2022-12-30,-0.0014479581615206376,min_variance,Combined
2023-01-03,0.002948270044817469,min_variance,Combined
2023-01-04,0.009166477563253717,min_variance,Combined
2023-01-05,-0.002162551461009283,min_variance,Combined
2023-01-06,0.015907461350974005,min_variance,Combined
2023-01-09,-0.012765787071557913,min_variance,Combined
2023-01-10,0.0021251399257554656,min_variance,Combined
2023-01-11,0.0038124982014914746,min_variance,Combined
2023-01-12,-0.0038202710928301256,min_variance,Combined
2023-01-13,0.002230355836315869,min_variance,Combined
2023-01-17,-0.005925890065194666,min_variance,Combined
2023-01-18,-0.018634791843741255,min_variance,Combined
2023-01-19,-0.004006070328265922,min_variance,Combined
2023-01-20,0.009382593804147275,min_variance,Combined
2023-01-23,0.0034748975624644914,min_variance,Combined
2023-01-24,-0.002020477141641972,min_variance,Combined
2023-01-25,0.0014165387779334986,min_variance,Combined
2023-01-26,0.0008331932786594081,min_variance,Combined
2023-01-27,-0.0031193876475403837,min_variance,Combined
2023-01-30,-0.00433835300286456,min_variance,Combined
2023-01-31,0.008076733560208873,min_variance,Combined
2023-02-01,-0.011684930144156691,min_variance,Combined
2023-02-02,-0.009377117920554068,min_variance,Combined
2023-02-03,-0.00842284742728136,min_variance,Combined
2023-02-06,-0.0012227553297594106,min_variance,Combined
2023-02-07,0.006705584850950144,min_variance,Combined
2023-02-08,-0.007919058629740374,min_variance,Combined
2023-02-09,-0.0013402864109741143,min_variance,Combined
2023-02-10,0.011676308043348804,min_variance,Combined
2023-02-13,0.008817751578651183,min_variance,Combined
2023-02-14,-0.007828702855400108,min_variance,Combined
2023-02-15,0.000649670511427954,min_variance,Combined
2023-02-16,-0.011891886597557993,min_variance,Combined
2023-02-17,0.011294378989306087,min_variance,Combined
2023-02-21,-0.005451107262406646,min_variance,Combined
2023-02-22,-0.004854792277188663,min_variance,Combined
2023-02-23,0.0006851947483394074,min_variance,Combined
2023-02-24,-0.0060303795309957185,min_variance,Combined
2023-02-27,-0.0002387579509177465,min_variance,Combined
2023-02-28,-0.00887427007277338,min_variance,Combined
2023-03-01,-0.0030949319256820687,min_variance,Combined
2023-03-02,0.007778170395226112,min_variance,Combined
2023-03-03,0.006148399985955511,min_variance,Combined
2023-03-06,0.006258149366082621,min_variance,Combined
2023-03-07,-0.010790899307703286,min_variance,Combined
2023-03-08,-0.004702802325036045,min_variance,Combined
2023-03-09,-0.011977722911881355,min_variance,Combined
2023-03-10,-0.004429559967928561,min_variance,Combined
2023-03-13,0.007562509283998127,min_variance,Combined
2023-03-14,0.008361839974019498,min_variance,Combined
2023-03-15,0.003169260798829996,min_variance,Combined
2023-03-16,0.0020608956665143603,min_variance,Combined
2023-03-17,-0.009881717931948376,min_variance,Combined
2023-03-20,0.012308925397754975,min_variance,Combined
2023-03-21,-0.001469426674703527,min_variance,Combined
2023-03-22,-0.014918799810088462,min_variance,Combined
2023-03-23,0.005633028114453105,min_variance,Combined
2023-03-24,0.01677166594950534,min_variance,Combined
2023-03-27,0.0043943824039489755,min_variance,Combined
2023-03-28,0.0003766836594729685,min_variance,Combined
2023-03-29,0.006836186531088837,min_variance,Combined
2023-03-30,0.004238655669035984,min_variance,Combined
2023-03-31,0.008703459497318903,min_variance,Combined
2023-04-03,0.00772978670104497,min_variance,Combined
2023-04-04,0.003561545619619236,min_variance,Combined
2023-04-05,0.013302727421146718,min_variance,Combined
2023-04-06,0.00023834783267963854,min_variance,Combined
2023-04-10,-0.0014103508558030125,min_variance,Combined
2023-04-11,-0.0012643419449239414,min_variance,Combined
2023-04-12,0.0004880900817936135,min_variance,Combined
2023-04-13,0.008400824837505667,min_variance,Combined
2023-04-14,-0.0052622862210323605,min_variance,Combined
2023-04-17,0.0017532591257433954,min_variance,Combined
2023-04-18,-0.0014404588304339884,min_variance,Combined
2023-04-19,0.0008465118640179924,min_variance,Combined
2023-04-20,-0.0020839009408989283,min_variance,Combined
2023-04-21,0.005293596990221932,min_variance,Combined
2023-04-24,0.0030366875895640627,min_variance,Combined
2023-04-25,-0.0020932007060634784,min_variance,Combined
2023-04-26,-0.017766430500194327,min_variance,Combined
2023-04-27,0.002048550726507353,min_variance,Combined
2023-04-28,0.002775623854351021,min_variance,Combined
2023-05-01,0.0007520608818076711,min_variance,Combined
2023-05-02,-0.009226011725334564,min_variance,Combined
2023-05-03,-0.008377405585797547,min_variance,Combined
2023-05-04,0.00033907248434908725,min_variance,Combined
2023-05-05,0.011142183310287799,min_variance,Combined
2023-05-08,-0.0010066159965470226,min_variance,Combined
2023-05-09,-0.004329017546266075,min_variance,Combined
2023-05-10,-0.001088362975513664,min_variance,Combined
2023-05-11,-0.0015596197751486522,min_variance,Combined
2023-05-12,0.001173503740741705,min_variance,Combined
2023-05-15,-0.002562715375742593,min_variance,Combined
2023-05-16,-0.014940086259608302,min_variance,Combined
2023-05-17,-0.0005323479866385696,min_variance,Combined
2023-05-18,0.0012091347162417076,min_variance,Combined
2023-05-19,0.00039190819045950716,min_variance,Combined
2023-05-22,-0.005901724148538005,min_variance,Combined
2023-05-23,-0.0032253983505649967,min_variance,Combined
2023-05-24,-0.005884293262319287,min_variance,Combined
2023-05-25,-0.012429977547954529,min_variance,Combined
2023-05-26,-0.0003573129572388904,min_variance,Combined
2023-05-30,-0.0040576616538590855,min_variance,Combined
2023-05-31,0.006644969456065058,min_variance,Combined
2023-06-01,-0.003464848891659978,min_variance,Combined
2023-06-02,0.011812681706089671,min_variance,Combined
2023-06-05,0.0022334795195022026,min_variance,Combined
2023-06-06,-0.006379620694387677,min_variance,Combined
2023-06-07,0.002355416235141174,min_variance,Combined
2023-06-08,0.007491857191005954,min_variance,Combined
2023-06-09,-0.0007645436825154362,min_variance,Combined
2023-06-12,-0.0015175286227177235,min_variance,Combined
2023-06-13,0.0061202972353376385,min_variance,Combined
2023-06-14,0.00032850335304429514,min_variance,Combined
2023-06-15,0.009703023640109294,min_variance,Combined
2023-06-16,0.00178639204998433,min_variance,Combined
2023-06-20,-0.009023169782209777,min_variance,Combined
2023-06-21,-0.0017089479581518894,min_variance,Combined
2023-06-22,0.005428174342377635,min_variance,Combined
2023-06-23,-0.0062432680241025565,min_variance,Combined
2023-06-26,0.0028158413938230028,min_variance,Combined
2023-06-27,0.001386706374986452,min_variance,Combined
2023-06-28,-0.003789005369624574,min_variance,Combined
2023-06-29,0.0005047088942077556,min_variance,Combined
2023-06-30,0.008156582764616817,min_variance,Combined
2023-07-03,0.004686344114005209,min_variance,Combined
2023-07-05,0.0013717380065947386,min_variance,Combined
2023-07-06,-0.00924917755587567,min_variance,Combined
2023-07-07,-0.012456374362339663,min_variance,Combined
2023-07-10,0.004482560376919635,min_variance,Combined
2023-07-11,0.010473236320013232,min_variance,Combined
2023-07-12,0.0011311549592900945,min_variance,Combined
2023-07-13,0.0016374627556445108,min_variance,Combined
2023-07-14,0.001823380200446719,min_variance,Combined
2023-07-17,-0.003185946781489585,min_variance,Combined
2023-07-18,0.0027872785104533417,min_variance,Combined
2023-07-19,0.0055833150546042865,min_variance,Combined
2023-07-20,0.012130922086521586,min_variance,Combined
2023-07-21,0.007408598281689297,min_variance,Combined
2023-07-24,0.0003984109152979819,min_variance,Combined
2023-07-25,-0.0016382124365196841,min_variance,Combined
2023-07-26,0.001850950254757163,min_variance,Combined
2023-07-27,-0.005847004895279358,min_variance,Combined
2023-07-28,0.0021057458042547748,min_variance,Combined
2023-07-31,-0.00201199297194481,min_variance,Combined
2023-08-01,-0.007314673193760271,min_variance,Combined
2023-08-02,-0.009481319780045953,min_variance,Combined
2023-08-03,-0.00760781096585083,min_variance,Combined
2023-08-04,0.001002301434173885,min_variance,Combined
2023-08-07,0.013006356553631727,min_variance,Combined
2023-08-08,-0.000683945481790942,min_variance,Combined
2023-08-09,0.0013541692118812561,min_variance,Combined
2023-08-10,-0.0006668884451513562,min_variance,Combined
2023-08-11,0.006132028189020048,min_variance,Combined
2023-08-14,-0.0022481313005141643,min_variance,Combined
2023-08-15,-0.006341616571350279,min_variance,Combined
2023-08-16,-0.00322619953728512,min_variance,Combined
2023-08-17,-0.004815606058370839,min_variance,Combined
2023-08-18,0.0020833661121320074,min_variance,Combined
2023-08-21,-0.0028807818517947604,min_variance,Combined
2023-08-22,-0.004636268057732935,min_variance,Combined
2023-08-23,0.009687571488263573,min_variance,Combined
2023-08-24,-0.008615836223205903,min_variance,Combined
2023-08-25,0.0021545395491399623,min_variance,Combined
2023-08-28,0.003060124706956612,min_variance,Combined
2023-08-29,0.0060218098939216445,min_variance,Combined
2023-08-30,0.0007905099984904027,min_variance,Combined
2023-08-31,-0.004740364609789627,min_variance,Combined
2023-09-01,0.0010335536170864596,min_variance,Combined
2023-09-05,-0.009276221732324494,min_variance,Combined
2023-09-06,-0.003427565479964362,min_variance,Combined
2023-09-07,0.007497775654311617,min_variance,Combined
2023-09-08,0.006438359482528174,min_variance,Combined
2023-09-11,0.00306698617645887,min_variance,Combined
2023-09-12,-0.0014691764420062194,min_variance,Combined
2023-09-13,0.0006357449392268139,min_variance,Combined
2023-09-14,0.009978004515371801,min_variance,Combined
2023-09-15,-0.008312856629070334,min_variance,Combined
2023-09-18,0.0013849154526932481,min_variance,Combined
2023-09-19,0.0006554985069797191,min_variance,Combined
2023-09-20,0.0036840678990196826,min_variance,Combined
2023-09-21,-0.012762073208731984,min_variance,Combined
2023-09-22,-0.0011612593795042204,min_variance,Combined
2023-09-25,4.366496097812315e-05,min_variance,Combined
2023-09-26,-0.0063316816356540975,min_variance,Combined
2023-09-27,-0.00639603982346957,min_variance,Combined
2023-09-28,0.001532748535062604,min_variance,Combined
2023-09-29,-0.005094529998114977,min_variance,Combined
2023-10-02,-0.00930187979639117,min_variance,Combined
2023-10-03,-0.00714611110838842,min_variance,Combined
2023-10-04,0.006633519553276411,min_variance,Combined
2023-10-05,-0.005270715099906571,min_variance,Combined
2023-10-06,0.004108043154213728,min_variance,Combined
2023-10-09,0.0069911245778982245,min_variance,Combined
2023-10-10,0.007006344840176445,min_variance,Combined
2023-10-11,0.005556831147284696,min_variance,Combined
2023-10-12,-0.003138498878578355,min_variance,Combined
2023-10-13,0.00366854482436593,min_variance,Combined
2023-10-16,0.00570835821655497,min_variance,Combined
2023-10-17,0.0048001758843652575,min_variance,Combined
2023-10-18,-0.006579177803352055,min_variance,Combined
2023-10-19,-0.007062040992886264,min_variance,Combined
2023-10-20,-0.0009926232138086127,min_variance,Combined
2023-10-23,-0.0068816903110455975,min_variance,Combined
2023-10-24,0.010248812802954378,min_variance,Combined
2023-10-25,-0.005529062363414704,min_variance,Combined
2023-10-26,-0.00145022197455618,min_variance,Combined
2023-10-27,-0.019837477131003062,min_variance,Combined
2023-10-30,0.0014645997843724095,min_variance,Combined
2023-10-31,0.002534880176977818,min_variance,Combined
2023-11-01,0.005689311223534584,min_variance,Combined
2023-11-02,0.01705054384413588,min_variance,Combined
2023-11-03,0.0023738583186430832,min_variance,Combined
2023-11-06,-0.00040810833064411844,min_variance,Combined
2023-11-07,-0.0002867576372420724,min_variance,Combined
2023-11-08,-0.000496273226290189,min_variance,Combined
2023-11-09,-0.012804264717344718,min_variance,Combined
2023-11-10,0.004877934347159666,min_variance,Combined
2023-11-13,0.002975613840406953,min_variance,Combined
2023-11-14,0.00913625135110184,min_variance,Combined
2023-11-15,0.0032653790830381533,min_variance,Combined
2023-11-16,-0.011207326467008644,min_variance,Combined
2023-11-17,-0.0007710367483365252,min_variance,Combined
2023-11-20,0.0038220707865262325,min_variance,Combined
2023-11-21,0.0017627356461842347,min_variance,Combined
2023-11-22,0.00015471256074865171,min_variance,Combined
2023-11-24,0.004242388444108221,min_variance,Combined
2023-11-27,2.3931880485185994e-05,min_variance,Combined
2023-11-28,0.0012633206726823925,min_variance,Combined
2023-11-29,-0.00103462506917914,min_variance,Combined
2023-11-30,0.009524198064575379,min_variance,Combined
2023-12-01,0.0050925889233371675,min_variance,Combined
2023-12-04,0.003750715015605614,min_variance,Combined
2023-12-05,0.0018065614172181892,min_variance,Combined
2023-12-06,-0.003028459051534776,min_variance,Combined
2023-12-07,-0.0034599339939381823,min_variance,Combined
2023-12-08,-0.0014776963416798332,min_variance,Combined
2023-12-11,0.005374899316929961,min_variance,Combined
2023-12-12,0.003162550511032545,min_variance,Combined
2023-12-13,0.019728233789016277,min_variance,Combined
2023-12-14,-0.0021043041706976877,min_variance,Combined
2023-12-15,-0.006722092969795866,min_variance,Combined
2023-12-18,0.0027818458027339173,min_variance,Combined
2023-12-19,0.004524499233744111,min_variance,Combined
2023-12-20,-0.012576260378273934,min_variance,Combined
2023-12-21,0.008147688799520584,min_variance,Combined
2023-12-22,0.008375365551373588,min_variance,Combined
2023-12-26,0.0010557296708062261,min_variance,Combined
2023-12-27,0.0032020533581096342,min_variance,Combined
2023-12-28,0.0019875465592324366,min_variance,Combined
2023-12-29,-0.0004570002810800105,min_variance,Combined
2022-01-03,-0.007920176354435586,max_sharpe,Combined
2022-01-04,-0.007505527548974897,max_sharpe,Combined
2022-01-05,-0.03321508133596402,max_sharpe,Combined
2022-01-06,0.007346700872940405,max_sharpe,Combined
2022-01-07,-0.02874655997838419,max_sharpe,Combined
2022-01-10,-0.003468216520763759,max_sharpe,Combined
2022-01-11,0.017145445513032428,max_sharpe,Combined
2022-01-12,0.022847928040374662,max_sharpe,Combined
2022-01-13,-0.02934086417436271,max_sharpe,Combined
2022-01-14,0.00749379575816073,max_sharpe,Combined
2022-01-18,-0.024231416687747753,max_sharpe,Combined
2022-01-19,-0.021617273320963477,max_sharpe,Combined
2022-01-20,-0.028116880760115554,max_sharpe,Combined
2022-01-21,-0.04080175377513074,max_sharpe,Combined
2022-01-24,-0.006290121891054089,max_sharpe,Combined
2022-01-25,-0.015590353463978922,max_sharpe,Combined
2022-01-26,0.0036552893262166582,max_sharpe,Combined
2022-01-27,-0.01786833376630964,max_sharpe,Combined
2022-01-28,0.0303641286371175,max_sharpe,Combined
2022-01-31,0.028199036792417153,max_sharpe,Combined
2022-02-01,0.02031625400935712,max_sharpe,Combined
2022-02-02,0.0069434540458875324,max_sharpe,Combined
2022-02-03,-0.01107298894523757,max_sharpe,Combined
2022-02-04,0.013638530408192072,max_sharpe,Combined
2022-02-07,0.014265254672371469,max_sharpe,Combined
2022-02-08,0.0061858296390038085,max_sharpe,Combined
2022-02-09,0.017999072321459635,max_sharpe,Combined
2022-02-10,-0.021738290600848743,max_sharpe,Combined
2022-02-11,-0.03032316530103958,max_sharpe,Combined
2022-02-14,0.005562810375838808,max_sharpe,Combined
2022-02-15,0.03485692091260168,max_sharpe,Combined
2022-02-16,-0.0024092570346055647,max_sharpe,Combined
2022-02-17,-0.03348738518265248,max_sharpe,Combined
2022-02-18,-0.011190530251284546,max_sharpe,Combined
2022-02-22,0.001990616122750522,max_sharpe,Combined
2022-02-23,-0.01393770292345394,max_sharpe,Combined
2022-02-24,0.015144678069332573,max_sharpe,Combined
2022-02-25,0.026790716628442755,max_sharpe,Combined
2022-02-28,0.019608563665744493,max_sharpe,Combined
2022-03-01,-0.007977233126539673,max_sharpe,Combined
2022-03-02,0.018977241263619216,max_sharpe,Combined
2022-03-03,-0.005950485641504524,max_sharpe,Combined
2022-03-04,-0.012000229200242643,max_sharpe,Combined
2022-03-07,-0.024721230730484812,max_sharpe,Combined
2022-03-08,-0.006960411332774373,max_sharpe,Combined
2022-03-09,0.03102162999581643,max_sharpe,Combined
2022-03-10,-0.005188502448246069,max_sharpe,Combined
2022-03-11,-0.00822257887372206,max_sharpe,Combined
2022-03-14,-0.0008728620975513577,max_sharpe,Combined
2022-03-15,0.018730624924335786,max_sharpe,Combined
2022-03-16,0.021728577978614314,max_sharpe,Combined
2022-03-17,0.010223797637420647,max_sharpe,Combined
2022-03-18,0.009437214911357655,max_sharpe,Combined
2022-03-21,0.012469550998378643,max_sharpe,Combined
2022-03-22,0.008066068420172729,max_sharpe,Combined
2022-03-23,0.003714994265117376,max_sharpe,Combined
2022-03-24,0.0227079235742384,max_sharpe,Combined
2022-03-25,0.006996282119337434,max_sharpe,Combined
2022-03-28,0.004690547326519225,max_sharpe,Combined
2022-03-29,0.0067504345720127736,max_sharpe,Combined
2022-03-30,-0.004479213752849124,max_sharpe,Combined
2022-03-31,-0.017968415242302943,max_sharpe,Combined
2022-04-01,-0.0009750884203415695,max_sharpe,Combined
2022-04-04,-0.0016540175724542767,max_sharpe,Combined
2022-04-05,-0.006123677222034934,max_sharpe,Combined
2022-04-06,0.007380620034467424,max_sharpe,Combined
2022-04-07,0.014603698169669915,max_sharpe,Combined
2022-04-08,-0.0008687783341082275,max_sharpe,Combined
2022-04-11,-0.025733325352036023,max_sharpe,Combined
2022-04-12,0.003425604403590195,max_sharpe,Combined
2022-04-13,-0.003100065417175424,max_sharpe,Combined
2022-04-14,0.003972326633409281,max_sharpe,Combined
2022-04-18,0.0044133710486907235,max_sharpe,Combined
2022-04-19,-0.0013089867452288633,max_sharpe,Combined
2022-04-20,0.0005422768752778778,max_sharpe,Combined
2022-04-21,-0.008767423196263315,max_sharpe,Combined
2022-04-22,-0.03177676411088066,max_sharpe,Combined
2022-04-25,-0.0001523745144540335,max_sharpe,Combined
2022-04-26,-0.01589454206096125,max_sharpe,Combined
2022-04-27,0.0038043341322476884,max_sharpe,Combined
2022-04-28,0.013602763422427888,max_sharpe,Combined
2022-04-29,-0.053720479090722605,max_sharpe,Combined
2022-05-02,-0.004241209097500314,max_sharpe,Combined
2022-05-03,0.002432985943713887,max_sharpe,Combined
2022-05-04,0.013845968433327732,max_sharpe,Combined
2022-05-05,-0.02946731858173845,max_sharpe,Combined
2022-05-06,-0.015531654039065092,max_sharpe,Combined
2022-05-09,-0.05237778165946814,max_sharpe,Combined
2022-05-10,0.005751126795242002,max_sharpe,Combined
2022-05-11,-0.014005036066673191,max_sharpe,Combined
2022-05-12,0.0012876992056472703,max_sharpe,Combined
2022-05-13,0.012716488843202088,max_sharpe,Combined
2022-05-16,-0.0034172942604818258,max_sharpe,Combined
2022-05-17,0.008919066207953437,max_sharpe,Combined
2022-05-18,-0.0353886917438776,max_sharpe,Combined
2022-05-19,0.007265245497696199,max_sharpe,Combined
2022-05-20,-0.0026900264072727467,max_sharpe,Combined
2022-05-23,0.010645807445270288,max_sharpe,Combined
2022-05-24,0.0036304747977085896,max_sharpe,Combined
2022-05-25,0.013840403341200475,max_sharpe,Combined
2022-05-26,0.007822114509211438,max_sharpe,Combined
2022-05-27,0.01837576678795715,max_sharpe,Combined
2022-05-31,-0.017910375622060225,max_sharpe,Combined
2022-06-01,-0.010364489249148451,max_sharpe,Combined
2022-06-02,0.010940901250396274,max_sharpe,Combined
2022-06-03,-0.006209562913529604,max_sharpe,Combined
2022-06-06,-0.007058122081667012,max_sharpe,Combined
2022-06-07,0.01746696362769154,max_sharpe,Combined
2022-06-08,-0.022194217152372197,max_sharpe,Combined
2022-06-09,-0.02866409430409224,max_sharpe,Combined
2022-06-10,-0.017826946288396293,max_sharpe,Combined
2022-06-13,-0.044487215748302104,max_sharpe,Combined
2022-06-14,-0.0015369579058334562,max_sharpe,Combined
2022-06-15,0.01436049835231638,max_sharpe,Combined
2022-06-16,-0.0188932874898031,max_sharpe,Combined
2022-06-17,-0.0042701856696770735,max_sharpe,Combined
2022-06-21,0.022065103559437683,max_sharpe,Combined
2022-06-22,0.002847268193479219,max_sharpe,Combined
2022-06-23,0.005693240429060374,max_sharpe,Combined
2022-06-24,0.026577980968329962,max_sharpe,Combined
2022-06-27,0.00203607348455104,max_sharpe,Combined
2022-06-28,-0.006483830747787264,max_sharpe,Combined
2022-06-29,-0.004718380898825368,max_sharpe,Combined
2022-06-30,-0.0034894821878666926,max_sharpe,Combined
2022-07-01,0.00890900112589494,max_sharpe,Combined
2022-07-05,-0.005163792718678828,max_sharpe,Combined
2022-07-06,0.0021098916197878083,max_sharpe,Combined
2022-07-07,0.006651655697233817,max_sharpe,Combined
2022-07-08,-0.000915258960457675,max_sharpe,Combined
2022-07-11,-0.004766780988533293,max_sharpe,Combined
2022-07-12,-0.01150166790170143,max_sharpe,Combined
2022-07-13,-0.001144661164576849,max_sharpe,Combined
2022-07-14,-0.001324370476456378,max_sharpe,Combined
2022-07-15,0.019382533977944465,max_sharpe,Combined
2022-07-18,-0.006217749867597679,max_sharpe,Combined
2022-07-19,0.017115587744511693,max_sharpe,Combined
2022-07-20,-0.004046495002062598,max_sharpe,Combined
2022-07-21,0.010676967923489242,max_sharpe,Combined
2022-07-22,-0.005574231452597986,max_sharpe,Combined
2022-07-25,0.014113551217090185,max_sharpe,Combined
2022-07-26,-0.0003289004503213934,max_sharpe,Combined
2022-07-27,0.007543460069466923,max_sharpe,Combined
2022-07-28,0.015904002807000564,max_sharpe,Combined
2022-07-29,0.005265494107026061,max_sharpe,Combined
2022-08-01,-0.008694245249269872,max_sharpe,Combined
2022-08-02,-0.007587671188815486,max_sharpe,Combined
2022-08-03,0.002708255635480048,max_sharpe,Combined
2022-08-04,-0.0028755103897893756,max_sharpe,Combined
2022-08-05,0.005358043303138161,max_sharpe,Combined
2022-08-08,0.008535619815886169,max_sharpe,Combined
2022-08-09,0.014597339583998439,max_sharpe,Combined
2022-08-10,0.01015373845487501,max_sharpe,Combined
2022-08-11,0.008240394993278218,max_sharpe,Combined
2022-08-12,0.010169545804791931,max_sharpe,Combined
2022-08-15,0.0004520802607176561,max_sharpe,Combined
2022-08-16,-0.0017096688622369126,max_sharpe,Combined
2022-08-17,-0.002650252529783563,max_sharpe,Combined
2022-08-18,0.004151884395699781,max_sharpe,Combined
2022-08-19,0.002539605319685554,max_sharpe,Combined
2022-08-22,-0.01593236066327025,max_sharpe,Combined
2022-08-23,0.0029545086863499988,max_sharpe,Combined
2022-08-24,0.0034705362906119253,max_sharpe,Combined
2022-08-25,0.01678534168953422,max_sharpe,Combined
2022-08-26,-0.0202009381392258,max_sharpe,Combined
2022-08-29,-0.0001057729900834516,max_sharpe,Combined
2022-08-30,-0.0210772934941089,max_sharpe,Combined
2022-08-31,-0.008792804434349292,max_sharpe,Combined
2022-09-01,0.008659110845171713,max_sharpe,Combined
2022-09-02,-0.008977354515629593,max_sharpe,Combined
2022-09-06,0.0006084187739343685,max_sharpe,Combined
2022-09-07,0.011025702032225825,max_sharpe,Combined
2022-09-08,-0.0008839775220207786,max_sharpe,Combined
2022-09-09,0.008612840518080908,max_sharpe,Combined
2022-09-12,0.005009485724051039,max_sharpe,Combined
2022-09-13,-0.027902070269213188,max_sharpe,Combined
2022-09-14,-0.00010157224387106326,max_sharpe,Combined
2022-09-15,-0.02426727843632018,max_sharpe,Combined
2022-09-16,-0.0020592185723602415,max_sharpe,Combined
2022-09-19,0.00480382483890598,max_sharpe,Combined
2022-09-20,-0.016742500529111748,max_sharpe,Combined
2022-09-21,-0.017489818208197425,max_sharpe,Combined
2022-09-22,-0.002682531490914374,max_sharpe,Combined
2022-09-23,-0.017109030706193913,max_sharpe,Combined
2022-09-26,-0.017383150151917832,max_sharpe,Combined
2022-09-27,-0.005133789902936786,max_sharpe,Combined
2022-09-28,0.019677148516588857,max_sharpe,Combined
2022-09-29,-0.018490928327141474,max_sharpe,Combined
2022-09-30,-0.010561821222870226,max_sharpe,Combined
2022-10-03,0.026968474173816693,max_sharpe,Combined
2022-10-04,0.025007080319389342,max_sharpe,Combined
2022-10-05,0.003804408715794894,max_sharpe,Combined
2022-10-06,-0.004947513354823801,max_sharpe,Combined
2022-10-07,-0.013876182350057465,max_sharpe,Combined
2022-10-10,-0.013454347947861206,max_sharpe,Combined
2022-10-11,0.003059570260755789,max_sharpe,Combined
2022-10-12,-0.004542188395727378,max_sharpe,Combined
2022-10-13,0.02792358752002154,max_sharpe,Combined
2022-10-14,-0.014733437817551681,max_sharpe,Combined
2022-10-17,0.01837886160979292,max_sharpe,Combined
2022-10-18,0.00796600592903929,max_sharpe,Combined
2022-10-19,-0.008782407856443204,max_sharpe,Combined
2022-10-20,0.001481860908098665,max_sharpe,Combined
2022-10-21,0.0265622962469738,max_sharpe,Combined
2022-10-24,0.004807159583509939,max_sharpe,Combined
2022-10-25,0.011102646713258635,max_sharpe,Combined
2022-10-26,0.010569820710974795,max_sharpe,Combined
2022-10-27,-0.0024393498195962827,max_sharpe,Combined
2022-10-28,0.0006366134865575028,max_sharpe,Combined
2022-10-31,-0.005071173098497578,max_sharpe,Combined
2022-11-01,0.005237446781390012,max_sharpe,Combined
2022-11-02,-0.03240337482296253,max_sharpe,Combined
2022-11-03,0.005350071968826098,max_sharpe,Combined
2022-11-04,0.011392085714062038,max_sharpe,Combined
2022-11-07,0.012898772883539163,max_sharpe,Combined
2022-11-08,0.004423734359575163,max_sharpe,Combined
2022-11-09,-0.030525190489518024,max_sharpe,Combined
2022-11-10,0.03417509408125896,max_sharpe,Combined
2022-11-11,0.004977040440522503,max_sharpe,Combined
2022-11-14,0.0036243035515251968,max_sharpe,Combined
2022-11-15,0.005455933503405968,max_sharpe,Combined
2022-11-16,-0.010339030598666147,max_sharpe,Combined
2022-11-17,0.001543629457146737,max_sharpe,Combined
2022-11-18,0.006066496401297419,max_sharpe,Combined
2022-11-21,0.005289731999557529,max_sharpe,Combined
2022-11-22,0.02076428167200591,max_sharpe,Combined
2022-11-23,-0.0041200098530747,max_sharpe,Combined
2022-11-25,0.00018235966034048007,max_sharpe,Combined
2022-11-28,-0.018648557130139912,max_sharpe,Combined
2022-11-29,0.004438325606684154,max_sharpe,Combined
2022-11-30,0.016494745762532285,max_sharpe,Combined
2022-12-01,-0.004081566427018011,max_sharpe,Combined
2022-12-02,0.005349707482491085,max_sharpe,Combined
2022-12-05,-0.014054475644438489,max_sharpe,Combined
2022-12-06,-0.00958450356518626,max_sharpe,Combined
2022-12-07,0.0017064379724486434,max_sharpe,Combined
2022-12-08,0.009205818657617113,max_sharpe,Combined
2022-12-09,-0.015275901924592801,max_sharpe,Combined
2022-12-12,0.013120437905035255,max_sharpe,Combined
2022-12-13,0.0073465884490187885,max_sharpe,Combined
2022-12-14,-0.0021160256920684894,max_sharpe,Combined
2022-12-15,-0.020001902458852753,max_sharpe,Combined
2022-12-16,-0.012257309811347154,max_sharpe,Combined
2022-12-19,-0.000923405351653057,max_sharpe,Combined
2022-12-20,0.0018798298000132162,max_sharpe,Combined
2022-12-21,0.01283312944825831,max_sharpe,Combined
2022-12-22,-0.007138624813654596,max_sharpe,Combined
2022-12-23,0.008686839930156747,max_sharpe,Combined
2022-12-27,0.004348189011658103,max_sharpe,Combined
2022-12-28,-0.013224062149791802,max_sharpe,Combined
2022-12-29,0.005829693755368496,max_sharpe,Combined
2022-12-30,0.0012542332512941732,max_sharpe,Combined
2023-01-03,-0.013098081047448197,max_sharpe,Combined
2023-01-04,0.012837437258652043,max_sharpe,Combined
2023-01-05,0.008651117458409753,max_sharpe,Combined
2023-01-06,0.022379246435345168,max_sharpe,Combined
2023-01-09,-0.02603875061098047,max_sharpe,Combined
2023-01-10,0.013119630721527917,max_sharpe,Combined
2023-01-11,0.0023970001183812244,max_sharpe,Combined
2023-01-12,-0.0007306243290115086,max_sharpe,Combined
2023-01-13,0.005581469258598928,max_sharpe,Combined
2023-01-17,-0.007852607993503239,max_sharpe,Combined
2023-01-18,-0.020443144827068084,max_sharpe,Combined
2023-01-19,0.0025191981450084296,max_sharpe,Combined
2023-01-20,0.00914850038484508,max_sharpe,Combined
2023-01-23,-0.0024534448923257653,max_sharpe,Combined
2023-01-24,-0.0013221247956522197,max_sharpe,Combined
2023-01-25,0.0014393550169691642,max_sharpe,Combined
2023-01-26,0.015819024175797926,max_sharpe,Combined
2023-01-27,-0.010202054810495015,max_sharpe,Combined
2023-01-30,-0.00896141525351781,max_sharpe,Combined
2023-01-31,0.014490748466097022,max_sharpe,Combined
2023-02-01,-0.0026992530884626465,max_sharpe,Combined
2023-02-02,-0.023143280524688108,max_sharpe,Combined
2023-02-03,0.0013408890315210608,max_sharpe,Combined
2023-02-06,-0.006914226170300264,max_sharpe,Combined
2023-02-07,0.009359047664189057,max_sharpe,Combined
2023-02-08,-0.0038371027051885996,max_sharpe,Combined
2023-02-09,-0.00045456531235631,max_sharpe,Combined
2023-02-10,0.022004682480425985,max_sharpe,Combined
2023-02-13,0.006099126926482972,max_sharpe,Combined
2023-02-14,-0.0010346014525181653,max_sharpe,Combined
2023-02-15,-0.005099414003289612,max_sharpe,Combined
2023-02-16,-0.00900788778870582,max_sharpe,Combined
2023-02-17,-0.004545549427889224,max_sharpe,Combined
2023-02-21,-0.005221375819813357,max_sharpe,Combined
2023-02-22,-0.007985117631166922,max_sharpe,Combined
2023-02-23,0.006475822163184653,max_sharpe,Combined
2023-02-24,-0.0037654821351780763,max_sharpe,Combined
2023-02-27,0.0035062364472712992,max_sharpe,Combined
2023-02-28,-0.004624020266881402,max_sharpe,Combined
2023-03-01,0.00958095703697845,max_sharpe,Combined
2023-03-02,0.008561517593727272,max_sharpe,Combined
2023-03-03,0.008410813184091785,max_sharpe,Combined
2023-03-06,0.005658408974645381,max_sharpe,Combined
2023-03-07,-0.011803515480967964,max_sharpe,Combined
2023-03-08,-0.013773019382896374,max_sharpe,Combined
2023-03-09,-0.015054525410063533,max_sharpe,Combined
2023-03-10,-0.008783464838316228,max_sharpe,Combined
2023-03-13,-0.006749814032754422,max_sharpe,Combined
2023-03-14,0.013190548814209025,max_sharpe,Combined
2023-03-15,-0.020205899960437368,max_sharpe,Combined
2023-03-16,0.003561583814904561,max_sharpe,Combined
2023-03-17,-0.013912731432751662,max_sharpe,Combined
2023-03-20,0.0171284805032201,max_sharpe,Combined
2023-03-21,0.014162444719570176,max_sharpe,Combined
2023-03-22,-0.018496461483081282,max_sharpe,Combined
2023-03-23,0.0018919332956852837,max_sharpe,Combined
2023-03-24,0.00618681353181725,max_sharpe,Combined
2023-03-27,0.009658678573808232,max_sharpe,Combined
2023-03-28,-0.0017640469580169208,max_sharpe,Combined
2023-03-29,0.005055180073443689,max_sharpe,Combined
2023-03-30,0.00671744065478065,max_sharpe,Combined
2023-03-31,0.009195039311435092,max_sharpe,Combined
2023-04-03,0.021172970228176078,max_sharpe,Combined
2023-04-04,-0.014513381672749895,max_sharpe,Combined
2023-04-05,0.011562342119905332,max_sharpe,Combined
2023-04-06,-0.001984794919604293,max_sharpe,Combined
2023-04-10,0.0016304562817499196,max_sharpe,Combined
2023-04-11,0.0013158048579591925,max_sharpe,Combined
2023-04-12,0.0028998290436761786,max_sharpe,Combined
2023-04-13,0.009160374172786284,max_sharpe,Combined
2023-04-14,-0.0017844825117415972,max_sharpe,Combined
2023-04-17,-0.004542987658097474,max_sharpe,Combined
2023-04-18,0.0035909556989549155,max_sharpe,Combined
2023-04-19,0.0001187227691816847,max_sharpe,Combined
2023-04-20,-0.0019907952284273487,max_sharpe,Combined
2023-04-21,0.00415527573807288,max_sharpe,Combined
2023-04-24,0.009669500498925265,max_sharpe,Combined
2023-04-25,-0.004847278162884817,max_sharpe,Combined
2023-04-26,-0.014944473578055424,max_sharpe,Combined
2023-04-27,-0.018786457495255,max_sharpe,Combined
2023-04-28,0.010747402427636136,max_sharpe,Combined
2023-05-01,0.0029837398988198567,max_sharpe,Combined
2023-05-02,-0.013986689536547973,max_sharpe,Combined
2023-05-03,-0.01130748958368798,max_sharpe,Combined
2023-05-04,-0.012582807169864672,max_sharpe,Combined
2023-05-05,0.01374664246697651,max_sharpe,Combined
2023-05-08,0.002761835907122204,max_sharpe,Combined
2023-05-09,-0.006643848000109748,max_sharpe,Combined
2023-05-10,-0.002295220296448093,max_sharpe,Combined
2023-05-11,-0.004456835196773872,max_sharpe,Combined
2023-05-12,-0.0020213900196108174,max_sharpe,Combined
2023-05-15,-0.00017316700880085458,max_sharpe,Combined
2023-05-16,-0.008089383657962319,max_sharpe,Combined
2023-05-17,0.003675272100553364,max_sharpe,Combined
2023-05-18,0.0032305823041986494,max_sharpe,Combined
2023-05-19,0.008074244763510763,max_sharpe,Combined
2023-05-22,-0.006963705648707609,max_sharpe,Combined
2023-05-23,-0.005925882634848883,max_sharpe,Combined
2023-05-24,0.0012865064435560744,max_sharpe,Combined
2023-05-25,0.015381566232863814,max_sharpe,Combined
2023-05-26,-0.004435450858219336,max_sharpe,Combined
2023-05-30,-0.008511194807836645,max_sharpe,Combined
2023-05-31,-0.003783785963148402,max_sharpe,Combined
2023-06-01,0.0068079818074558264,max_sharpe,Combined
2023-06-02,0.01614317611359276,max_sharpe,Combined
2023-06-05,0.0008773621245321137,max_sharpe,Combined
2023-06-06,-0.014799623169810532,max_sharpe,Combined
2023-06-07,-0.0050621979874630706,max_sharpe,Combined
2023-06-08,0.012512556563874441,max_sharpe,Combined
2023-06-09,0.0010676398151215835,max_sharpe,Combined
2023-06-12,-0.0033019290152491517,max_sharpe,Combined
2023-06-13,0.006912761785874913,max_sharpe,Combined
2023-06-14,0.0009793607166984114,max_sharpe,Combined
2023-06-15,0.0037525872718032647,max_sharpe,Combined
2023-06-16,-0.0006464275793294239,max_sharpe,Combined
2023-06-20,0.0016727994122870088,max_sharpe,Combined
2023-06-21,0.0035703317274442797,max_sharpe,Combined
2023-06-22,0.009777928666933043,max_sharpe,Combined
2023-06-23,-0.0023651741089906297,max_sharpe,Combined
2023-06-26,-0.008162690902774557,max_sharpe,Combined
2023-06-27,0.004933629450687375,max_sharpe,Combined
2023-06-28,-0.004586314419423761,max_sharpe,Combined
2023-06-29,0.007452925727376298,max_sharpe,Combined
2023-06-30,0.016077550609962556,max_sharpe,Combined
2023-07-03,-0.003349416533069767,max_sharpe,Combined
2023-07-05,-0.002913041747287858,max_sharpe,Combined
2023-07-06,-0.018864599358403088,max_sharpe,Combined
2023-07-07,-0.008579679899665595,max_sharpe,Combined
2023-07-10,0.005705224951037183,max_sharpe,Combined
2023-07-11,0.00185380687231162,max_sharpe,Combined
2023-07-12,0.0024490917380459902,max_sharpe,Combined
2023-07-13,-0.0026485391175040786,max_sharpe,Combined
2023-07-14,-0.0055151491135842605,max_sharpe,Combined
2023-07-17,-0.0046039350913692646,max_sharpe,Combined
2023-07-18,0.0044021677839123155,max_sharpe,Combined
2023-07-19,0.0009886702880386599,max_sharpe,Combined
2023-07-20,0.012697542068623209,max_sharpe,Combined
2023-07-21,0.007237632870937933,max_sharpe,Combined
2023-07-24,-0.0005761244791452062,max_sharpe,Combined
2023-07-25,-0.00018144276166945204,max_sharpe,Combined
2023-07-26,-0.004123491122463836,max_sharpe,Combined
2023-07-27,-0.0018048278614591151,max_sharpe,Combined
2023-07-28,0.004375829573880116,max_sharpe,Combined
2023-07-31,0.008680959112763332,max_sharpe,Combined
2023-08-01,-0.008725862653002863,max_sharpe,Combined
2023-08-02,-0.008900704493817286,max_sharpe,Combined
2023-08-03,0.0028798450969718422,max_sharpe,Combined
2023-08-04,-0.004513866393693246,max_sharpe,Combined
2023-08-07,0.009395125051404583,max_sharpe,Combined
2023-08-08,-0.0011553418506183423,max_sharpe,Combined
2023-08-09,-0.0023280686993870656,max_sharpe,Combined
2023-08-10,-0.0006123079098884486,max_sharpe,Combined
2023-08-11,0.008136589930306653,max_sharpe,Combined
2023-08-14,0.014335485008182429,max_sharpe,Combined
2023-08-15,-0.008576720373900844,max_sharpe,Combined
2023-08-16,-0.007320399056937975,max_sharpe,Combined
2023-08-17,0.0037327376673823866,max_sharpe,Combined
2023-08-18,0.005573065571731967,max_sharpe,Combined
2023-08-21,0.010413432915208819,max_sharpe,Combined
2023-08-22,-0.016069688557332915,max_sharpe,Combined
2023-08-23,0.011783337648471625,max_sharpe,Combined
2023-08-24,-0.008446220661494766,max_sharpe,Combined
2023-08-25,0.0038454639317022704,max_sharpe,Combined
2023-08-28,0.002501097604207213,max_sharpe,Combined
2023-08-29,0.011230876624809408,max_sharpe,Combined
2023-08-30,0.005628043159346977,max_sharpe,Combined
2023-08-31,-0.0040660216688985515,max_sharpe,Combined
2023-09-01,0.009423609710170285,max_sharpe,Combined
2023-09-05,-0.007253658819429066,max_sharpe,Combined
2023-09-06,-0.005020695766474064,max_sharpe,Combined
2023-09-07,0.0037853367306462144,max_sharpe,Combined
2023-09-08,0.006634327693301934,max_sharpe,Combined
2023-09-11,-0.007813991140814098,max_sharpe,Combined
2023-09-12,0.012602240279999722,max_sharpe,Combined
2023-09-13,-0.0018481507136164318,max_sharpe,Combined
2023-09-14,0.013431309760889916,max_sharpe,Combined
2023-09-15,-0.014463119005812677,max_sharpe,Combined
2023-09-18,0.006184823043816623,max_sharpe,Combined
2023-09-19,-0.0045235334922432485,max_sharpe,Combined
2023-09-20,-0.007859323948820093,max_sharpe,Combined
2023-09-21,-0.011695737474051844,max_sharpe,Combined
2023-09-22,0.0006915359826844275,max_sharpe,Combined
2023-09-25,0.007039495022323705,max_sharpe,Combined
2023-09-26,-0.0027172205625827874,max_sharpe,Combined
2023-09-27,0.009831896850925052,max_sharpe,Combined
2023-09-28,-3.665414061726923e-05,max_sharpe,Combined
2023-09-29,-0.012977693317432076,max_sharpe,Combined
2023-10-02,-0.006611853499122552,max_sharpe,Combined
2023-10-03,-0.006004719871791122,max_sharpe,Combined
2023-10-04,-0.011729554855758446,max_sharpe,Combined
2023-10-05,-0.004220804098079537,max_sharpe,Combined
2023-10-06,0.0006289744485307978,max_sharpe,Combined
2023-10-09,0.014200994160354927,max_sharpe,Combined
2023-10-10,-0.0016170896433398126,max_sharpe,Combined
2023-10-11,-0.0025759731985989707,max_sharpe,Combined
2023-10-12,0.0012231188496730902,max_sharpe,Combined
2023-10-13,0.005878475564704127,max_sharpe,Combined
2023-10-16,0.0022159536527271402,max_sharpe,Combined
2023-10-17,0.0010965897274029912,max_sharpe,Combined
2023-10-18,-0.0038696212848163916,max_sharpe,Combined
2023-10-19,-0.010553308139354121,max_sharpe,Combined
2023-10-20,-0.004324508917323807,max_sharpe,Combined
2023-10-23,-0.004621578046990905,max_sharpe,Combined
2023-10-24,0.003560247024292168,max_sharpe,Combined
2023-10-25,-0.007993667969752608,max_sharpe,Combined
2023-10-26,-0.005583857567631389,max_sharpe,Combined
2023-10-27,-0.024858495938659582,max_sharpe,Combined
2023-10-30,0.009561214546801849,max_sharpe,Combined
2023-10-31,-0.006307326103760109,max_sharpe,Combined
2023-11-01,0.00931696650173009,max_sharpe,Combined
2023-11-02,0.018725194933952145,max_sharpe,Combined
2023-11-03,0.0010555808327092134,max_sharpe,Combined
2023-11-06,-0.0017209284753657067,max_sharpe,Combined
2023-11-07,-0.00603350254833644,max_sharpe,Combined
2023-11-08,-0.0027583307703120423,max_sharpe,Combined
2023-11-09,-0.01662708086545212,max_sharpe,Combined
2023-11-10,0.009132036368922155,max_sharpe,Combined
2023-11-13,0.003416831398976231,max_sharpe,Combined
2023-11-14,0.004879953941378568,max_sharpe,Combined
2023-11-15,-0.002089060464646763,max_sharpe,Combined
2023-11-16,-0.003414274761595305,max_sharpe,Combined
2023-11-17,0.005170205479877289,max_sharpe,Combined
2023-11-20,0.0025283401282941436,max_sharpe,Combined
2023-11-21,-0.004714057582154294,max_sharpe,Combined
2023-11-22,-0.002227707148669175,max_sharpe,Combined
2023-11-24,0.0003587438574345561,max_sharpe,Combined
2023-11-27,-0.002241478406083147,max_sharpe,Combined
2023-11-28,-0.0027699186789555495,max_sharpe,Combined
2023-11-29,-0.0005226046620259907,max_sharpe,Combined
2023-11-30,0.007788213921799203,max_sharpe,Combined
2023-12-01,0.006103492846044479,max_sharpe,Combined
2023-12-04,-0.0017786014198927476,max_sharpe,Combined
2023-12-05,-0.0013469569120079278,max_sharpe,Combined
2023-12-06,-0.006930011152601047,max_sharpe,Combined
2023-12-07,-0.004588490020191013,max_sharpe,Combined
2023-12-08,0.001373286981903604,max_sharpe,Combined
2023-12-11,0.005698387233888606,max_sharpe,Combined
2023-12-12,-5.743760114740382e-05,max_sharpe,Combined
2023-12-13,0.01769471368154963,max_sharpe,Combined
2023-12-14,0.0009063770269474749,max_sharpe,Combined
2023-12-15,-0.0025907354441061722,max_sharpe,Combined
2023-12-18,0.005948822464474099,max_sharpe,Combined
2023-12-19,0.009425099630447185,max_sharpe,Combined
2023-12-20,-0.012625452316378937,max_sharpe,Combined
2023-12-21,0.0114885617305015,max_sharpe,Combined
2023-12-22,0.008740992648205631,max_sharpe,Combined
2023-12-26,0.0020861283139555014,max_sharpe,Combined
2023-12-27,0.002880817207099395,max_sharpe,Combined
2023-12-28,0.0006474855321225509,max_sharpe,Combined
2023-12-29,-0.0003624071745231787,max_sharpe,Combined
2022-01-03,0.002377326468003449,risk_parity,Combined
2022-01-04,0.0035873538674617207,risk_parity,Combined
2022-01-05,-0.01332078508265023,risk_parity,Combined
2022-01-06,-0.0019262171846103826,risk_parity,Combined
2022-01-07,-0.002326918890105493,risk_parity,Combined
2022-01-10,-0.008765927809330564,risk_parity,Combined
2022-01-11,0.010359433674678361,risk_parity,Combined
2022-01-12,0.007706691075586967,risk_parity,Combined
2022-01-13,-0.007271568458705548,risk_parity,Combined
2022-01-14,0.002280037593298848,risk_parity,Combined
2022-01-18,-0.009822444376858308,risk_parity,Combined
2022-01-19,-0.005509066414071159,risk_parity,Combined
2022-01-20,-0.013893053432229251,risk_parity,Combined
2022-01-21,-0.01951058017540452,risk_parity,Combined
2022-01-24,-0.0011066907549276263,risk_parity,Combined
2022-01-25,-0.004907911254987678,risk_parity,Combined
2022-01-26,-0.009104044877017955,risk_parity,Combined
2022-01-27,-0.003523755991819451,risk_parity,Combined
2022-01-28,0.017588057301291874,risk_parity,Combined
2022-01-31,0.013380170321876406,risk_parity,Combined
2022-02-01,0.009219435242644389,risk_parity,Combined
2022-02-02,0.005810592452305941,risk_parity,Combined
2022-02-03,-0.006430226982238337,risk_parity,Combined
2022-02-04,0.005579231010154154,risk_parity,Combined
2022-02-07,0.0076402268575072214,risk_parity,Combined
2022-02-08,0.0033791697842476395,risk_parity,Combined
2022-02-09,0.011189433853635886,risk_parity,Combined
2022-02-10,-0.01846880984264918,risk_parity,Combined
2022-02-11,-0.013185912726801629,risk_parity,Combined
2022-02-14,-0.005682200542263723,risk_parity,Combined
2022-02-15,0.012800505838043041,risk_parity,Combined
2022-02-16,-0.00199803018293371,risk_parity,Combined
2022-02-17,-0.018073536777249856,risk_parity,Combined
2022-02-18,-0.007501050467542456,risk_parity,Combined
2022-02-22,-0.0017600601889885695,risk_parity,Combined
2022-02-23,-0.011000502044838035,risk_parity,Combined
2022-02-24,0.005370856009578539,risk_parity,Combined
2022-02-25,0.026226344327953083,risk_parity,Combined
2022-02-28,0.00476508814350433,risk_parity,Combined
2022-03-01,-0.009337075507286952,risk_parity,Combined
2022-03-02,0.014671507882015059,risk_parity,Combined
2022-03-03,-0.00034602550599646513,risk_parity,Combined
2022-03-04,-0.0030951415354082863,risk_parity,Combined
2022-03-07,-0.014958091829044607,risk_parity,Combined
2022-03-08,-0.005178799160424381,risk_parity,Combined
2022-03-09,0.016720988678501077,risk_parity,Combined
2022-03-10,-0.004748311400706837,risk_parity,Combined
2022-03-11,-0.006822739221297883,risk_parity,Combined
2022-03-14,-0.005691995912860772,risk_parity,Combined
2022-03-15,0.00965800372656693,risk_parity,Combined
2022-03-16,0.016014518123561815,risk_parity,Combined
2022-03-17,0.01191788791485913,risk_parity,Combined
2022-03-18,0.005996312885892869,risk_parity,Combined
2022-03-21,0.004438979599410935,risk_parity,Combined
2022-03-22,0.009903182520720023,risk_parity,Combined
2022-03-23,-0.007497969792371065,risk_parity,Combined
2022-03-24,0.01103547084077844,risk_parity,Combined
2022-03-25,0.007108052148838037,risk_parity,Combined
2022-03-28,0.0032550693424785895,risk_parity,Combined
2022-03-29,0.01265103947788508,risk_parity,Combined
2022-03-30,-0.0018316552568489336,risk_parity,Combined
2022-03-31,-0.014464003112582809,risk_parity,Combined
2022-04-01,0.007637489434623242,risk_parity,Combined
2022-04-04,0.001617878167690611,risk_parity,Combined
2022-04-05,-0.008957755106538318,risk_parity,Combined
2022-04-06,-0.003139041755405456,risk_parity,Combined
2022-04-07,0.0037302174690420193,risk_parity,Combined
2022-04-08,0.00011379746462200684,risk_parity,Combined
2022-04-11,-0.01546600150066097,risk_parity,Combined
2022-04-12,0.00033612215946193953,risk_parity,Combined
2022-04-13,0.009382215476650635,risk_parity,Combined
2022-04-14,-0.003076248435672619,risk_parity,Combined
2022-04-18,-0.0001891398595604895,risk_parity,Combined
2022-04-19,0.012536017498853958,risk_parity,Combined
2022-04-20,0.0014929078235242446,risk_parity,Combined
2022-04-21,-0.011137397934001713,risk_parity,Combined
2022-04-22,-0.019970631267983163,risk_parity,Combined
2022-04-25,-0.0010650609183020271,risk_parity,Combined
2022-04-26,-0.02228174387473511,risk_parity,Combined
2022-04-27,0.0013377430361877873,risk_parity,Combined
2022-04-28,0.015354449976874757,risk_parity,Combined
2022-04-29,-0.03456650952135097,risk_parity,Combined
2022-05-02,0.0015539276401648724,risk_parity,Combined
2022-05-03,0.004007827140232558,risk_parity,Combined
2022-05-04,0.03159298819002852,risk_parity,Combined
2022-05-05,-0.025723274346737893,risk_parity,Combined
2022-05-06,-0.0037180774378805428,risk_parity,Combined
2022-05-09,-0.03445936743265396,risk_parity,Combined
2022-05-10,-0.003866354375953695,risk_parity,Combined
2022-05-11,-0.008873010079659538,risk_parity,Combined
2022-05-12,0.000693790838620549,risk_parity,Combined
2022-05-13,0.02070127911530713,risk_parity,Combined
2022-05-16,-0.0015228164339611055,risk_parity,Combined
2022-05-17,0.015446054609522114,risk_parity,Combined
2022-05-18,-0.028123872271284153,risk_parity,Combined
2022-05-19,0.0007290245927343995,risk_parity,Combined
2022-05-20,0.0007860865137182432,risk_parity,Combined
2022-05-23,0.014004384214841462,risk_parity,Combined
2022-05-24,0.006402283407945956,risk_parity,Combined
2022-05-25,0.005768095911761585,risk_parity,Combined
2022-05-26,0.007260259969632324,risk_parity,Combined
2022-05-27,0.01442821465472402,risk_parity,Combined
2022-05-31,-0.006546979177457093,risk_parity,Combined
2022-06-01,-0.009512905817946305,risk_parity,Combined
2022-06-02,0.01322926662103685,risk_parity,Combined
2022-06-03,-0.008952459526138833,risk_parity,Combined
2022-06-06,0.0007731690240624249,risk_parity,Combined
2022-06-07,0.007860680994760205,risk_parity,Combined
2022-06-08,-0.013063987583289806,risk_parity,Combined
2022-06-09,-0.02106973634340554,risk_parity,Combined
2022-06-10,-0.02259737350922449,risk_parity,Combined
2022-06-13,-0.04263656802408569,risk_parity,Combined
2022-06-14,-0.00851699492752304,risk_parity,Combined
2022-06-15,0.012736457397163139,risk_parity,Combined
2022-06-16,-0.027646807041996055,risk_parity,Combined
2022-06-17,-0.0010829036965491218,risk_parity,Combined
2022-06-21,0.020647552817462785,risk_parity,Combined
2022-06-22,-0.0014610341169143614,risk_parity,Combined
2022-06-23,0.009660570622625023,risk_parity,Combined
2022-06-24,0.024939711856621742,risk_parity,Combined
2022-06-27,-0.00317503598926587,risk_parity,Combined
2022-06-28,-0.01230345997303989,risk_parity,Combined
2022-06-29,-0.0028968857540104813,risk_parity,Combined
2022-06-30,-0.0060350415377080895,risk_parity,Combined
2022-07-01,0.01086585192643363,risk_parity,Combined
2022-07-05,-0.006733680566391696,risk_parity,Combined
2022-07-06,0.0015953341119767617,risk_parity,Combined
2022-07-07,0.01091560920106216,risk_parity,Combined
2022-07-08,-0.003286840413205011,risk_parity,Combined
2022-07-11,-0.007281439496541402,risk_parity,Combined
2022-07-12,-0.005557639082929994,risk_parity,Combined
2022-07-13,-0.0011273348894864214,risk_parity,Combined
2022-07-14,-0.002140958099103092,risk_parity,Combined
2022-07-15,0.016147939013030917,risk_parity,Combined
2022-07-18,-0.000742867025880762,risk_parity,Combined
2022-07-19,0.02229825695481105,risk_parity,Combined
2022-07-20,-0.0031832213615994374,risk_parity,Combined
2022-07-21,0.005218364639076305,risk_parity,Combined
2022-07-22,-0.0027453807734416904,risk_parity,Combined
2022-07-25,-0.00169231126401844,risk_parity,Combined
2022-07-26,-0.002565880517878124,risk_parity,Combined
2022-07-27,0.013440704711104375,risk_parity,Combined
2022-07-28,0.014819139599221131,risk_parity,Combined
2022-07-29,0.006263058854888158,risk_parity,Combined
2022-08-01,-0.0028845516370577242,risk_parity,Combined
2022-08-02,-0.009688978415704751,risk_parity,Combined
2022-08-03,0.006977064977310732,risk_parity,Combined
2022-08-04,-0.001537943233582384,risk_parity,Combined
2022-08-05,0.0025412881576741208,risk_parity,Combined
2022-08-08,0.0020318818033608133,risk_parity,Combined
2022-08-09,-0.001552590819709585,risk_parity,Combined
2022-08-10,0.016043154331691,risk_parity,Combined
2022-08-11,0.00355900482599606,risk_parity,Combined
2022-08-12,0.014767830147148404,risk_parity,Combined
2022-08-15,0.004679801626748786,risk_parity,Combined
2022-08-16,0.004290729003055779,risk_parity,Combined
2022-08-17,-0.007131777228537355,risk_parity,Combined
2022-08-18,0.000765992678359327,risk_parity,Combined
2022-08-19,-0.012336738111694175,risk_parity,Combined
2022-08-22,-0.015596912556540186,risk_parity,Combined
2022-08-23,-0.0004443407335779544,risk_parity,Combined
2022-08-24,0.0010334359146054975,risk_parity,Combined
2022-08-25,0.011563419275916477,risk_parity,Combined
2022-08-26,-0.028003915545231253,risk_parity,Combined
2022-08-29,-0.0010349423471094125,risk_parity,Combined
2022-08-30,-0.012659794845629358,risk_parity,Combined
2022-08-31,-0.005849699413200408,risk_parity,Combined
2022-09-01,0.0052184386882670785,risk_parity,Combined
2022-09-02,-0.009715714353615774,risk_parity,Combined
2022-09-06,-0.006580520942032674,risk_parity,Combined
2022-09-07,0.01910776343171497,risk_parity,Combined
2022-09-08,0.004022825191204551,risk_parity,Combined
2022-09-09,0.015196509708427288,risk_parity,Combined
2022-09-12,0.007952233655330865,risk_parity,Combined
2022-09-13,-0.03842791064444703,risk_parity,Combined
2022-09-14,0.00400801080058972,risk_parity,Combined
2022-09-15,-0.01733864906774914,risk_parity,Combined
2022-09-16,-0.003989310030513633,risk_parity,Combined
2022-09-19,0.006269782301922643,risk_parity,Combined
2022-09-20,-0.014525704558703254,risk_parity,Combined
2022-09-21,-0.017429784659885695,risk_parity,Combined
2022-09-22,-0.0021588493220274715,risk_parity,Combined
2022-09-23,-0.017619988482208238,risk_parity,Combined
2022-09-26,-0.014192118028864699,risk_parity,Combined
2022-09-27,-0.006100083554814104,risk_parity,Combined
2022-09-28,0.018835138541111473,risk_parity,Combined
2022-09-29,-0.018030060077443223,risk_parity,Combined
2022-09-30,-0.014619016562304974,risk_parity,Combined
2022-10-03,0.029335470062938167,risk_parity,Combined
2022-10-04,0.02623205910160611,risk_parity,Combined
2022-10-05,-0.005708712559996633,risk_parity,Combined
2022-10-06,-0.013491056235138283,risk_parity,Combined
2022-10-07,-0.020546085390119737,risk_parity,Combined
2022-10-10,-0.005316474367352618,risk_parity,Combined
2022-10-11,-0.0013334339485009622,risk_parity,Combined
2022-10-12,-0.007438819217492963,risk_parity,Combined
2022-10-13,0.02505979321078003,risk_parity,Combined
2022-10-14,-0.015208318324804028,risk_parity,Combined
2022-10-17,0.018739686025522454,risk_parity,Combined
2022-10-18,0.01097374292935086,risk_parity,Combined
2022-10-19,-0.010493249477131506,risk_parity,Combined
2022-10-20,-0.004803955199589744,risk_parity,Combined
2022-10-21,0.020921161266998743,risk_parity,Combined
2022-10-24,0.007808579438099989,risk_parity,Combined
2022-10-25,0.017773216459203142,risk_parity,Combined
2022-10-26,0.007721858744126659,risk_parity,Combined
2022-10-27,-0.0012551257040198493,risk_parity,Combined
2022-10-28,0.024167564952355242,risk_parity,Combined
2022-10-31,-0.006895807815169644,risk_parity,Combined
2022-11-01,0.0009377340447227814,risk_parity,Combined
2022-11-02,-0.016659779846214046,risk_parity,Combined
2022-11-03,-0.0024607955920586963,risk_parity,Combined
2022-11-04,0.018764718348407004,risk_parity,Combined
2022-11-07,0.005310266293979975,risk_parity,Combined
2022-11-08,0.0001838531686810022,risk_parity,Combined
2022-11-09,-0.025131989817872926,risk_parity,Combined
2022-11-10,0.051001480004458394,risk_parity,Combined
2022-11-11,0.005400988236258697,risk_parity,Combined
2022-11-14,-0.007313636906742156,risk_parity,Combined
2022-11-15,0.00946867338573452,risk_parity,Combined
2022-11-16,-0.007345090247302982,risk_parity,Combined
2022-11-17,-0.002000990348545492,risk_parity,Combined
2022-11-18,0.006563140551061096,risk_parity,Combined
2022-11-21,0.0014376603335373233,risk_parity,Combined
2022-11-22,0.014243651814824157,risk_parity,Combined
2022-11-23,0.005835875454656536,risk_parity,Combined
2022-11-25,0.0011921335547381532,risk_parity,Combined
2022-11-28,-0.016705571391987455,risk_parity,Combined
2022-11-29,0.004308558284557486,risk_parity,Combined
2022-11-30,0.023059111161421623,risk_parity,Combined
2022-12-01,-0.0007992826277279125,risk_parity,Combined
2022-12-02,0.001966044970101165,risk_parity,Combined
2022-12-05,-0.014812116966461168,risk_parity,Combined
2022-12-06,-0.008943368418214323,risk_parity,Combined
2022-12-07,-0.0010359180007090641,risk_parity,Combined
2022-12-08,0.007087612637843006,risk_parity,Combined
2022-12-09,-0.009846230016191124,risk_parity,Combined
2022-12-12,0.014334885558933122,risk_parity,Combined
2022-12-13,0.008317063358325848,risk_parity,Combined
2022-12-14,-0.007298729565412835,risk_parity,Combined
2022-12-15,-0.019661000236532774,risk_parity,Combined
2022-12-16,-0.013198869189923197,risk_parity,Combined
2022-12-19,-0.0070896099350821334,risk_parity,Combined
2022-12-20,0.004368544100487732,risk_parity,Combined
2022-12-21,0.014648075897001562,risk_parity,Combined
2022-12-22,-0.0077631141570401,risk_parity,Combined
2022-12-23,0.006676491154914306,risk_parity,Combined
2022-12-27,0.0008572837966190328,risk_parity,Combined
2022-12-28,-0.01292661637757513,risk_parity,Combined
2022-12-29,0.011329411363435352,risk_parity,Combined
2022-12-30,-0.0022252734640525857,risk_parity,Combined
2023-01-03,0.0030301793436660293,risk_parity,Combined
2023-01-04,0.017276012293070016,risk_parity,Combined
2023-01-05,-0.007025695324783926,risk_parity,Combined
2023-01-06,0.02168053826927152,risk_parity,Combined
2023-01-09,-0.0012665400590506231,risk_parity,Combined
2023-01-10,0.006310455091784721,risk_parity,Combined
2023-01-11,0.009870300231799068,risk_parity,Combined
2023-01-12,0.005325870888836874,risk_parity,Combined
2023-01-13,0.00470844665692839,risk_parity,Combined
2023-01-17,-0.005147451426607329,risk_parity,Combined
2023-01-18,-0.018407438966175593,risk_parity,Combined
2023-01-19,-0.004440851623237255,risk_parity,Combined
2023-01-20,0.015960764867014133,risk_parity,Combined
2023-01-23,0.008796336054274843,risk_parity,Combined
2023-01-24,-0.004707061529553022,risk_parity,Combined
2023-01-25,0.0033165839174472654,risk_parity,Combined
2023-01-26,0.005106336060148347,risk_parity,Combined
2023-01-27,-0.0008401718771361979,risk_parity,Combined
2023-01-30,-0.010098290840584535,risk_parity,Combined
2023-01-31,0.011733060496329346,risk_parity,Combined
2023-02-01,0.0037483124145509493,risk_parity,Combined
2023-02-02,-0.00212801189099174,risk_parity,Combined
2023-02-03,-0.010707287023968828,risk_parity,Combined
2023-02-06,-0.0039087824083215055,risk_parity,Combined
2023-02-07,0.010235781245613876,risk_parity,Combined
2023-02-08,-0.00978507907364718,risk_parity,Combined
2023-02-09,-0.011611800399276093,risk_parity,Combined
2023-02-10,0.009000012697649783,risk_parity,Combined
2023-02-13,0.007579876637219347,risk_parity,Combined
2023-02-14,-0.0014423921163770515,risk_parity,Combined
2023-02-15,0.004420052052756481,risk_parity,Combined
2023-02-16,-0.014368656580830719,risk_parity,Combined
2023-02-17,0.003995947644038233,risk_parity,Combined
2023-02-21,-0.01535449915423204,risk_parity,Combined
2023-02-22,-0.00584735627934293,risk_parity,Combined
2023-02-23,0.0019732140689335434,risk_parity,Combined
2023-02-24,-0.009976827680338182,risk_parity,Combined
2023-02-27,0.0006165158053535331,risk_parity,Combined
2023-02-28,-0.005872632198894169,risk_parity,Combined
2023-03-01,-0.00047136035306030965,risk_parity,Combined
2023-03-02,0.009547909430878963,risk_parity,Combined
2023-03-03,0.00990278982649972,risk_parity,Combined
2023-03-06,-0.00022941608249171,risk_parity,Combined
2023-03-07,-0.01609452452153137,risk_parity,Combined
2023-03-08,-0.0006220115390162062,risk_parity,Combined
2023-03-09,-0.018706200843793947,risk_parity,Combined
2023-03-10,-0.0108536126089634,risk_parity,Combined
2023-03-13,0.0024383696307592926,risk_parity,Combined
2023-03-14,0.012927253025240837,risk_parity,Combined
2023-03-15,-0.008398664055316196,risk_parity,Combined
2023-03-16,0.0108398612573206,risk_parity,Combined
2023-03-17,-0.007475267267109479,risk_parity,Combined
2023-03-20,0.009063141702157756,risk_parity,Combined
2023-03-21,0.009224115563324357,risk_parity,Combined
2023-03-22,-0.021130516212228303,risk_parity,Combined
2023-03-23,0.0039169701886702995,risk_parity,Combined
2023-03-24,0.008279091775003246,risk_parity,Combined
2023-03-27,0.0029158992113558135,risk_parity,Combined
2023-03-28,0.003161297309370201,risk_parity,Combined
2023-03-29,0.014678894455228244,risk_parity,Combined
2023-03-30,0.004026951264413971,risk_parity,Combined
2023-03-31,0.012420975453211311,risk_parity,Combined
2023-04-03,0.006346668524915797,risk_parity,Combined
2023-04-04,-0.00195119237417139,risk_parity,Combined
2023-04-05,0.007097004901000971,risk_parity,Combined
2023-04-06,-0.00011014254216058685,risk_parity,Combined
2023-04-10,0.003163450150174871,risk_parity,Combined
2023-04-11,0.0022385354980365875,risk_parity,Combined
2023-04-12,-0.0016280479053997195,risk_parity,Combined
2023-04-13,0.008149482972210135,risk_parity,Combined
2023-04-14,-0.004965772965152369,risk_parity,Combined
2023-04-17,0.0029107466769340796,risk_parity,Combined
2023-04-18,0.0005838669595875292,risk_parity,Combined
2023-04-19,-0.00195848320955212,risk_parity,Combined
2023-04-20,-0.007502118145715146,risk_parity,Combined
2023-04-21,-0.0013519576540906063,risk_parity,Combined
2023-04-24,0.001327816961211831,risk_parity,Combined
2023-04-25,-0.00962336940523724,risk_parity,Combined
2023-04-26,-0.01437882731793031,risk_parity,Combined
2023-04-27,0.012774236281974386,risk_parity,Combined
2023-04-28,0.007006212949594958,risk_parity,Combined
2023-05-01,-0.0038029648516068604,risk_parity,Combined
2023-05-02,-0.01356984913751942,risk_parity,Combined
2023-05-03,-0.009311189284580407,risk_parity,Combined
2023-05-04,-0.003987837308576996,risk_parity,Combined
2023-05-05,0.015583609966203718,risk_parity,Combined
2023-05-08,-0.003475959168697534,risk_parity,Combined
2023-05-09,-0.002829234133578089,risk_parity,Combined
2023-05-10,-0.0012124078407902991,risk_parity,Combined
2023-05-11,-0.008785665102436783,risk_parity,Combined
2023-05-12,0.00030334316290597313,risk_parity,Combined
2023-05-15,0.002395546106604225,risk_parity,Combined
2023-05-16,-0.015238609790359918,risk_parity,Combined
2023-05-17,0.009308197639236846,risk_parity,Combined
2023-05-18,0.002523824656570752,risk_parity,Combined
2023-05-19,-0.0012012800137981884,risk_parity,Combined
2023-05-22,0.0002573629578081552,risk_parity,Combined
2023-05-23,-0.005741754230193827,risk_parity,Combined
2023-05-24,-0.010088806012711159,risk_parity,Combined
2023-05-25,-0.005655832751540017,risk_parity,Combined
2023-05-26,0.006003276779671402,risk_parity,Combined
2023-05-30,-0.0020289964629575806,risk_parity,Combined
2023-05-31,-0.001880437374680898,risk_parity,Combined
2023-06-01,0.0019715165656838647,risk_parity,Combined
2023-06-02,0.018742808436747544,risk_parity,Combined
2023-06-05,-0.007063410702945838,risk_parity,Combined
2023-06-06,0.003906910828479039,risk_parity,Combined
2023-06-07,0.005506077819202212,risk_parity,Combined
2023-06-08,0.0046830624934323965,risk_parity,Combined
2023-06-09,-0.00377393777556628,risk_parity,Combined
2023-06-12,0.0028588350903906248,risk_parity,Combined
2023-06-13,0.006077772149305928,risk_parity,Combined
2023-06-14,-0.0034866017748585213,risk_parity,Combined
2023-06-15,0.010328944137661052,risk_parity,Combined
2023-06-16,0.002163647649717967,risk_parity,Combined
2023-06-20,-0.00884527961811116,risk_parity,Combined
2023-06-21,0.003365567726510912,risk_parity,Combined
2023-06-22,-0.0035419772494044545,risk_parity,Combined
2023-06-23,-0.0016475474864590667,risk_parity,Combined
2023-06-26,0.006505399474414528,risk_parity,Combined
2023-06-27,0.0060103948089815186,risk_parity,Combined
2023-06-28,-0.005024152168633597,risk_parity,Combined
2023-06-29,0.007145689237068277,risk_parity,Combined
2023-06-30,0.01422294313022275,risk_parity,Combined
2023-07-03,0.004837203182190015,risk_parity,Combined
2023-07-05,-0.0032733659975590483,risk_parity,Combined
2023-07-06,-0.012642180132269469,risk_parity,Combined
2023-07-07,-0.0008766520874547559,risk_parity,Combined
2023-07-10,0.004843301099303921,risk_parity,Combined
2023-07-11,0.012142054845307969,risk_parity,Combined
2023-07-12,0.006133546600188168,risk_parity,Combined
2023-07-13,0.01811331799562533,risk_parity,Combined
2023-07-14,-0.00894824844530855,risk_parity,Combined
2023-07-17,-0.005473959593019061,risk_parity,Combined
2023-07-18,0.004357234147359466,risk_parity,Combined
2023-07-19,0.008641670637673264,risk_parity,Combined
2023-07-20,0.004652337513407388,risk_parity,Combined
2023-07-21,0.005494400370172894,risk_parity,Combined
2023-07-24,0.0008971383302036151,risk_parity,Combined
2023-07-25,0.0016799662460914508,risk_parity,Combined
2023-07-26,0.003245331115801986,risk_parity,Combined
2023-07-27,-0.004772442365746652,risk_parity,Combined
2023-07-28,0.0034051869793025854,risk_parity,Combined
2023-07-31,0.0010634099077473356,risk_parity,Combined
2023-08-01,-0.004231695813371736,risk_parity,Combined
2023-08-02,-0.012818180116362597,risk_parity,Combined
2023-08-03,-0.007080534960294999,risk_parity,Combined
2023-08-04,-0.0027467270473545847,risk_parity,Combined
2023-08-07,0.00851568335007924,risk_parity,Combined
2023-08-08,-0.0008095236489977712,risk_parity,Combined
2023-08-09,-0.0003309171859936014,risk_parity,Combined
2023-08-10,0.00011236177372900559,risk_parity,Combined
2023-08-11,0.002737872810949848,risk_parity,Combined
2023-08-14,-0.00014765229057892086,risk_parity,Combined
2023-08-15,-0.01303817342445194,risk_parity,Combined
2023-08-16,-0.008997401432713877,risk_parity,Combined
2023-08-17,-0.010262989007977187,risk_parity,Combined
2023-08-18,0.0018369670588047964,risk_parity,Combined
2023-08-21,-0.0024986946438620796,risk_parity,Combined
2023-08-22,-0.004995152859254054,risk_parity,Combined
2023-08-23,0.008878864971337198,risk_parity,Combined
2023-08-24,-0.010581534161381911,risk_parity,Combined
2023-08-25,0.004161745344742768,risk_parity,Combined
2023-08-28,0.005987847958403315,risk_parity,Combined
2023-08-29,0.01392633458727894,risk_parity,Combined
2023-08-30,-0.00042458436685176634,risk_parity,Combined
2023-08-31,-0.00645848755992557,risk_parity,Combined
2023-09-01,0.001629949946176032,risk_parity,Combined
2023-09-05,-0.009398083028845539,risk_parity,Combined
2023-09-06,-0.003362685450851575,risk_parity,Combined
2023-09-07,0.002942906503999723,risk_parity,Combined
2023-09-08,0.003595710330300875,risk_parity,Combined
2023-09-11,0.000728871382557353,risk_parity,Combined
2023-09-12,0.003183390277978848,risk_parity,Combined
2023-09-13,0.00047182076157646483,risk_parity,Combined
2023-09-14,0.012918765638336655,risk_parity,Combined
2023-09-15,-0.007042349806106595,risk_parity,Combined
2023-09-18,0.001295841341051007,risk_parity,Combined
2023-09-19,-0.0022835880509119713,risk_parity,Combined
2023-09-20,-0.0032436134518468406,risk_parity,Combined
2023-09-21,-0.01696708526046847,risk_parity,Combined
2023-09-22,-0.0028634193669171875,risk_parity,Combined
2023-09-25,0.001767910664226127,risk_parity,Combined
2023-09-26,-0.010985895010606485,risk_parity,Combined
2023-09-27,-0.002753435334624748,risk_parity,Combined
2023-09-28,0.0038259479155272028,risk_parity,Combined
2023-09-29,-0.001652688246001305,risk_parity,Combined
2023-10-02,-0.015955928675716487,risk_parity,Combined
2023-10-03,-0.006894104286454691,risk_parity,Combined
2023-10-04,0.0013139218095407107,risk_parity,Combined
2023-10-05,-0.003155826863602587,risk_parity,Combined
2023-10-06,0.009264050295070603,risk_parity,Combined
2023-10-09,0.006018123643172648,risk_parity,Combined
2023-10-10,0.006841919202780536,risk_parity,Combined
2023-10-11,0.0029987574917212665,risk_parity,Combined
2023-10-12,-0.008246474376229546,risk_parity,Combined
2023-10-13,0.0031529433959018366,risk_parity,Combined
2023-10-16,0.011038309715056979,risk_parity,Combined
2023-10-17,0.001431434418537589,risk_parity,Combined
2023-10-18,-0.012382226241056374,risk_parity,Combined
2023-10-19,-0.007244991242098262,risk_parity,Combined
2023-10-20,-0.0051094322620812045,risk_parity,Combined
2023-10-23,-0.00188508020769028,risk_parity,Combined
2023-10-24,0.010183772315603018,risk_parity,Combined
2023-10-25,-0.008299574262222779,risk_parity,Combined
2023-10-26,-0.0009211195865842494,risk_parity,Combined
2023-10-27,-0.012313115520476505,risk_parity,Combined
2023-10-30,0.009056779019752248,risk_parity,Combined
2023-10-31,0.005412335117865026,risk_parity,Combined
2023-11-01,0.005875312091307063,risk_parity,Combined
2023-11-02,0.020908167406066817,risk_parity,Combined
2023-11-03,0.010357686538582603,risk_parity,Combined
2023-11-06,-0.0014570671299281338,risk_parity,Combined
2023-11-07,-0.0046775267064587695,risk_parity,Combined
2023-11-08,-0.0011738295723929554,risk_parity,Combined
2023-11-09,-0.00849554381586808,risk_parity,Combined
2023-11-10,0.009484105252320145,risk_parity,Combined
2023-11-13,-0.0022013663811959088,risk_parity,Combined
2023-11-14,0.017996493255417634,risk_parity,Combined
2023-11-15,0.007692983492790425,risk_parity,Combined
2023-11-16,-0.003167060546365813,risk_parity,Combined
2023-11-17,0.0021494312081280207,risk_parity,Combined
2023-11-20,0.0024868943816737836,risk_parity,Combined
2023-11-21,-0.005197571437088549,risk_parity,Combined
2023-11-22,0.005066875443174064,risk_parity,Combined
2023-11-24,0.0034386082523556725,risk_parity,Combined
2023-11-27,-0.0015611755674304654,risk_parity,Combined
2023-11-28,0.0029499971514252536,risk_parity,Combined
2023-11-29,0.0032255860230627226,risk_parity,Combined
2023-11-30,0.00661368639757274,risk_parity,Combined
2023-12-01,0.009774600849279646,risk_parity,Combined
2023-12-04,0.0015889530619910084,risk_parity,Combined
2023-12-05,-0.0023060459631318183,risk_parity,Combined
2023-12-06,0.0003005915486393178,risk_parity,Combined
2023-12-07,0.0038932548982467314,risk_parity,Combined
2023-12-08,0.0053784234438549626,risk_parity,Combined
2023-12-11,0.0006358050090182203,risk_parity,Combined
2023-12-12,0.0009203888005533978,risk_parity,Combined
2023-12-13,0.02226522541906161,risk_parity,Combined
2023-12-14,0.01075640648048593,risk_parity,Combined
2023-12-15,-0.007325357523207449,risk_parity,Combined
2023-12-18,-0.0005611869939944548,risk_parity,Combined
2023-12-19,0.005557544026148596,risk_parity,Combined
2023-12-20,-0.01145576726154471,risk_parity,Combined
2023-12-21,0.008837316440783028,risk_parity,Combined
2023-12-22,0.004753048451750555,risk_parity,Combined
2023-12-26,0.002911583411492976,risk_parity,Combined
2023-12-27,0.005569378196423429,risk_parity,Combined
2023-12-28,0.0009118729260915734,risk_parity,Combined
2023-12-29,-0.0036693324690950583,risk_parity,Combined
2022-01-03,0.0015623321003437063,hrp,Combined
2022-01-04,0.0017051773805543673,hrp,Combined
2022-01-05,-0.00792375399031274,hrp,Combined
2022-01-06,-0.004400191409225084,hrp,Combined
2022-01-07,0.0006746505827078114,hrp,Combined
2022-01-10,-0.007947366734709839,hrp,Combined
2022-01-11,0.007012458213093301,hrp,Combined
2022-01-12,0.005091158742824827,hrp,Combined
2022-01-13,-0.00443796670719779,hrp,Combined
2022-01-14,-0.000905633430776944,hrp,Combined
2022-01-18,-0.00794311062930101,hrp,Combined
2022-01-19,-0.000677142973788794,hrp,Combined
2022-01-20,-0.011749009373879604,hrp,Combined
2022-01-21,-0.011503933159388576,hrp,Combined
2022-01-24,-0.0005650789456430418,hrp,Combined
2022-01-25,-0.007117104787899684,hrp,Combined
2022-01-26,-0.01233343103263636,hrp,Combined
2022-01-27,-0.002372407678789194,hrp,Combined
2022-01-28,0.016575835805351588,hrp,Combined
2022-01-31,0.012034708672067112,hrp,Combined
2022-02-01,0.007860081832751706,hrp,Combined
2022-02-02,0.007379018887740156,hrp,Combined
2022-02-03,-0.005946020657220419,hrp,Combined
2022-02-04,-0.0014063096589160009,hrp,Combined
2022-02-07,0.003072154358515991,hrp,Combined
2022-02-08,0.0037076156024793924,hrp,Combined
2022-02-09,0.008746840659696931,hrp,Combined
2022-02-10,-0.018137153370916134,hrp,Combined
2022-02-11,-0.009733841888794975,hrp,Combined
2022-02-14,-0.00522823012913045,hrp,Combined
2022-02-15,0.00899363780949128,hrp,Combined
2022-02-16,-0.0017633560441234803,hrp,Combined
2022-02-17,-0.01099852030329366,hrp,Combined
2022-02-18,-0.0067409353665769875,hrp,Combined
2022-02-22,-0.004064135391315109,hrp,Combined
2022-02-23,-0.00912924336396243,hrp,Combined
2022-02-24,0.003801049528607659,hrp,Combined
2022-02-25,0.024179597944709447,hrp,Combined
2022-02-28,-0.0034367478012137724,hrp,Combined
2022-03-01,-0.00808167981133386,hrp,Combined
2022-03-02,0.014417177839552934,hrp,Combined
2022-03-03,0.003235872612415731,hrp,Combined
2022-03-04,0.0023984563597117658,hrp,Combined
2022-03-07,-0.013037417405362984,hrp,Combined
2022-03-08,-0.009374903224553336,hrp,Combined
2022-03-09,0.012032273065290066,hrp,Combined
2022-03-10,-0.001731612378353181,hrp,Combined
2022-03-11,-0.007249566297189141,hrp,Combined
2022-03-14,-0.005280432347177473,hrp,Combined
2022-03-15,0.011112788263748417,hrp,Combined
2022-03-16,0.012517374683003428,hrp,Combined
2022-03-17,0.011958945556566535,hrp,Combined
2022-03-18,0.004393047076314376,hrp,Combined
2022-03-21,0.001664415707978889,hrp,Combined
2022-03-22,0.006189400942458522,hrp,Combined
2022-03-23,-0.008987079238846302,hrp,Combined
2022-03-24,0.008935113868379018,hrp,Combined
2022-03-25,0.007430264268368558,hrp,Combined
2022-03-28,0.005598866834560118,hrp,Combined
2022-03-29,0.012352388473540461,hrp,Combined
2022-03-30,-0.0006910596557736921,hrp,Combined
2022-03-31,-0.012111785846728373,hrp,Combined
2022-04-01,0.007249117405505313,hrp,Combined
2022-04-04,0.0016189757592333254,hrp,Combined
2022-04-05,-0.0052142217209199026,hrp,Combined
2022-04-06,0.006216100872163203,hrp,Combined
2022-04-07,0.0037299537245203103,hrp,Combined
2022-04-08,0.0032749919607758626,hrp,Combined
2022-04-11,-0.0113116943854783,hrp,Combined
2022-04-12,-0.0026456837266159924,hrp,Combined
2022-04-13,0.007127731095559475,hrp,Combined
2022-04-14,-0.000770487637755103,hrp,Combined
2022-04-18,-0.004168643596756146,hrp,Combined
2022-04-19,0.011352775400845113,hrp,Combined
2022-04-20,0.004124436222504894,hrp,Combined
2022-04-21,-0.006554952328059966,hrp,Combined
2022-04-22,-0.020254572306256328,hrp,Combined
2022-04-25,0.000492192531290198,hrp,Combined
2022-04-26,-0.01704521520115191,hrp,Combined
2022-04-27,0.0009398083757327732,hrp,Combined
2022-04-28,0.012284083024843668,hrp,Combined
2022-04-29,-0.03336452416130676,hrp,Combined
2022-05-02,-0.0006838795660665571,hrp,Combined
2022-05-03,0.0031435694825956173,hrp,Combined
2022-05-04,0.026949871823583608,hrp,Combined
2022-05-05,-0.02018427543132363,hrp,Combined
2022-05-06,-0.005265917523954034,hrp,Combined
2022-05-09,-0.020338925627373192,hrp,Combined
2022-05-10,-0.006292376294276775,hrp,Combined
2022-05-11,-0.0033605075692818022,hrp,Combined
2022-05-12,0.004663619102351129,hrp,Combined
2022-05-13,0.014187401745168254,hrp,Combined
2022-05-16,0.0014491093344179515,hrp,Combined
2022-05-17,0.0043857038657671875,hrp,Combined
2022-05-18,-0.026745998788726823,hrp,Combined
2022-05-19,-0.0030234260727501298,hrp,Combined
2022-05-20,0.003957690893685533,hrp,Combined
2022-05-23,0.013372404725536807,hrp,Combined
2022-05-24,0.006967136474977952,hrp,Combined
2022-05-25,0.004711061799832806,hrp,Combined
2022-05-26,0.007482229222347387,hrp,Combined
2022-05-27,0.01438856138602791,hrp,Combined
2022-05-31,-0.006014648678128009,hrp,Combined
2022-06-01,-0.00884489014734597,hrp,Combined
2022-06-02,0.010713521884181605,hrp,Combined
2022-06-03,-0.00828994507219873,hrp,Combined
2022-06-06,-0.0007057501647114241,hrp,Combined
2022-06-07,0.006659070445611427,hrp,Combined
2022-06-08,-0.012385518653950217,hrp,Combined
2022-06-09,-0.019781418105986905,hrp,Combined
2022-06-10,-0.017887792973881177,hrp,Combined
2022-06-13,-0.035409523608886107,hrp,Combined
2022-06-14,-0.010147770089095657,hrp,Combined
2022-06-15,0.008775021338232242,hrp,Combined
2022-06-16,-0.01947431031255091,hrp,Combined
2022-06-17,-0.0009963986077780131,hrp,Combined
2022-06-21,0.021503519635144304,hrp,Combined
2022-06-22,0.003186013795743614,hrp,Combined
2022-06-23,0.012098464167780019,hrp,Combined
2022-06-24,0.021252286862865646,hrp,Combined
2022-06-27,-0.00248824941229567,hrp,Combined
2022-06-28,-0.012092102508429195,hrp,Combined
2022-06-29,0.00045217070051049727,hrp,Combined
2022-06-30,-0.005083598942053049,hrp,Combined
2022-07-01,0.01297352518175707,hrp,Combined
2022-07-05,-0.004887372093211899,hrp,Combined
2022-07-06,0.001677139905964799,hrp,Combined
2022-07-07,0.005455297913278651,hrp,Combined
2022-07-08,-0.002121648206279855,hrp,Combined
2022-07-11,-0.003144620629202562,hrp,Combined
2022-07-12,-0.00444014638943603,hrp,Combined
2022-07-13,-0.002339675737578149,hrp,Combined
2022-07-14,-0.0020334021930524474,hrp,Combined
2022-07-15,0.014454441303883483,hrp,Combined
2022-07-18,-0.008996376959465039,hrp,Combined
2022-07-19,0.018460682906898136,hrp,Combined
2022-07-20,-0.005323842811483123,hrp,Combined
2022-07-21,0.002609301231554912,hrp,Combined
2022-07-22,-0.0015801304919959439,hrp,Combined
2022-07-25,-0.0007831769311243834,hrp,Combined
2022-07-26,-0.002518162267892533,hrp,Combined
2022-07-27,0.00790410327197696,hrp,Combined
2022-07-28,0.010925426478377614,hrp,Combined
2022-07-29,0.002261934322555469,hrp,Combined
2022-08-01,-0.0024251620236147554,hrp,Combined
2022-08-02,-0.008860720151236061,hrp,Combined
2022-08-03,0.008471557849665358,hrp,Combined
2022-08-04,-0.001960629399194568,hrp,Combined
2022-08-05,-0.0003256900500475198,hrp,Combined
2022-08-08,0.002138348432832662,hrp,Combined
2022-08-09,0.001338246624981036,hrp,Combined
2022-08-10,0.012270195695971084,hrp,Combined
2022-08-11,0.0010596312561803212,hrp,Combined
2022-08-12,0.01445826518362078,hrp,Combined
2022-08-15,0.006606659483095711,hrp,Combined
2022-08-16,0.005613393376721594,hrp,Combined
2022-08-17,-0.006480130400208763,hrp,Combined
2022-08-18,-5.474550737122921e-05,hrp,Combined
2022-08-19,-0.006664268167542264,hrp,Combined
2022-08-22,-0.016265497145560397,hrp,Combined
2022-08-23,-0.0034440581477257533,hrp,Combined
2022-08-24,0.0008129845104950155,hrp,Combined
2022-08-25,0.00947103056234012,hrp,Combined
2022-08-26,-0.026587286273138912,hrp,Combined
2022-08-29,-0.0030647015612492922,hrp,Combined
2022-08-30,-0.010057597843879091,hrp,Combined
2022-08-31,-0.005496123871658741,hrp,Combined
2022-09-01,0.008566064960196719,hrp,Combined
2022-09-02,-0.012124499831742887,hrp,Combined
2022-09-06,-0.0034774741531990437,hrp,Combined
2022-09-07,0.018218969603828596,hrp,Combined
2022-09-08,0.002854964997409357,hrp,Combined
2022-09-09,0.011151342232703532,hrp,Combined
2022-09-12,0.008334447009286764,hrp,Combined
2022-09-13,-0.03513108338623244,hrp,Combined
2022-09-14,0.0034491983474364244,hrp,Combined
2022-09-15,-0.013452631031241068,hrp,Combined
2022-09-16,-0.0016668179681720984,hrp,Combined
2022-09-19,0.004554769272951892,hrp,Combined
2022-09-20,-0.01411070996549674,hrp,Combined
2022-09-21,-0.015413120311157663,hrp,Combined
2022-09-22,-0.0020102816557552227,hrp,Combined
2022-09-23,-0.015550481223977475,hrp,Combined
2022-09-26,-0.012531472800818082,hrp,Combined
2022-09-27,-0.006474424761306264,hrp,Combined
2022-09-28,0.0181647354135746,hrp,Combined
2022-09-29,-0.01764363418645223,hrp,Combined
2022-09-30,-0.015352765038327353,hrp,Combined
2022-10-03,0.026244606333639273,hrp,Combined
2022-10-04,0.023932433410424246,hrp,Combined
2022-10-05,-0.0061570533778933815,hrp,Combined
2022-10-06,-0.014979766490191383,hrp,Combined
2022-10-07,-0.019355607261659174,hrp,Combined
2022-10-10,-0.0013633549144187757,hrp,Combined
2022-10-11,0.003177216910773033,hrp,Combined
2022-10-12,-0.00785766227693698,hrp,Combined
2022-10-13,0.024052148612205195,hrp,Combined
2022-10-14,-0.014135227242627557,hrp,Combined
2022-10-17,0.018019670261822024,hrp,Combined
2022-10-18,0.011956342640035623,hrp,Combined
2022-10-19,-0.012026952242272213,hrp,Combined
2022-10-20,-0.004521544998546156,hrp,Combined
2022-10-21,0.02009574874244019,hrp,Combined
2022-10-24,0.012051936056211562,hrp,Combined
2022-10-25,0.014622495055017143,hrp,Combined
2022-10-26,0.009005456232887387,hrp,Combined
2022-10-27,-0.0004410773449049845,hrp,Combined
2022-10-28,0.02525220135567778,hrp,Combined
2022-10-31,-0.006712339622088882,hrp,Combined
2022-11-01,0.0003905116286861348,hrp,Combined
2022-11-02,-0.01464054355858818,hrp,Combined
2022-11-03,-0.004995491583329876,hrp,Combined
2022-11-04,0.015549342683432546,hrp,Combined
2022-11-07,0.005703603378364062,hrp,Combined
2022-11-08,0.007977751938451448,hrp,Combined
2022-11-09,-0.017326566981738883,hrp,Combined
2022-11-10,0.04111591278269517,hrp,Combined
2022-11-11,0.003239240716378566,hrp,Combined
2022-11-14,-0.007134784446271027,hrp,Combined
2022-11-15,0.009752352927364906,hrp,Combined
2022-11-16,-0.00437650610289676,hrp,Combined
2022-11-17,-0.0013684718472079856,hrp,Combined
2022-11-18,0.007942469149828203,hrp,Combined
2022-11-21,0.003493970008749543,hrp,Combined
2022-11-22,0.011327247357246257,hrp,Combined
2022-11-23,0.004309874769550674,hrp,Combined
2022-11-25,0.0023685762650149005,hrp,Combined
2022-11-28,-0.014187111562685829,hrp,Combined
2022-11-29,0.0030773645338650376,hrp,Combined
2022-11-30,0.020846351517793883,hrp,Combined
2022-12-01,0.0005507771592570679,hrp,Combined
2022-12-02,0.001298733578013925,hrp,Combined
2022-12-05,-0.01462142934503252,hrp,Combined
2022-12-06,-0.006745982079649098,hrp,Combined
2022-12-07,0.00015104150978616161,hrp,Combined
2022-12-08,0.005646095763190997,hrp,Combined
2022-12-09,-0.009516302654523379,hrp,Combined
2022-12-12,0.014272016198486531,hrp,Combined
2022-12-13,0.005093205734445318,hrp,Combined
2022-12-14,-0.006066875022830578,hrp,Combined
2022-12-15,-0.019444268730208127,hrp,Combined
2022-12-16,-0.009585484697758863,hrp,Combined
2022-12-19,-0.006654741428828714,hrp,Combined
2022-12-20,0.0023745938547049257,hrp,Combined
2022-12-21,0.013983073795476326,hrp,Combined
2022-12-22,-0.006406137297410026,hrp,Combined
2022-12-23,0.0055107023053089215,hrp,Combined
2022-12-27,0.0019249137001970298,hrp,Combined
2022-12-28,-0.012085841712218886,hrp,Combined
2022-12-29,0.011062353194520275,hrp,Combined
2022-12-30,-0.0029918873189234193,hrp,Combined
2023-01-03,0.005814455334775808,hrp,Combined
2023-01-04,0.015588145502650618,hrp,Combined
2023-01-05,-0.006307294620867548,hrp,Combined
2023-01-06,0.02100093525606085,hrp,Combined
2023-01-09,-0.004413049143963199,hrp,Combined
2023-01-10,0.005801828491867517,hrp,Combined
2023-01-11,0.007425828718997093,hrp,Combined
2023-01-12,0.0017031271572866913,hrp,Combined
2023-01-13,0.0038548244972087787,hrp,Combined
2023-01-17,-0.006526305340370494,hrp,Combined
2023-01-18,-0.017977255067270465,hrp,Combined
2023-01-19,-0.005605001601919764,hrp,Combined
2023-01-20,0.0127997158137281,hrp,Combined
2023-01-23,0.006994816172591206,hrp,Combined
2023-01-24,-0.0025658515732913754,hrp,Combined
2023-01-25,0.0044038265461366945,hrp,Combined
2023-01-26,0.0016433891009579888,hrp,Combined
2023-01-27,-0.0005698603855083112,hrp,Combined
2023-01-30,-0.006387908857101241,hrp,Combined
2023-01-31,0.01091252145434519,hrp,Combined
2023-02-01,0.0012525020827491267,hrp,Combined
2023-02-02,-0.0022800060107229397,hrp,Combined
2023-02-03,-0.012104420492071555,hrp,Combined
2023-02-06,-0.0033528066910236986,hrp,Combined
2023-02-07,0.0073596947873144705,hrp,Combined
2023-02-08,-0.009221837571475136,hrp,Combined
2023-02-09,-0.007925429112141879,hrp,Combined
2023-02-10,0.009747733647248161,hrp,Combined
2023-02-13,0.008854255552971339,hrp,Combined
2023-02-14,-0.004650124545996239,hrp,Combined
2023-02-15,0.002302131714213355,hrp,Combined
2023-02-16,-0.012191262363601548,hrp,Combined
2023-02-17,0.0057816575166246935,hrp,Combined
2023-02-21,-0.013415871755014214,hrp,Combined
2023-02-22,-0.005489573744796534,hrp,Combined
2023-02-23,0.0002830433592858073,hrp,Combined
2023-02-24,-0.007925836798257707,hrp,Combined
2023-02-27,0.00029835365210015286,hrp,Combined
2023-02-28,-0.005780599927845909,hrp,Combined
2023-03-01,-0.0029913974314745287,hrp,Combined
2023-03-02,0.009916930357866392,hrp,Combined
2023-03-03,0.010290261863330019,hrp,Combined
2023-03-06,0.0012435573478526538,hrp,Combined
2023-03-07,-0.015380374819783547,hrp,Combined
2023-03-08,-0.0013412201685465868,hrp,Combined
2023-03-09,-0.015146034668802627,hrp,Combined
2023-03-10,-0.008343575284957305,hrp,Combined
2023-03-13,0.0038821303446267942,hrp,Combined
2023-03-14,0.01115480878328393,hrp,Combined
2023-03-15,-0.00138478365776154,hrp,Combined
2023-03-16,0.008318939435260565,hrp,Combined
2023-03-17,-0.009655466447353132,hrp,Combined
2023-03-20,0.010529553673157433,hrp,Combined
2023-03-21,0.0031431831865581647,hrp,Combined
2023-03-22,-0.01860296948382723,hrp,Combined
2023-03-23,0.003509365216571501,hrp,Combined
2023-03-24,0.011953789225295995,hrp,Combined
2023-03-27,0.00324667853843353,hrp,Combined
2023-03-28,0.0012541380673359393,hrp,Combined
2023-03-29,0.012144353820704066,hrp,Combined
2023-03-30,0.003843234405380834,hrp,Combined
2023-03-31,0.011521776327981141,hrp,Combined
2023-04-03,0.005126119543950928,hrp,Combined
2023-04-04,0.00019279529270479557,hrp,Combined
2023-04-05,0.00942140773494018,hrp,Combined
2023-04-06,0.0006020870352066929,hrp,Combined
2023-04-10,0.0009047947828603923,hrp,Combined
2023-04-11,0.0014119157423982463,hrp,Combined
2023-04-12,-0.0009531189449046207,hrp,Combined
2023-04-13,0.00861587755367975,hrp,Combined
2023-04-14,-0.005726251942716327,hrp,Combined
2023-04-17,0.0032196191037574353,hrp,Combined
2023-04-18,-0.0010258755681210466,hrp,Combined
2023-04-19,0.0009832708142107993,hrp,Combined
2023-04-20,-0.006643198721182863,hrp,Combined
2023-04-21,0.0019359991718802712,hrp,Combined
2023-04-24,0.0016364591597269322,hrp,Combined
2023-04-25,-0.007527484186259023,hrp,Combined
2023-04-26,-0.01575822021870789,hrp,Combined
2023-04-27,0.009665752777890562,hrp,Combined
2023-04-28,0.0056374390566388405,hrp,Combined
2023-05-01,-0.0014584976406121196,hrp,Combined
2023-05-02,-0.012136908902068862,hrp,Combined
2023-05-03,-0.009516323984146783,hrp,Combined
2023-05-04,-0.002355220926508217,hrp,Combined
2023-05-05,0.012765949334182998,hrp,Combined
2023-05-08,-0.002085975951984287,hrp,Combined
2023-05-09,-0.004229785783526562,hrp,Combined
2023-05-10,-0.00018659358130643222,hrp,Combined
2023-05-11,-0.006732784556113651,hrp,Combined
2023-05-12,0.00035165041982763447,hrp,Combined
2023-05-15,-9.042292360274429e-05,hrp,Combined
2023-05-16,-0.01592474720002194,hrp,Combined
2023-05-17,0.005731486935981413,hrp,Combined
2023-05-18,0.0018763431191353257,hrp,Combined
2023-05-19,-0.0009039834720945196,hrp,Combined
2023-05-22,-0.0009718666441801411,hrp,Combined
2023-05-23,-0.006894570407474888,hrp,Combined
2023-05-24,-0.009078262621610635,hrp,Combined
2023-05-25,-0.009466883933196852,hrp,Combined
2023-05-26,0.0036184746784383437,hrp,Combined
2023-05-30,-0.0034001056097050105,hrp,Combined
2023-05-31,0.0013798357852557045,hrp,Combined
2023-06-01,0.0005467016878124113,hrp,Combined
2023-06-02,0.015750989581721726,hrp,Combined
2023-06-05,-0.003348126729777046,hrp,Combined
2023-06-06,-0.0007909297539557004,hrp,Combined
2023-06-07,0.00610434104195222,hrp,Combined
2023-06-08,0.005868698425861445,hrp,Combined
2023-06-09,-0.0031886010315180543,hrp,Combined
2023-06-12,0.0019501762562814944,hrp,Combined
2023-06-13,0.005174731110783608,hrp,Combined
2023-06-14,-0.0008259799443332238,hrp,Combined
2023-06-15,0.011366860406924131,hrp,Combined
2023-06-16,0.0024029544895074833,hrp,Combined
2023-06-20,-0.01008874045963979,hrp,Combined
2023-06-21,-6.811824583706184e-05,hrp,Combined
2023-06-22,-0.0007461677538035206,hrp,Combined
2023-06-23,-0.005787249007338071,hrp,Combined
2023-06-26,0.006029611265865841,hrp,Combined
2023-06-27,0.00406294233716454,hrp,Combined
2023-06-28,-0.00444632296235526,hrp,Combined
2023-06-29,0.004336121372632246,hrp,Combined
2023-06-30,0.009756670896535168,hrp,Combined
2023-07-03,0.005256597112273812,hrp,Combined
2023-07-05,-0.0015381336681581468,hrp,Combined
2023-07-06,-0.010904145926947214,hrp,Combined
2023-07-07,-0.0047772242364726705,hrp,Combined
2023-07-10,0.0032975205089099597,hrp,Combined
2023-07-11,0.011697136343021731,hrp,Combined
2023-07-12,0.005355810468240412,hrp,Combined
2023-07-13,0.006889464429473862,hrp,Combined
2023-07-14,-0.0036635631816429102,hrp,Combined
2023-07-17,-0.006892984311619268,hrp,Combined
2023-07-18,0.002999053897883724,hrp,Combined
2023-07-19,0.007795307400397445,hrp,Combined
2023-07-20,0.007097915432122377,hrp,Combined
2023-07-21,0.007327440159878459,hrp,Combined
2023-07-24,0.0012264939803943997,hrp,Combined
2023-07-25,0.000907831621243216,hrp,Combined
2023-07-26,0.0028286887121776326,hrp,Combined
2023-07-27,-0.004953201948833501,hrp,Combined
2023-07-28,0.003118315144322742,hrp,Combined
2023-07-31,-0.000719265643124465,hrp,Combined
2023-08-01,-0.005859762578495379,hrp,Combined
2023-08-02,-0.009745059731666885,hrp,Combined
2023-08-03,-0.007952679988210977,hrp,Combined
2023-08-04,-0.00314277695110957,hrp,Combined
2023-08-07,0.009762337982051643,hrp,Combined
2023-08-08,-0.0004627674407604368,hrp,Combined
2023-08-09,0.00038403941296611706,hrp,Combined
2023-08-10,0.0010090306757641878,hrp,Combined
2023-08-11,0.0032560093626883215,hrp,Combined
2023-08-14,-0.0010435340773552253,hrp,Combined
2023-08-15,-0.01010996388087965,hrp,Combined
2023-08-16,-0.006301325426487574,hrp,Combined
2023-08-17,-0.007240288103702853,hrp,Combined
2023-08-18,0.00133838563172227,hrp,Combined
2023-08-21,-0.0026854729021143476,hrp,Combined
2023-08-22,-0.004003301175744238,hrp,Combined
2023-08-23,0.007523405685208294,hrp,Combined
2023-08-24,-0.009642049301592234,hrp,Combined
2023-08-25,0.0041796275388524436,hrp,Combined
2023-08-28,0.005637465783531503,hrp,Combined
2023-08-29,0.01138690568818817,hrp,Combined
2023-08-30,0.00011904077553704353,hrp,Combined
2023-08-31,-0.0057186169702037005,hrp,Combined
2023-09-01,0.0005872026680310623,hrp,Combined
2023-09-05,-0.01064964237792536,hrp,Combined
2023-09-06,-0.0036571936069436945,hrp,Combined
2023-09-07,0.004739825633880467,hrp,Combined
2023-09-08,0.004545537028023857,hrp,Combined
2023-09-11,0.0035309677259910657,hrp,Combined
2023-09-12,0.0006626534836247004,hrp,Combined
2023-09-13,0.0012481427832318449,hrp,Combined
2023-09-14,0.0131467390414939,hrp,Combined
2023-09-15,-0.007138753809110156,hrp,Combined
2023-09-18,0.000379479969328247,hrp,Combined
2023-09-19,-0.001908755251170901,hrp,Combined
2023-09-20,-0.0005965141245727381,hrp,Combined
2023-09-21,-0.015389355560682948,hrp,Combined
2023-09-22,-0.0032862553942964996,hrp,Combined
2023-09-25,0.00022628472196677027,hrp,Combined
2023-09-26,-0.010763359508578664,hrp,Combined
2023-09-27,-0.00566251125935209,hrp,Combined
2023-09-28,0.0021219281164237837,hrp,Combined
2023-09-29,-0.0020964535067892237,hrp,Combined
2023-10-02,-0.015498570817462183,hrp,Combined
2023-10-03,-0.006473092328559314,hrp,Combined
2023-10-04,0.003481795264591798,hrp,Combined
2023-10-05,-0.004052774517969106,hrp,Combined
2023-10-06,0.008223217655462235,hrp,Combined
2023-10-09,0.0064794623277794885,hrp,Combined
2023-10-10,0.00799065659729665,hrp,Combined
2023-10-11,0.004706593477532586,hrp,Combined
2023-10-12,-0.008127276881631637,hrp,Combined
2023-10-13,0.0028946244788892496,hrp,Combined
2023-10-16,0.010124644235007706,hrp,Combined
2023-10-17,0.002751580692682289,hrp,Combined
2023-10-18,-0.011295639520793068,hrp,Combined
2023-10-19,-0.007342279423473776,hrp,Combined
2023-10-20,-0.0044354615523167825,hrp,Combined
2023-10-23,-0.0042543825631164945,hrp,Combined
2023-10-24,0.012273050925044628,hrp,Combined
2023-10-25,-0.007269273711008019,hrp,Combined
2023-10-26,-0.0019402969564406812,hrp,Combined
2023-10-27,-0.013083896848597378,hrp,Combined
2023-10-30,0.009234299762309196,hrp,Combined
2023-10-31,0.00474990214564357,hrp,Combined
2023-11-01,0.0060556889333697374,hrp,Combined
2023-11-02,0.019765342967911458,hrp,Combined
2023-11-03,0.009297140281932934,hrp,Combined
2023-11-06,-0.003015722568206383,hrp,Combined
2023-11-07,-0.0028371710263737937,hrp,Combined
2023-11-08,-0.002236978122531288,hrp,Combined
2023-11-09,-0.009185156407309538,hrp,Combined
2023-11-10,0.00848998389429373,hrp,Combined
2023-11-13,-0.0006884624974410743,hrp,Combined
2023-11-14,0.017594154276814777,hrp,Combined
2023-11-15,0.006402762366507851,hrp,Combined
2023-11-16,-0.003846794339490169,hrp,Combined
2023-11-17,0.0011613115099050062,hrp,Combined
2023-11-20,0.003855446830437948,hrp,Combined
2023-11-21,-0.0018438348296665138,hrp,Combined
2023-11-22,0.0028613437185541135,hrp,Combined
2023-11-24,0.0034905647476532664,hrp,Combined
2023-11-27,-0.0007029620047036569,hrp,Combined
2023-11-28,0.002505116816701038,hrp,Combined
2023-11-29,0.002739539305122763,hrp,Combined
2023-11-30,0.007620786751185463,hrp,Combined
2023-12-01,0.008432102043305087,hrp,Combined
2023-12-04,0.0016366971883386699,hrp,Combined
2023-12-05,-0.0017128935943982596,hrp,Combined
2023-12-06,0.00143737089793113,hrp,Combined
2023-12-07,0.001267837981256158,hrp,Combined
2023-12-08,0.002454856034834045,hrp,Combined
2023-12-11,0.003808383974700808,hrp,Combined
2023-12-12,0.0008026498531484043,hrp,Combined
2023-12-13,0.021837998870597782,hrp,Combined
2023-12-14,0.006269943690388109,hrp,Combined
2023-12-15,-0.006678364718387773,hrp,Combined
2023-12-18,-0.00023700953168677677,hrp,Combined
2023-12-19,0.005108675059382362,hrp,Combined
2023-12-20,-0.012881600139484117,hrp,Combined
2023-12-21,0.007225058318774829,hrp,Combined
2023-12-22,0.004984069452616892,hrp,Combined
2023-12-26,0.003061164766907763,hrp,Combined
2023-12-27,0.0032726119087456117,hrp,Combined
2023-12-28,0.00230649549632135,hrp,Combined
2023-12-29,-0.002146865269900282,hrp,Combined
2022-01-03,-0.0023563942360771807,max_sharpe_sentiment,Combined
2022-01-04,-0.010291341885898309,max_sharpe_sentiment,Combined
2022-01-05,-0.03617606742177233,max_sharpe_sentiment,Combined
2022-01-06,0.009294721835811454,max_sharpe_sentiment,Combined
2022-01-07,-0.030355255056500628,max_sharpe_sentiment,Combined
2022-01-10,-0.005547109287181615,max_sharpe_sentiment,Combined
2022-01-11,0.016795677655732092,max_sharpe_sentiment,Combined
2022-01-12,0.02163682609028981,max_sharpe_sentiment,Combined
2022-01-13,-0.03412137023356892,max_sharpe_sentiment,Combined
2022-01-14,0.010580091039309878,max_sharpe_sentiment,Combined
2022-01-18,-0.026439662726308127,max_sharpe_sentiment,Combined
2022-01-19,-0.024928374600194713,max_sharpe_sentiment,Combined
2022-01-20,-0.03019784611684358,max_sharpe_sentiment,Combined
2022-01-21,-0.043016034697333505,max_sharpe_sentiment,Combined
2022-01-24,-0.00666260676342184,max_sharpe_sentiment,Combined
2022-01-25,-0.018369209675636412,max_sharpe_sentiment,Combined
2022-01-26,0.0033931215278704308,max_sharpe_sentiment,Combined
2022-01-27,-0.020764631548458926,max_sharpe_sentiment,Combined
2022-01-28,0.030727934223225374,max_sharpe_sentiment,Combined
2022-01-31,0.03538958385658829,max_sharpe_sentiment,Combined
2022-02-01,0.01618230036649913,max_sharpe_sentiment,Combined
2022-02-02,0.00939571035531015,max_sharpe_sentiment,Combined
2022-02-03,-0.015957374504280513,max_sharpe_sentiment,Combined
2022-02-04,0.015384826164519043,max_sharpe_sentiment,Combined
2022-02-07,0.013366006352480241,max_sharpe_sentiment,Combined
2022-02-08,0.0057425289085631555,max_sharpe_sentiment,Combined
2022-02-09,0.02291304414203297,max_sharpe_sentiment,Combined
2022-02-10,-0.020584982477781705,max_sharpe_sentiment,Combined
2022-02-11,-0.03496099560724915,max_sharpe_sentiment,Combined
2022-02-14,0.005376694165283527,max_sharpe_sentiment,Combined
2022-02-15,0.03803608176494534,max_sharpe_sentiment,Combined
2022-02-16,-0.002618248454074068,max_sharpe_sentiment,Combined
2022-02-17,-0.03993346133121379,max_sharpe_sentiment,Combined
2022-02-18,-0.012379923877921892,max_sharpe_sentiment,Combined
2022-02-22,0.0030090132645577317,max_sharpe_sentiment,Combined
2022-02-23,-0.015523537810824073,max_sharpe_sentiment,Combined
2022-02-24,0.01963717997725586,max_sharpe_sentiment,Combined
2022-02-25,0.025960682211059335,max_sharpe_sentiment,Combined
2022-02-28,0.020183100288639275,max_sharpe_sentiment,Combined
2022-03-01,-0.008735061517699528,max_sharpe_sentiment,Combined
2022-03-02,0.019530633009118045,max_sharpe_sentiment,Combined
2022-03-03,-0.006492692117810127,max_sharpe_sentiment,Combined
2022-03-04,-0.013951149182187761,max_sharpe_sentiment,Combined
2022-03-07,-0.02330473714824808,max_sharpe_sentiment,Combined
2022-03-08,-0.004694476829539908,max_sharpe_sentiment,Combined
2022-03-09,0.033849518750215746,max_sharpe_sentiment,Combined
2022-03-10,-0.0070072354765009495,max_sharpe_sentiment,Combined
2022-03-11,-0.009033547514687209,max_sharpe_sentiment,Combined
2022-03-14,-0.0017691994687077878,max_sharpe_sentiment,Combined
2022-03-15,0.023023062497946088,max_sharpe_sentiment,Combined
2022-03-16,0.02441892197119836,max_sharpe_sentiment,Combined
2022-03-17,0.008887841712649756,max_sharpe_sentiment,Combined
2022-03-18,0.009760248330399977,max_sharpe_sentiment,Combined
2022-03-21,0.012317044149282351,max_sharpe_sentiment,Combined
2022-03-22,0.008047735776007234,max_sharpe_sentiment,Combined
2022-03-23,0.005365181828235135,max_sharpe_sentiment,Combined
2022-03-24,0.024041042227744457,max_sharpe_sentiment,Combined
2022-03-25,0.00659244696844773,max_sharpe_sentiment,Combined
2022-03-28,0.003772457591867886,max_sharpe_sentiment,Combined
2022-03-29,0.005832283446261185,max_sharpe_sentiment,Combined
2022-03-30,-0.007034392359333815,max_sharpe_sentiment,Combined
2022-03-31,-0.019653026957868996,max_sharpe_sentiment,Combined
2022-04-01,-0.0017190066928211402,max_sharpe_sentiment,Combined
2022-04-04,-0.0012170630867056225,max_sharpe_sentiment,Combined
2022-04-05,-0.00877442959288074,max_sharpe_sentiment,Combined
2022-04-06,0.008449721525116714,max_sharpe_sentiment,Combined
2022-04-07,0.011140719297962795,max_sharpe_sentiment,Combined
2022-04-08,-0.002647687339161165,max_sharpe_sentiment,Combined
2022-04-11,-0.030372801948869498,max_sharpe_sentiment,Combined
2022-04-12,0.002961757955409449,max_sharpe_sentiment,Combined
2022-04-13,-0.002539768589918482,max_sharpe_sentiment,Combined
2022-04-14,0.0016101083171650742,max_sharpe_sentiment,Combined
2022-04-18,0.006378486474834949,max_sharpe_sentiment,Combined
2022-04-19,-0.0006980651478109759,max_sharpe_sentiment,Combined
2022-04-20,-0.003163587482062397,max_sharpe_sentiment,Combined
2022-04-21,-0.006165549059039897,max_sharpe_sentiment,Combined
2022-04-22,-0.03192612197607317,max_sharpe_sentiment,Combined
2022-04-25,-0.0004629725843249061,max_sharpe_sentiment,Combined
2022-04-26,-0.014398364935337698,max_sharpe_sentiment,Combined
2022-04-27,0.0030200265043315794,max_sharpe_sentiment,Combined
2022-04-28,0.014745169993892176,max_sharpe_sentiment,Combined
2022-04-29,-0.05687717319873026,max_sharpe_sentiment,Combined
2022-05-02,-0.006374841783825622,max_sharpe_sentiment,Combined
2022-05-03,0.0035369392572115028,max_sharpe_sentiment,Combined
2022-05-04,0.01388222406037434,max_sharpe_sentiment,Combined
2022-05-05,-0.03359246454486904,max_sharpe_sentiment,Combined
2022-05-06,-0.014483923164434264,max_sharpe_sentiment,Combined
2022-05-09,-0.05480840388872588,max_sharpe_sentiment,Combined
2022-05-10,0.0064096765161213605,max_sharpe_sentiment,Combined
2022-05-11,-0.017288003567204495,max_sharpe_sentiment,Combined
2022-05-12,-0.0011709431682145554,max_sharpe_sentiment,Combined
2022-05-13,0.013816171101784496,max_sharpe_sentiment,Combined
2022-05-16,-0.005418819053298379,max_sharpe_sentiment,Combined
2022-05-17,0.009854521496985704,max_sharpe_sentiment,Combined
2022-05-18,-0.03855855646220745,max_sharpe_sentiment,Combined
2022-05-19,0.006631896310594616,max_sharpe_sentiment,Combined
2022-05-20,-0.004983632654186435,max_sharpe_sentiment,Combined
2022-05-23,0.014278067296119938,max_sharpe_sentiment,Combined
2022-05-24,0.0023569566584112447,max_sharpe_sentiment,Combined
2022-05-25,0.010628924581916352,max_sharpe_sentiment,Combined
2022-05-26,0.013314655516502434,max_sharpe_sentiment,Combined
2022-05-27,0.016682164683417985,max_sharpe_sentiment,Combined
2022-05-31,-0.01611607479882222,max_sharpe_sentiment,Combined
2022-06-01,-0.010692440873038016,max_sharpe_sentiment,Combined
2022-06-02,0.013324167743782048,max_sharpe_sentiment,Combined
2022-06-03,-0.005650720598777322,max_sharpe_sentiment,Combined
2022-06-06,-0.008509767032858953,max_sharpe_sentiment,Combined
2022-06-07,0.016574765017812708,max_sharpe_sentiment,Combined
2022-06-08,-0.0164665617338398,max_sharpe_sentiment,Combined
2022-06-09,-0.028514069435851573,max_sharpe_sentiment,Combined
2022-06-10,-0.01681442606599653,max_sharpe_sentiment,Combined
2022-06-13,-0.043872793350221505,max_sharpe_sentiment,Combined
2022-06-14,-0.0020819411517356235,max_sharpe_sentiment,Combined
2022-06-15,0.01372475040630261,max_sharpe_sentiment,Combined
2022-06-16,-0.024633528809337304,max_sharpe_sentiment,Combined
2022-06-17,-0.0027651996205775038,max_sharpe_sentiment,Combined
2022-06-21,0.023827517359731768,max_sharpe_sentiment,Combined
2022-06-22,0.005497539208323862,max_sharpe_sentiment,Combined
2022-06-23,0.005594781566827118,max_sharpe_sentiment,Combined
2022-06-24,0.02858062132176791,max_sharpe_sentiment,Combined
2022-06-27,0.0023821351902246395,max_sharpe_sentiment,Combined
2022-06-28,-0.007740585139228476,max_sharpe_sentiment,Combined
2022-06-29,-0.009080997026102839,max_sharpe_sentiment,Combined
2022-06-30,-0.004104778782235435,max_sharpe_sentiment,Combined
2022-07-01,0.006673822431500935,max_sharpe_sentiment,Combined
2022-07-05,-0.0047364011748297925,max_sharpe_sentiment,Combined
2022-07-06,0.0002719424422291356,max_sharpe_sentiment,Combined
2022-07-07,0.009533332374543256,max_sharpe_sentiment,Combined
2022-07-08,-0.0010612985344508967,max_sharpe_sentiment,Combined
2022-07-11,-0.004748927438290686,max_sharpe_sentiment,Combined
2022-07-12,-0.014343699787712102,max_sharpe_sentiment,Combined
2022-07-13,-0.00045173437023876767,max_sharpe_sentiment,Combined
2022-07-14,-0.0016368429324020181,max_sharpe_sentiment,Combined
2022-07-15,0.01961632521348933,max_sharpe_sentiment,Combined
2022-07-18,-0.0071808603068403455,max_sharpe_sentiment,Combined
2022-07-19,0.01993632721699774,max_sharpe_sentiment,Combined
2022-07-20,-0.003022046639701739,max_sharpe_sentiment,Combined
2022-07-21,0.007990048393862774,max_sharpe_sentiment,Combined
2022-07-22,-0.00892546680350304,max_sharpe_sentiment,Combined
2022-07-25,0.015317853748011478,max_sharpe_sentiment,Combined
2022-07-26,-0.001868998821453543,max_sharpe_sentiment,Combined
2022-07-27,0.005945903324866543,max_sharpe_sentiment,Combined
2022-07-28,0.01917533029553772,max_sharpe_sentiment,Combined
2022-07-29,0.007641736823454189,max_sharpe_sentiment,Combined
2022-08-01,-0.00828242444423562,max_sharpe_sentiment,Combined
2022-08-02,-0.007196109068684781,max_sharpe_sentiment,Combined
2022-08-03,0.0019193783828675205,max_sharpe_sentiment,Combined
2022-08-04,-0.008680159898416438,max_sharpe_sentiment,Combined
2022-08-05,0.005990536052527697,max_sharpe_sentiment,Combined
2022-08-08,0.009637857938259338,max_sharpe_sentiment,Combined
2022-08-09,0.016774972248465456,max_sharpe_sentiment,Combined
2022-08-10,0.009011598645358823,max_sharpe_sentiment,Combined
2022-08-11,0.008632786193899017,max_sharpe_sentiment,Combined
2022-08-12,0.011091811973902794,max_sharpe_sentiment,Combined
2022-08-15,-0.00033639470442113997,max_sharpe_sentiment,Combined
2022-08-16,-0.0008452546555608321,max_sharpe_sentiment,Combined
2022-08-17,-0.002515292459157982,max_sharpe_sentiment,Combined
2022-08-18,0.005048665169158836,max_sharpe_sentiment,Combined
2022-08-19,-0.00041449615243324234,max_sharpe_sentiment,Combined
2022-08-22,-0.016768263973106694,max_sharpe_sentiment,Combined
2022-08-23,0.0019893499445449853,max_sharpe_sentiment,Combined
2022-08-24,0.0027110582239840094,max_sharpe_sentiment,Combined
2022-08-25,0.014419371603469735,max_sharpe_sentiment,Combined
2022-08-26,-0.019886106365889833,max_sharpe_sentiment,Combined
2022-08-29,0.00020576314432626993,max_sharpe_sentiment,Combined
2022-08-30,-0.021355074733270907,max_sharpe_sentiment,Combined
2022-08-31,-0.00860630887348407,max_sharpe_sentiment,Combined
2022-09-01,0.005360558614650945,max_sharpe_sentiment,Combined
2022-09-02,-0.008581723722355761,max_sharpe_sentiment,Combined
2022-09-06,-0.0019449878700424793,max_sharpe_sentiment,Combined
2022-09-07,0.009681929902492514,max_sharpe_sentiment,Combined
2022-09-08,-0.0028280077672017236,max_sharpe_sentiment,Combined
2022-09-09,0.00805617062664709,max_sharpe_sentiment,Combined
2022-09-12,0.004761845255267411,max_sharpe_sentiment,Combined
2022-09-13,-0.02723696024370976,max_sharpe_sentiment,Combined
2022-09-14,0.002402952577766992,max_sharpe_sentiment,Combined
2022-09-15,-0.027434698055684822,max_sharpe_sentiment,Combined
2022-09-16,-0.00313125369600285,max_sharpe_sentiment,Combined
2022-09-19,0.0048349638534338725,max_sharpe_sentiment,Combined
2022-09-20,-0.015752550771182008,max_sharpe_sentiment,Combined
2022-09-21,-0.017419314867236947,max_sharpe_sentiment,Combined
2022-09-22,-0.004899832574509263,max_sharpe_sentiment,Combined
2022-09-23,-0.01802098192859459,max_sharpe_sentiment,Combined
2022-09-26,-0.01807097356742184,max_sharpe_sentiment,Combined
2022-09-27,-0.00794747290619868,max_sharpe_sentiment,Combined
2022-09-28,0.01731918105451296,max_sharpe_sentiment,Combined
2022-09-29,-0.012542912775105134,max_sharpe_sentiment,Combined
2022-09-30,-0.011523173240866044,max_sharpe_sentiment,Combined
2022-10-03,0.0258788223839804,max_sharpe_sentiment,Combined
2022-10-04,0.023583164733210846,max_sharpe_sentiment,Combined
2022-10-05,0.003754584518692853,max_sharpe_sentiment,Combined
2022-10-06,0.0004962508143503367,max_sharpe_sentiment,Combined
2022-10-07,-0.013883924120267661,max_sharpe_sentiment,Combined
2022-10-10,-0.01926347831683171,max_sharpe_sentiment,Combined
2022-10-11,0.005295949061158241,max_sharpe_sentiment,Combined
2022-10-12,-0.005134991529784531,max_sharpe_sentiment,Combined
2022-10-13,0.028177687916237645,max_sharpe_sentiment,Combined
2022-10-14,-0.018201841043542916,max_sharpe_sentiment,Combined
2022-10-17,0.01603919521837314,max_sharpe_sentiment,Combined
2022-10-18,0.008390242712557266,max_sharpe_sentiment,Combined
2022-10-19,-0.011882558254520361,max_sharpe_sentiment,Combined
2022-10-20,0.0014232502960204762,max_sharpe_sentiment,Combined
2022-10-21,0.02559068807384728,max_sharpe_sentiment,Combined
2022-10-24,0.00306913504077067,max_sharpe_sentiment,Combined
2022-10-25,0.012492848280759484,max_sharpe_sentiment,Combined
2022-10-26,0.01031507485466026,max_sharpe_sentiment,Combined
2022-10-27,-0.0014145276241476754,max_sharpe_sentiment,Combined
2022-10-28,-0.007364495972333206,max_sharpe_sentiment,Combined
2022-10-31,-0.0030574010128517574,max_sharpe_sentiment,Combined
2022-11-01,0.005558288059697212,max_sharpe_sentiment,Combined
2022-11-02,-0.02813410583741457,max_sharpe_sentiment,Combined
2022-11-03,0.007955686710878037,max_sharpe_sentiment,Combined
2022-11-04,0.012216502439038966,max_sharpe_sentiment,Combined
2022-11-07,0.01633867521420013,max_sharpe_sentiment,Combined
2022-11-08,0.004113155886504502,max_sharpe_sentiment,Combined
2022-11-09,-0.04117624732234432,max_sharpe_sentiment,Combined
2022-11-10,0.030466420775074617,max_sharpe_sentiment,Combined
2022-11-11,0.007017875604254958,max_sharpe_sentiment,Combined
2022-11-14,0.004064209123410172,max_sharpe_sentiment,Combined
2022-11-15,0.006131887511261734,max_sharpe_sentiment,Combined
2022-11-16,-0.011051430701043963,max_sharpe_sentiment,Combined
2022-11-17,0.0008139974575871989,max_sharpe_sentiment,Combined
2022-11-18,0.00501035835196039,max_sharpe_sentiment,Combined
2022-11-21,0.004072849546631114,max_sharpe_sentiment,Combined
2022-11-22,0.020746727584921403,max_sharpe_sentiment,Combined
2022-11-23,-0.002578155619439419,max_sharpe_sentiment,Combined
2022-11-25,-0.0006111766613129974,max_sharpe_sentiment,Combined
2022-11-28,-0.01858898544059329,max_sharpe_sentiment,Combined
2022-11-29,0.003702572334339342,max_sharpe_sentiment,Combined
2022-11-30,0.017325717169144966,max_sharpe_sentiment,Combined
2022-12-01,-0.0036933888957353823,max_sharpe_sentiment,Combined
2022-12-02,0.004172211029556325,max_sharpe_sentiment,Combined
2022-12-05,-0.018927451538155775,max_sharpe_sentiment,Combined
2022-12-06,-0.014776351981796753,max_sharpe_sentiment,Combined
2022-12-07,0.0010232168208538903,max_sharpe_sentiment,Combined
2022-12-08,0.009096710842361602,max_sharpe_sentiment,Combined
2022-12-09,-0.014394784740133242,max_sharpe_sentiment,Combined
2022-12-12,0.01261412441452801,max_sharpe_sentiment,Combined
2022-12-13,0.007992088496597253,max_sharpe_sentiment,Combined
2022-12-14,-0.0029812424875263212,max_sharpe_sentiment,Combined
2022-12-15,-0.021911010769337276,max_sharpe_sentiment,Combined
2022-12-16,-0.012138294205642247,max_sharpe_sentiment,Combined
2022-12-19,-0.00023429925266536862,max_sharpe_sentiment,Combined
2022-12-20,0.00279264543648251,max_sharpe_sentiment,Combined
2022-12-21,0.01302672494417602,max_sharpe_sentiment,Combined
2022-12-22,-0.005001043150274493,max_sharpe_sentiment,Combined
2022-12-23,0.010825965563110804,max_sharpe_sentiment,Combined
2022-12-27,0.00471920352588052,max_sharpe_sentiment,Combined
2022-12-28,-0.013604246122285746,max_sharpe_sentiment,Combined
2022-12-29,0.006452090284352174,max_sharpe_sentiment,Combined
2022-12-30,0.0013019242728412673,max_sharpe_sentiment,Combined
2023-01-03,-0.014729246487740781,max_sharpe_sentiment,Combined
2023-01-04,0.01126816321366652,max_sharpe_sentiment,Combined
2023-01-05,0.010425592661954643,max_sharpe_sentiment,Combined
2023-01-06,0.020433202462454295,max_sharpe_sentiment,Combined
2023-01-09,-0.024279550017495443,max_sharpe_sentiment,Combined
2023-01-10,0.011189694874017704,max_sharpe_sentiment,Combined
2023-01-11,0.0024815755255661,max_sharpe_sentiment,Combined
2023-01-12,0.004020618860459189,max_sharpe_sentiment,Combined
2023-01-13,0.005280417459456072,max_sharpe_sentiment,Combined
2023-01-17,-0.0077169734304557884,max_sharpe_sentiment,Combined
2023-01-18,-0.020620965803266413,max_sharpe_sentiment,Combined
2023-01-19,0.0032703380670010746,max_sharpe_sentiment,Combined
2023-01-20,0.014642505345455862,max_sharpe_sentiment,Combined
2023-01-23,-0.002993940816681472,max_sharpe_sentiment,Combined
2023-01-24,-0.0016322864660733162,max_sharpe_sentiment,Combined
2023-01-25,0.0010588650411553942,max_sharpe_sentiment,Combined
2023-01-26,0.02733606187208114,max_sharpe_sentiment,Combined
2023-01-27,-0.011311253864020297,max_sharpe_sentiment,Combined
2023-01-30,-0.011758943497126762,max_sharpe_sentiment,Combined
2023-01-31,0.015304764123637626,max_sharpe_sentiment,Combined
2023-02-01,-0.003910172818859723,max_sharpe_sentiment,Combined
2023-02-02,-0.022185516849190356,max_sharpe_sentiment,Combined
2023-02-03,0.0018933545465856226,max_sharpe_sentiment,Combined
2023-02-06,-0.010183378237020799,max_sharpe_sentiment,Combined
2023-02-07,0.011162132349300045,max_sharpe_sentiment,Combined
2023-02-08,-0.0036513440646094085,max_sharpe_sentiment,Combined
2023-02-09,0.0011950921918714465,max_sharpe_sentiment,Combined
2023-02-10,0.023133456480875052,max_sharpe_sentiment,Combined
2023-02-13,0.00391874825118137,max_sharpe_sentiment,Combined
2023-02-14,-0.003161861784788311,max_sharpe_sentiment,Combined
2023-02-15,-0.005660102382988877,max_sharpe_sentiment,Combined
2023-02-16,-0.008228719910308905,max_sharpe_sentiment,Combined
2023-02-17,-0.004875214611629018,max_sharpe_sentiment,Combined
2023-02-21,-0.0034257423015113617,max_sharpe_sentiment,Combined
2023-02-22,-0.009481434933703395,max_sharpe_sentiment,Combined
2023-02-23,0.007028184540353621,max_sharpe_sentiment,Combined
2023-02-24,-0.0031319631377995866,max_sharpe_sentiment,Combined
2023-02-27,0.0033083463402267662,max_sharpe_sentiment,Combined
2023-02-28,-0.0020719469689681282,max_sharpe_sentiment,Combined
2023-03-01,0.011193617352715573,max_sharpe_sentiment,Combined
2023-03-02,0.009856093458990802,max_sharpe_sentiment,Combined
2023-03-03,0.008135453581468841,max_sharpe_sentiment,Combined
2023-03-06,0.007518969984271889,max_sharpe_sentiment,Combined
2023-03-07,-0.011138999703901028,max_sharpe_sentiment,Combined
2023-03-08,-0.015258307927322452,max_sharpe_sentiment,Combined
2023-03-09,-0.014432577961294525,max_sharpe_sentiment,Combined
2023-03-10,-0.00570999485186974,max_sharpe_sentiment,Combined
2023-03-13,-0.005760674181479904,max_sharpe_sentiment,Combined
2023-03-14,0.013255687814673433,max_sharpe_sentiment,Combined
2023-03-15,-0.02538551993690393,max_sharpe_sentiment,Combined
2023-03-16,0.0025447861763175893,max_sharpe_sentiment,Combined
2023-03-17,-0.01245246420305357,max_sharpe_sentiment,Combined
2023-03-20,0.017460947746519885,max_sharpe_sentiment,Combined
2023-03-21,0.018435740082071495,max_sharpe_sentiment,Combined
2023-03-22,-0.01851197150977246,max_sharpe_sentiment,Combined
2023-03-23,0.0007446128996310778,max_sharpe_sentiment,Combined
2023-03-24,0.006598640681554024,max_sharpe_sentiment,Combined
2023-03-27,0.010329396968780736,max_sharpe_sentiment,Combined
2023-03-28,-0.0035062115139926596,max_sharpe_sentiment,Combined
2023-03-29,0.004108502073145171,max_sharpe_sentiment,Combined
2023-03-30,0.007101554441627306,max_sharpe_sentiment,Combined
2023-03-31,0.009875570643268085,max_sharpe_sentiment,Combined
2023-04-03,0.022274549353050586,max_sharpe_sentiment,Combined
2023-04-04,-0.012346111397922507,max_sharpe_sentiment,Combined
2023-04-05,0.01175157617941687,max_sharpe_sentiment,Combined
2023-04-06,-0.002929755908649092,max_sharpe_sentiment,Combined
2023-04-10,0.002329246831050371,max_sharpe_sentiment,Combined
2023-04-11,0.0007038060255201579,max_sharpe_sentiment,Combined
2023-04-12,0.0010130265934651323,max_sharpe_sentiment,Combined
2023-04-13,0.008869093565992584,max_sharpe_sentiment,Combined
2023-04-14,-0.0006798938468600732,max_sharpe_sentiment,Combined
2023-04-17,-0.005886972140080972,max_sharpe_sentiment,Combined
2023-04-18,0.002631481605322699,max_sharpe_sentiment,Combined
2023-04-19,0.0004749000512689541,max_sharpe_sentiment,Combined
2023-04-20,-0.0026778833023269914,max_sharpe_sentiment,Combined
2023-04-21,0.004360554816363761,max_sharpe_sentiment,Combined
2023-04-24,0.010184237464733806,max_sharpe_sentiment,Combined
2023-04-25,-0.00384512214187771,max_sharpe_sentiment,Combined
2023-04-26,-0.015287984937880672,max_sharpe_sentiment,Combined
2023-04-27,-0.013162777858647069,max_sharpe_sentiment,Combined
2023-04-28,0.01085578461713708,max_sharpe_sentiment,Combined
2023-05-01,-0.0032921844121877753,max_sharpe_sentiment,Combined
2023-05-02,-0.013368247688256762,max_sharpe_sentiment,Combined
2023-05-03,-0.012368403459387793,max_sharpe_sentiment,Combined
2023-05-04,-0.012888100640129505,max_sharpe_sentiment,Combined
2023-05-05,0.015144716261772231,max_sharpe_sentiment,Combined
2023-05-08,0.0026025335118159756,max_sharpe_sentiment,Combined
2023-05-09,-0.00701130814684533,max_sharpe_sentiment,Combined
2023-05-10,-0.003562019303588687,max_sharpe_sentiment,Combined
2023-05-11,-0.005285725925177116,max_sharpe_sentiment,Combined
2023-05-12,-0.0018774003624892643,max_sharpe_sentiment,Combined
2023-05-15,0.00119829626877538,max_sharpe_sentiment,Combined
2023-05-16,-0.008602241695360129,max_sharpe_sentiment,Combined
2023-05-17,0.009954939880960283,max_sharpe_sentiment,Combined
2023-05-18,0.012399069433220403,max_sharpe_sentiment,Combined
2023-05-19,0.007686210902850305,max_sharpe_sentiment,Combined
2023-05-22,-0.006692907235472769,max_sharpe_sentiment,Combined
2023-05-23,-0.002465145547836012,max_sharpe_sentiment,Combined
2023-05-24,0.0011498697081886557,max_sharpe_sentiment,Combined
2023-05-25,0.03247521880227493,max_sharpe_sentiment,Combined
2023-05-26,-0.00133251034078741,max_sharpe_sentiment,Combined
2023-05-30,-0.0066395523816010025,max_sharpe_sentiment,Combined
2023-05-31,-0.0038644777582710404,max_sharpe_sentiment,Combined
2023-06-01,0.00801677445202824,max_sharpe_sentiment,Combined
2023-06-02,0.014856975777597434,max_sharpe_sentiment,Combined
2023-06-05,0.0009667342234931602,max_sharpe_sentiment,Combined
2023-06-06,-0.008659510938604505,max_sharpe_sentiment,Combined
2023-06-07,-0.008475808788277993,max_sharpe_sentiment,Combined
2023-06-08,0.014881631027989497,max_sharpe_sentiment,Combined
2023-06-09,0.00189362194349546,max_sharpe_sentiment,Combined
2023-06-12,-0.001956072259823833,max_sharpe_sentiment,Combined
2023-06-13,0.008981418770711548,max_sharpe_sentiment,Combined
2023-06-14,0.005497719197439237,max_sharpe_sentiment,Combined
2023-06-15,0.0024560361785851857,max_sharpe_sentiment,Combined
2023-06-16,-0.0015209287060359601,max_sharpe_sentiment,Combined
2023-06-20,0.003684270715995112,max_sharpe_sentiment,Combined
2023-06-21,0.003190797668371707,max_sharpe_sentiment,Combined
2023-06-22,0.010408465722384604,max_sharpe_sentiment,Combined
2023-06-23,-0.004539721635013046,max_sharpe_sentiment,Combined
2023-06-26,-0.010189990670973098,max_sharpe_sentiment,Combined
2023-06-27,0.006631199623046654,max_sharpe_sentiment,Combined
2023-06-28,-0.005644877299579932,max_sharpe_sentiment,Combined
2023-06-29,0.006114178955042794,max_sharpe_sentiment,Combined
2023-06-30,0.01646047333738599,max_sharpe_sentiment,Combined
2023-07-03,-0.00276231997441595,max_sharpe_sentiment,Combined
2023-07-05,-0.0029779926678108527,max_sharpe_sentiment,Combined
2023-07-06,-0.017878957718487465,max_sharpe_sentiment,Combined
2023-07-07,-0.013391289101446413,max_sharpe_sentiment,Combined
2023-07-10,0.004343210055301822,max_sharpe_sentiment,Combined
2023-07-11,0.002289940432350184,max_sharpe_sentiment,Combined
2023-07-12,0.008198645598301576,max_sharpe_sentiment,Combined
2023-07-13,-0.0025511722183190226,max_sharpe_sentiment,Combined
2023-07-14,-0.009260425489740055,max_sharpe_sentiment,Combined
2023-07-17,-0.0023944655611509357,max_sharpe_sentiment,Combined
2023-07-18,0.004350337494297329,max_sharpe_sentiment,Combined
2023-07-19,-4.764447498926492e-05,max_sharpe_sentiment,Combined
2023-07-20,0.008027213147214418,max_sharpe_sentiment,Combined
2023-07-21,0.007136250029504327,max_sharpe_sentiment,Combined
2023-07-24,0.001123235995488661,max_sharpe_sentiment,Combined
2023-07-25,0.002629535299798563,max_sharpe_sentiment,Combined
2023-07-26,-0.0038511761779632813,max_sharpe_sentiment,Combined
2023-07-27,-0.0008934261549861827,max_sharpe_sentiment,Combined
2023-07-28,0.007580967522127601,max_sharpe_sentiment,Combined
2023-07-31,0.012127800516760288,max_sharpe_sentiment,Combined
2023-08-01,-0.008071653269997403,max_sharpe_sentiment,Combined
2023-08-02,-0.011992201644750643,max_sharpe_sentiment,Combined
2023-08-03,0.002635693340794587,max_sharpe_sentiment,Combined
2023-08-04,-0.004201743451173201,max_sharpe_sentiment,Combined
2023-08-07,0.00994044406575269,max_sharpe_sentiment,Combined
2023-08-08,-0.0012626673059012424,max_sharpe_sentiment,Combined
2023-08-09,-0.0027263783149699926,max_sharpe_sentiment,Combined
2023-08-10,-0.0012086792610491025,max_sharpe_sentiment,Combined
2023-08-11,0.009996060922873298,max_sharpe_sentiment,Combined
2023-08-14,0.016318340988317716,max_sharpe_sentiment,Combined
2023-08-15,-0.00877473196586106,max_sharpe_sentiment,Combined
2023-08-16,-0.008108946870635838,max_sharpe_sentiment,Combined
2023-08-17,0.006364273486520267,max_sharpe_sentiment,Combined
2023-08-18,0.005858125216023865,max_sharpe_sentiment,Combined
2023-08-21,0.012009187282518688,max_sharpe_sentiment,Combined
2023-08-22,-0.01607646063902276,max_sharpe_sentiment,Combined
2023-08-23,0.013846650956330515,max_sharpe_sentiment,Combined
2023-08-24,-0.00804206607967745,max_sharpe_sentiment,Combined
2023-08-25,0.0011454182125134448,max_sharpe_sentiment,Combined
2023-08-28,0.0029283293815246907,max_sharpe_sentiment,Combined
2023-08-29,0.013656000949326834,max_sharpe_sentiment,Combined
2023-08-30,0.005410192523826234,max_sharpe_sentiment,Combined
2023-08-31,-0.0022337731790752977,max_sharpe_sentiment,Combined
2023-09-01,0.009321667352737513,max_sharpe_sentiment,Combined
2023-09-05,-0.004764827120760816,max_sharpe_sentiment,Combined
2023-09-06,-0.009908350531762792,max_sharpe_sentiment,Combined
2023-09-07,0.0023311267701752497,max_sharpe_sentiment,Combined
2023-09-08,0.005378180987560693,max_sharpe_sentiment,Combined
2023-09-11,-0.007952067185242592,max_sharpe_sentiment,Combined
2023-09-12,0.0110451257616566,max_sharpe_sentiment,Combined
2023-09-13,-0.0016623393425270144,max_sharpe_sentiment,Combined
2023-09-14,0.012578882972151612,max_sharpe_sentiment,Combined
2023-09-15,-0.015894165468517962,max_sharpe_sentiment,Combined
2023-09-18,0.006120198124103494,max_sharpe_sentiment,Combined
2023-09-19,-0.005392107110631608,max_sharpe_sentiment,Combined
2023-09-20,-0.011156473868442592,max_sharpe_sentiment,Combined
2023-09-21,-0.013969633673062393,max_sharpe_sentiment,Combined
2023-09-22,0.0015288442827393655,max_sharpe_sentiment,Combined
2023-09-25,0.009307267558081063,max_sharpe_sentiment,Combined
2023-09-26,-0.0022464562948691347,max_sharpe_sentiment,Combined
2023-09-27,0.011095655667708279,max_sharpe_sentiment,Combined
2023-09-28,0.000497672501151843,max_sharpe_sentiment,Combined
2023-09-29,-0.013344913645043375,max_sharpe_sentiment,Combined
2023-10-02,-0.008013909324673428,max_sharpe_sentiment,Combined
2023-10-03,-0.006634426148782153,max_sharpe_sentiment,Combined
2023-10-04,-0.012397814521407648,max_sharpe_sentiment,Combined
2023-10-05,-0.006691315091808027,max_sharpe_sentiment,Combined
2023-10-06,-0.0011371626057824875,max_sharpe_sentiment,Combined
2023-10-09,0.015690021126036402,max_sharpe_sentiment,Combined
2023-10-10,-0.0015724644649676215,max_sharpe_sentiment,Combined
2023-10-11,-0.009755403771842393,max_sharpe_sentiment,Combined
2023-10-12,0.0008311904614969421,max_sharpe_sentiment,Combined
2023-10-13,0.0070502191642731315,max_sharpe_sentiment,Combined
2023-10-16,0.0034879828599115297,max_sharpe_sentiment,Combined
2023-10-17,-0.0009980419187715017,max_sharpe_sentiment,Combined
2023-10-18,-0.002122587673262719,max_sharpe_sentiment,Combined
2023-10-19,-0.011654150034728746,max_sharpe_sentiment,Combined
2023-10-20,-0.0028129290214962328,max_sharpe_sentiment,Combined
2023-10-23,-0.002778778319850942,max_sharpe_sentiment,Combined
2023-10-24,0.00483455682471897,max_sharpe_sentiment,Combined
2023-10-25,-0.00939700218397661,max_sharpe_sentiment,Combined
2023-10-26,-0.007254060716403171,max_sharpe_sentiment,Combined
2023-10-27,-0.025789291262698157,max_sharpe_sentiment,Combined
2023-10-30,0.009542893412341408,max_sharpe_sentiment,Combined
2023-10-31,-0.004728105129267943,max_sharpe_sentiment,Combined
2023-11-01,0.009972249385300353,max_sharpe_sentiment,Combined
2023-11-02,0.024760432627361502,max_sharpe_sentiment,Combined
2023-11-03,0.002751865374514126,max_sharpe_sentiment,Combined
2023-11-06,-0.0016783065912884209,max_sharpe_sentiment,Combined
2023-11-07,-0.006685858867094979,max_sharpe_sentiment,Combined
2023-11-08,-0.0024108530133941787,max_sharpe_sentiment,Combined
2023-11-09,-0.013242289105134015,max_sharpe_sentiment,Combined
2023-11-10,0.01012871406826368,max_sharpe_sentiment,Combined
2023-11-13,0.0038490599816088738,max_sharpe_sentiment,Combined
2023-11-14,0.005391268408109344,max_sharpe_sentiment,Combined
2023-11-15,-0.004739849885736951,max_sharpe_sentiment,Combined
2023-11-16,-0.002983845718314739,max_sharpe_sentiment,Combined
2023-11-17,0.0042907157368213536,max_sharpe_sentiment,Combined
2023-11-20,0.0027145311700759954,max_sharpe_sentiment,Combined
2023-11-21,-0.005290003707489811,max_sharpe_sentiment,Combined
2023-11-22,-0.003689897961185952,max_sharpe_sentiment,Combined
2023-11-24,-0.00028941949054583124,max_sharpe_sentiment,Combined
2023-11-27,-0.002330257281317147,max_sharpe_sentiment,Combined
2023-11-28,-0.002951118600697551,max_sharpe_sentiment,Combined
2023-11-29,0.002107520682506692,max_sharpe_sentiment,Combined
2023-11-30,0.004677448094323166,max_sharpe_sentiment,Combined
2023-12-01,0.005591542089748936,max_sharpe_sentiment,Combined
2023-12-04,-0.004428817614326058,max_sharpe_sentiment,Combined
2023-12-05,-0.0006665326557693007,max_sharpe_sentiment,Combined
2023-12-06,-0.006664166998036251,max_sharpe_sentiment,Combined
2023-12-07,-0.004804065888268839,max_sharpe_sentiment,Combined
2023-12-08,0.0003310377544886729,max_sharpe_sentiment,Combined
2023-12-11,0.005006009449050294,max_sharpe_sentiment,Combined
2023-12-12,-0.0015382419833404198,max_sharpe_sentiment,Combined
2023-12-13,0.016603003732957505,max_sharpe_sentiment,Combined
2023-12-14,0.006997817757681423,max_sharpe_sentiment,Combined
2023-12-15,-0.0028201681008194097,max_sharpe_sentiment,Combined
2023-12-18,0.006251775713509613,max_sharpe_sentiment,Combined
2023-12-19,0.009147278102039932,max_sharpe_sentiment,Combined
2023-12-20,-0.012614642990527848,max_sharpe_sentiment,Combined
2023-12-21,0.011588717852380739,max_sharpe_sentiment,Combined
2023-12-22,0.009020284540203722,max_sharpe_sentiment,Combined
2023-12-26,0.0018937928641378917,max_sharpe_sentiment,Combined
2023-12-27,0.003066589706592342,max_sharpe_sentiment,Combined
2023-12-28,0.0006865137429304981,max_sharpe_sentiment,Combined
2023-12-29,-0.0003528321684751998,max_sharpe_sentiment,Combined
