trading_date,sector,sentiment,sentiment_lag1
2020-01-02,Comm,0.28855,
2020-01-02,Consumer,-0.17698,
2020-01-02,Energy,0.49632000000000004,
2020-01-02,Financials,0.13162000000000001,
2020-01-02,Healthcare,0.67444,
2020-01-02,Industrials,0.23872,
2020-01-02,Materials,0.3658333333333333,
2020-01-02,RealEstate,-0.0386,
2020-01-02,Tech,0.3208,
2020-01-02,Utilities,0.6369,
2020-01-03,Comm,0.27115,0.28855
2020-01-03,Consumer,-0.09649999999999999,-0.17698
2020-01-03,Energy,-0.054000000000000006,0.49632000000000004
2020-01-03,Financials,0.03673333333333332,0.13162000000000001
2020-01-03,Healthcare,0.5386500000000001,0.67444
2020-01-03,Industrials,-0.2969,0.23872
2020-01-03,Materials,-0.22035000000000002,0.3658333333333333
2020-01-03,RealEstate,-0.2236,-0.0386
2020-01-03,Tech,0.3852,0.3208
2020-01-03,Utilities,0.4158,0.6369
2020-01-06,Comm,0.6424666666666666,0.27115
2020-01-06,Consumer,0.6812400000000001,-0.09649999999999999
2020-01-06,Energy,0.42742,-0.054000000000000006
2020-01-06,Financials,0.26746,0.03673333333333332
2020-01-06,Healthcare,0.55202,0.5386500000000001
2020-01-06,Industrials,0.33390000000000003,-0.2969
2020-01-06,Materials,0.06715,-0.22035000000000002
2020-01-06,RealEstate,0.19733333333333333,-0.2236
2020-01-06,Tech,-0.02462000000000001,0.3852
2020-01-06,Utilities,-0.02377499999999999,0.4158
2020-01-07,Comm,0.49676666666666663,0.6424666666666666
2020-01-07,Consumer,0.45468000000000003,0.6812400000000001
2020-01-07,Energy,0.39986666666666665,0.42742
2020-01-07,Financials,0.24659999999999999,0.26746
2020-01-07,Healthcare,0.18788,0.55202
2020-01-07,Industrials,0.21777499999999997,0.33390000000000003
2020-01-07,Materials,0.12726666666666667,0.06715
2020-01-07,RealEstate,0.3592,0.19733333333333333
2020-01-07,Tech,0.2494,-0.02462000000000001
2020-01-07,Utilities,0.6369,-0.02377499999999999
2020-01-08,Comm,0.523,0.49676666666666663
2020-01-08,Consumer,0.266975,0.45468000000000003
2020-01-08,Energy,0.11492,0.39986666666666665
2020-01-08,Financials,0.5984333333333333,0.24659999999999999
2020-01-08,Healthcare,0.6626666666666666,0.18788
2020-01-08,Industrials,0.25943333333333335,0.21777499999999997
2020-01-08,Materials,0.043399999999999994,0.12726666666666667
2020-01-08,RealEstate,-0.01579999999999998,0.3592
2020-01-08,Tech,0.20627500000000004,0.2494
2020-01-08,Utilities,0.27973333333333333,0.6369
2020-01-09,Comm,0.21486,0.523
2020-01-09,Consumer,0.8486,0.266975
2020-01-09,Energy,0.313475,0.11492
2020-01-09,Financials,0.40522,0.5984333333333333
2020-01-09,Healthcare,0.45366666666666666,0.6626666666666666
2020-01-09,Industrials,0.15764,0.25943333333333335
2020-01-09,Materials,0.12726666666666667,0.043399999999999994
2020-01-09,RealEstate,0.0,-0.01579999999999998
2020-01-09,Tech,0.42413999999999996,0.20627500000000004
2020-01-09,Utilities,0.074,0.27973333333333333
2020-01-10,Comm,0.19805,0.21486
2020-01-10,Consumer,0.09184,0.8486
2020-01-10,Energy,0.25576,0.313475
2020-01-10,Financials,0.5464666666666668,0.40522
2020-01-10,Healthcare,0.40338,0.45366666666666666
2020-01-10,Industrials,0.2448,0.15764
2020-01-10,Materials,-0.10715,0.12726666666666667
2020-01-10,RealEstate,0.03304,0.0
2020-01-10,Tech,0.8147249999999999,0.42413999999999996
2020-01-10,Utilities,0.16292500000000001,0.074
2020-01-13,Comm,0.0,0.19805
2020-01-13,Consumer,0.34202,0.09184
2020-01-13,Energy,0.3533,0.25576
2020-01-13,Financials,0.74426,0.5464666666666668
2020-01-13,Healthcare,0.42412,0.40338
2020-01-13,Industrials,0.25770000000000004,0.2448
2020-01-13,Materials,0.7499499999999999,-0.10715
2020-01-13,RealEstate,0.9001,0.03304
2020-01-13,Tech,0.74568,0.8147249999999999
2020-01-13,Utilities,-0.0683,0.16292500000000001
2020-01-14,Comm,0.39855,0.0
2020-01-14,Consumer,0.27934000000000003,0.34202
2020-01-14,Energy,0.5201,0.3533
2020-01-14,Financials,0.28378000000000003,0.74426
2020-01-14,Healthcare,0.48885,0.42412
2020-01-14,Industrials,0.2829333333333333,0.25770000000000004
2020-01-14,Materials,0.3286,0.7499499999999999
2020-01-14,RealEstate,0.296,0.9001
2020-01-14,Tech,0.6811333333333334,0.74568
2020-01-14,Utilities,0.4691666666666667,-0.0683
2020-01-15,Comm,-0.0918666666666667,0.39855
2020-01-15,Consumer,0.44334999999999997,0.27934000000000003
2020-01-15,Energy,0.19146000000000002,0.5201
2020-01-15,Financials,0.36612,0.28378000000000003
2020-01-15,Healthcare,0.5969333333333333,0.48885
2020-01-15,Industrials,-0.257175,0.2829333333333333
2020-01-15,Materials,0.3715,0.3286
2020-01-15,RealEstate,0.29295,0.296
2020-01-15,Tech,0.44582,0.6811333333333334
2020-01-15,Utilities,0.184875,0.4691666666666667
2020-01-16,Comm,0.5151749999999999,-0.0918666666666667
2020-01-16,Consumer,0.405075,0.44334999999999997
2020-01-16,Energy,0.5611666666666667,0.19146000000000002
2020-01-16,Financials,0.32682,0.36612
2020-01-16,Healthcare,0.3226,0.5969333333333333
2020-01-16,Industrials,0.39115,-0.257175
2020-01-16,Materials,0.1101,0.3715
2020-01-16,RealEstate,0.24766666666666667,0.29295
2020-01-16,Tech,0.616075,0.44582
2020-01-16,Utilities,0.321675,0.184875
2020-01-17,Comm,0.24503333333333333,0.5151749999999999
2020-01-17,Consumer,0.26876,0.405075
2020-01-17,Energy,0.359975,0.5611666666666667
2020-01-17,Financials,0.31086,0.32682
2020-01-17,Healthcare,0.5604,0.3226
2020-01-17,Industrials,0.54605,0.39115
2020-01-17,Materials,0.46323333333333333,0.1101
2020-01-17,RealEstate,0.3345,0.24766666666666667
2020-01-17,Tech,0.6152,0.616075
2020-01-17,Utilities,0.41425999999999996,0.321675
2020-01-21,Comm,-0.056275,0.24503333333333333
2020-01-21,Consumer,0.53784,0.26876
2020-01-21,Energy,0.75195,0.359975
2020-01-21,Financials,0.51186,0.31086
2020-01-21,Healthcare,0.29569999999999996,0.5604
2020-01-21,Industrials,0.38083999999999996,0.54605
2020-01-21,Materials,0.1389,0.46323333333333333
2020-01-21,RealEstate,0.21230000000000002,0.3345
2020-01-21,Tech,0.07780000000000001,0.6152
2020-01-21,Utilities,0.30335999999999996,0.41425999999999996
2020-01-22,Comm,0.2654666666666667,-0.056275
2020-01-22,Consumer,0.57612,0.53784
2020-01-22,Energy,0.5267,0.75195
2020-01-22,Financials,0.05103333333333334,0.51186
2020-01-22,Healthcare,0.293925,0.29569999999999996
2020-01-22,Industrials,-0.14873333333333333,0.38083999999999996
2020-01-22,Materials,-0.09866666666666667,0.1389
2020-01-22,RealEstate,0.03423333333333333,0.21230000000000002
2020-01-22,Tech,0.10517500000000002,0.07780000000000001
2020-01-22,Utilities,0.340925,0.30335999999999996
2020-01-23,Comm,0.4084,0.2654666666666667
2020-01-23,Consumer,0.47568,0.57612
2020-01-23,Energy,-0.10832,0.5267
2020-01-23,Financials,0.01964000000000001,0.05103333333333334
2020-01-23,Healthcare,0.14274,0.293925
2020-01-23,Industrials,0.167725,-0.14873333333333333
2020-01-23,Materials,0.07594,-0.09866666666666667
2020-01-23,RealEstate,0.38739999999999997,0.03423333333333333
2020-01-23,Tech,0.30898,0.10517500000000002
2020-01-23,Utilities,0.044475,0.340925
2020-01-24,Comm,0.548,0.4084
2020-01-24,Consumer,0.36256,0.47568
2020-01-24,Energy,0.40506000000000003,-0.10832
2020-01-24,Financials,-0.08129999999999998,0.01964000000000001
2020-01-24,Healthcare,0.37552,0.14274
2020-01-24,Industrials,0.3407,0.167725
2020-01-24,Materials,0.3855666666666666,0.07594
2020-01-24,RealEstate,0.1806,0.38739999999999997
2020-01-24,Tech,0.21318,0.30898
2020-01-24,Utilities,0.48714,0.044475
2020-01-27,Comm,-0.163525,0.548
2020-01-27,Consumer,0.012680000000000002,0.36256
2020-01-27,Energy,0.09845999999999999,0.40506000000000003
2020-01-27,Financials,0.28340000000000004,-0.08129999999999998
2020-01-27,Healthcare,0.69836,0.37552
2020-01-27,Industrials,0.15588,0.3407
2020-01-27,Materials,0.04005,0.3855666666666666
2020-01-27,RealEstate,0.17020000000000002,0.1806
2020-01-27,Tech,-0.27515999999999996,0.21318
2020-01-27,Utilities,-0.010250000000000009,0.48714
2020-01-28,Comm,0.2924,-0.163525
2020-01-28,Consumer,0.36095,0.012680000000000002
2020-01-28,Energy,0.62885,0.09845999999999999
2020-01-28,Financials,0.33555,0.28340000000000004
2020-01-28,Healthcare,0.11443999999999999,0.69836
2020-01-28,Industrials,-0.17245,0.15588
2020-01-28,Materials,0.47006,0.04005
2020-01-28,RealEstate,0.2526333333333333,0.17020000000000002
2020-01-28,Tech,0.333825,-0.27515999999999996
2020-01-28,Utilities,0.055275000000000005,-0.010250000000000009
2020-01-29,Comm,0.657175,0.2924
2020-01-29,Consumer,-0.0032600000000000016,0.36095
2020-01-29,Energy,0.077925,0.62885
2020-01-29,Financials,0.317125,0.33555
2020-01-29,Healthcare,0.35214,0.11443999999999999
2020-01-29,Industrials,0.06015000000000001,-0.17245
2020-01-29,Materials,0.4838,0.47006
2020-01-29,RealEstate,0.16463333333333333,0.2526333333333333
2020-01-29,Tech,0.529025,0.333825
2020-01-29,Utilities,0.483425,0.055275000000000005
2020-01-30,Comm,0.185975,0.657175
2020-01-30,Consumer,0.48385999999999996,-0.0032600000000000016
2020-01-30,Energy,0.4216,0.077925
2020-01-30,Financials,0.06596666666666666,0.317125
2020-01-30,Healthcare,0.48710000000000003,0.35214
2020-01-30,Industrials,0.42535,0.06015000000000001
2020-01-30,Materials,-0.314625,0.4838
2020-01-30,RealEstate,0.07224,0.16463333333333333
2020-01-30,Tech,0.07370000000000002,0.529025
2020-01-30,Utilities,0.361125,0.483425
2020-01-31,Comm,-0.07937500000000003,0.185975
2020-01-31,Consumer,0.219225,0.48385999999999996
2020-01-31,Energy,0.40312000000000003,0.4216
2020-01-31,Financials,0.3329,0.06596666666666666
2020-01-31,Healthcare,0.342275,0.48710000000000003
2020-01-31,Industrials,0.17519999999999997,0.42535
2020-01-31,Materials,0.08395,-0.314625
2020-01-31,RealEstate,0.24126666666666666,0.07224
2020-01-31,Tech,0.5403,0.07370000000000002
2020-01-31,Utilities,0.287225,0.361125
2020-02-03,Comm,0.31514,-0.07937500000000003
2020-02-03,Consumer,0.48804,0.219225
2020-02-03,Energy,-0.06624000000000003,0.40312000000000003
2020-02-03,Financials,0.043524999999999994,0.3329
2020-02-03,Healthcare,0.5494600000000001,0.342275
2020-02-03,Industrials,0.25754,0.17519999999999997
2020-02-03,Materials,0.5505,0.08395
2020-02-03,RealEstate,0.17,0.24126666666666666
2020-02-03,Tech,0.4664,0.5403
2020-02-03,Utilities,0.533025,0.287225
2020-02-04,Comm,0.41346,0.31514
2020-02-04,Consumer,0.62074,0.48804
2020-02-04,Energy,0.15386000000000002,-0.06624000000000003
2020-02-04,Financials,0.500275,0.043524999999999994
2020-02-04,Healthcare,0.544875,0.5494600000000001
2020-02-04,Industrials,0.37055,0.25754
2020-02-04,Materials,0.139925,0.5505
2020-02-04,RealEstate,0.098675,0.17
2020-02-04,Tech,0.23458,0.4664
2020-02-04,Utilities,0.195925,0.533025
2020-02-05,Comm,0.170725,0.41346
2020-02-05,Consumer,0.23965,0.62074
2020-02-05,Energy,0.8973800000000001,0.15386000000000002
2020-02-05,Financials,-0.29086666666666666,0.500275
2020-02-05,Healthcare,0.6216,0.544875
2020-02-05,Industrials,0.29869999999999997,0.37055
2020-02-05,Materials,-0.027800000000000005,0.139925
2020-02-05,RealEstate,0.0,0.098675
2020-02-05,Tech,0.5376,0.23458
2020-02-05,Utilities,0.16255999999999998,0.195925
2020-02-06,Comm,0.2435,0.170725
2020-02-06,Consumer,0.49315,0.23965
2020-02-06,Energy,0.494425,0.8973800000000001
2020-02-06,Financials,0.45691999999999994,-0.29086666666666666
2020-02-06,Healthcare,0.65018,0.6216
2020-02-06,Industrials,-0.0386,0.29869999999999997
2020-02-06,Materials,0.252975,-0.027800000000000005
2020-02-06,RealEstate,0.48202500000000004,0.0
2020-02-06,Tech,0.6262399999999999,0.5376
2020-02-06,Utilities,0.468675,0.16255999999999998
2020-02-07,Comm,0.370075,0.2435
2020-02-07,Consumer,0.2423,0.49315
2020-02-07,Energy,0.49094,0.494425
2020-02-07,Financials,0.19733333333333333,0.45691999999999994
2020-02-07,Healthcare,0.48762,0.65018
2020-02-07,Industrials,0.24695,-0.0386
2020-02-07,Materials,0.056833333333333326,0.252975
2020-02-07,RealEstate,0.0,0.48202500000000004
2020-02-07,Tech,0.28002,0.6262399999999999
2020-02-07,Utilities,0.43325,0.468675
2020-02-10,Comm,0.5472250000000001,0.370075
2020-02-10,Consumer,-0.04090000000000003,0.2423
2020-02-10,Energy,-0.07936000000000001,0.49094
2020-02-10,Financials,0.4607333333333334,0.19733333333333333
2020-02-10,Healthcare,0.2508,0.48762
2020-02-10,Industrials,0.183,0.24695
2020-02-10,Materials,0.20534,0.056833333333333326
2020-02-10,RealEstate,0.420825,0.0
2020-02-10,Tech,0.6267,0.28002
2020-02-10,Utilities,0.38195,0.43325
2020-02-11,Comm,0.3431,0.5472250000000001
2020-02-11,Consumer,0.21505999999999997,-0.04090000000000003
2020-02-11,Energy,0.44880000000000003,-0.07936000000000001
2020-02-11,Financials,0.5150250000000001,0.4607333333333334
2020-02-11,Healthcare,0.231,0.2508
2020-02-11,Industrials,-0.08047499999999999,0.183
2020-02-11,Materials,0.19764,0.20534
2020-02-11,RealEstate,0.5943666666666667,0.420825
2020-02-11,Tech,0.6426000000000001,0.6267
2020-02-11,Utilities,0.64055,0.38195
2020-02-12,Comm,0.36419999999999997,0.3431
2020-02-12,Consumer,0.08382,0.21505999999999997
2020-02-12,Energy,0.26334,0.44880000000000003
2020-02-12,Financials,0.167625,0.5150250000000001
2020-02-12,Healthcare,0.410525,0.231
2020-02-12,Industrials,0.13994,-0.08047499999999999
2020-02-12,Materials,0.074,0.19764
2020-02-12,RealEstate,0.7157,0.5943666666666667
2020-02-12,Tech,0.2308,0.6426000000000001
2020-02-12,Utilities,0.6122749999999999,0.64055
2020-02-13,Comm,0.49718,0.36419999999999997
2020-02-13,Consumer,-0.05264000000000002,0.08382
2020-02-13,Energy,0.39339999999999997,0.26334
2020-02-13,Financials,0.18622,0.167625
2020-02-13,Healthcare,0.47637999999999997,0.410525
2020-02-13,Industrials,0.23035999999999998,0.13994
2020-02-13,Materials,0.26686666666666664,0.074
2020-02-13,RealEstate,0.39622500000000005,0.7157
2020-02-13,Tech,-0.22455,0.2308
2020-02-13,Utilities,0.68165,0.6122749999999999
2020-02-14,Comm,0.6249,0.49718
2020-02-14,Consumer,0.029840000000000012,-0.05264000000000002
2020-02-14,Energy,0.253625,0.39339999999999997
2020-02-14,Financials,0.34226666666666666,0.18622
2020-02-14,Healthcare,0.47495,0.47637999999999997
2020-02-14,Industrials,0.4528,0.23035999999999998
2020-02-14,Materials,0.04733333333333336,0.26686666666666664
2020-02-14,RealEstate,0.32675,0.39622500000000005
2020-02-14,Tech,0.431075,-0.22455
2020-02-14,Utilities,0.62685,0.68165
2020-02-18,Comm,0.24190000000000006,0.6249
2020-02-18,Consumer,0.5041800000000001,0.029840000000000012
2020-02-18,Energy,0.36960000000000004,0.253625
2020-02-18,Financials,-0.08344000000000001,0.34226666666666666
2020-02-18,Healthcare,0.18987500000000002,0.47495
2020-02-18,Industrials,0.012733333333333333,0.4528
2020-02-18,Materials,0.49778,0.04733333333333336
2020-02-18,RealEstate,0.58115,0.32675
2020-02-18,Tech,0.35144000000000003,0.431075
2020-02-18,Utilities,0.8966500000000001,0.62685
2020-02-19,Comm,0.69225,0.24190000000000006
2020-02-19,Consumer,0.47244,0.5041800000000001
2020-02-19,Energy,0.453275,0.36960000000000004
2020-02-19,Financials,0.14985,-0.08344000000000001
2020-02-19,Healthcare,0.38286,0.18987500000000002
2020-02-19,Industrials,0.289675,0.012733333333333333
2020-02-19,Materials,0.09866666666666667,0.49778
2020-02-19,RealEstate,0.0,0.58115
2020-02-19,Tech,0.23754,0.35144000000000003
2020-02-19,Utilities,0.40723333333333334,0.8966500000000001
2020-02-20,Comm,0.3228666666666667,0.69225
2020-02-20,Consumer,0.13482,0.47244
2020-02-20,Energy,0.5989,0.453275
2020-02-20,Financials,0.6359250000000001,0.14985
2020-02-20,Healthcare,0.18083333333333332,0.38286
2020-02-20,Industrials,0.292525,0.289675
2020-02-20,Materials,0.4629666666666667,0.09866666666666667
2020-02-20,RealEstate,0.21585000000000001,0.0
2020-02-20,Tech,0.1762,0.23754
2020-02-20,Utilities,0.51642,0.40723333333333334
2020-02-21,Comm,-0.17473333333333332,0.3228666666666667
2020-02-21,Consumer,0.35325,0.13482
2020-02-21,Energy,0.1645,0.5989
2020-02-21,Financials,0.47404,0.6359250000000001
2020-02-21,Healthcare,0.26780000000000004,0.18083333333333332
2020-02-21,Industrials,0.16054,0.292525
2020-02-21,Materials,0.3671666666666667,0.4629666666666667
2020-02-21,RealEstate,0.0625,0.21585000000000001
2020-02-21,Tech,-0.30534,0.1762
2020-02-21,Utilities,0.9217,0.51642
2020-02-24,Comm,0.23026666666666665,-0.17473333333333332
2020-02-24,Consumer,0.014159999999999996,0.35325
2020-02-24,Energy,-0.18172000000000002,0.1645
2020-02-24,Financials,0.075575,0.47404
2020-02-24,Healthcare,0.30506,0.26780000000000004
2020-02-24,Industrials,0.15704,0.16054
2020-02-24,Materials,0.31116,0.3671666666666667
2020-02-24,RealEstate,0.24503333333333333,0.0625
2020-02-24,Tech,-0.08844,-0.30534
2020-02-24,Utilities,0.21314000000000002,0.9217
2020-02-25,Comm,0.2938,0.23026666666666665
2020-02-25,Consumer,0.32218,0.014159999999999996
2020-02-25,Energy,0.009180000000000011,-0.18172000000000002
2020-02-25,Financials,0.53598,0.075575
2020-02-25,Healthcare,0.45792,0.30506
2020-02-25,Industrials,-0.03395,0.15704
2020-02-25,Materials,0.07306666666666665,0.31116
2020-02-25,RealEstate,0.21335,0.24503333333333333
2020-02-25,Tech,0.0137,-0.08844
2020-02-25,Utilities,0.635725,0.21314000000000002
2020-02-26,Comm,0.16457500000000003,0.2938
2020-02-26,Consumer,0.36656,0.32218
2020-02-26,Energy,0.37574,0.009180000000000011
2020-02-26,Financials,0.43705999999999995,0.53598
2020-02-26,Healthcare,0.30056000000000005,0.45792
2020-02-26,Industrials,0.2708333333333333,-0.03395
2020-02-26,Materials,0.22633333333333336,0.07306666666666665
2020-02-26,RealEstate,0.21326,0.21335
2020-02-26,Tech,0.64192,0.0137
2020-02-26,Utilities,0.38355,0.635725
2020-02-27,Comm,0.2375,0.16457500000000003
2020-02-27,Consumer,0.45061999999999997,0.36656
2020-02-27,Energy,0.49973999999999996,0.37574
2020-02-27,Financials,0.16278,0.43705999999999995
2020-02-27,Healthcare,0.3476,0.30056000000000005
2020-02-27,Industrials,0.2616,0.2708333333333333
2020-02-27,Materials,-0.111125,0.22633333333333336
2020-02-27,RealEstate,0.4456,0.21326
2020-02-27,Tech,-0.5953999999999999,0.64192
2020-02-27,Utilities,0.6435,0.38355
2020-02-28,Comm,-0.02095999999999998,0.2375
2020-02-28,Consumer,-0.43187999999999993,0.45061999999999997
2020-02-28,Energy,0.24164000000000002,0.49973999999999996
2020-02-28,Financials,0.08434999999999998,0.16278
2020-02-28,Healthcare,-0.16076,0.3476
2020-02-28,Industrials,0.15452500000000002,0.2616
2020-02-28,Materials,-0.11536666666666666,-0.111125
2020-02-28,RealEstate,-0.20546000000000003,0.4456
2020-02-28,Tech,0.40726666666666667,-0.5953999999999999
2020-02-28,Utilities,-0.308725,0.6435
2020-03-02,Comm,0.294275,-0.02095999999999998
2020-03-02,Consumer,0.22469999999999998,-0.43187999999999993
2020-03-02,Energy,0.18569999999999998,0.24164000000000002
2020-03-02,Financials,0.250975,0.08434999999999998
2020-03-02,Healthcare,0.57874,-0.16076
2020-03-02,Industrials,0.114125,0.15452500000000002
2020-03-02,Materials,0.37934,-0.11536666666666666
2020-03-02,RealEstate,0.36433333333333334,-0.20546000000000003
2020-03-02,Tech,0.31472,0.40726666666666667
2020-03-02,Utilities,0.57722,-0.308725
2020-03-03,Comm,0.18384999999999999,0.294275
2020-03-03,Consumer,0.34394,0.22469999999999998
2020-03-03,Energy,-0.018120000000000046,0.18569999999999998
2020-03-03,Financials,-0.0998,0.250975
2020-03-03,Healthcare,0.58342,0.57874
2020-03-03,Industrials,0.42669999999999997,0.114125
2020-03-03,Materials,0.7115333333333332,0.37934
2020-03-03,RealEstate,0.38199999999999995,0.36433333333333334
2020-03-03,Tech,0.15888,0.31472
2020-03-03,Utilities,0.07467499999999999,0.57722
2020-03-04,Comm,0.0983,0.18384999999999999
2020-03-04,Consumer,0.29954000000000003,0.34394
2020-03-04,Energy,0.69856,-0.018120000000000046
2020-03-04,Financials,0.4316,-0.0998
2020-03-04,Healthcare,0.88516,0.58342
2020-03-04,Industrials,0.2555,0.42669999999999997
2020-03-04,Materials,0.40996666666666665,0.7115333333333332
2020-03-04,RealEstate,0.8009666666666666,0.38199999999999995
2020-03-04,Tech,0.8519,0.15888
2020-03-04,Utilities,0.8956999999999999,0.07467499999999999
2020-03-05,Comm,0.29242,0.0983
2020-03-05,Consumer,0.1812,0.29954000000000003
2020-03-05,Energy,0.06706000000000001,0.69856
2020-03-05,Financials,0.34928,0.4316
2020-03-05,Healthcare,0.4514,0.88516
2020-03-05,Industrials,0.17865,0.2555
2020-03-05,Materials,0.4910333333333334,0.40996666666666665
2020-03-05,RealEstate,0.3723666666666667,0.8009666666666666
2020-03-05,Tech,0.45283999999999996,0.8519
2020-03-05,Utilities,0.059525,0.8956999999999999
2020-03-06,Comm,0.55925,0.29242
2020-03-06,Consumer,0.157225,0.1812
2020-03-06,Energy,-0.35902,0.06706000000000001
2020-03-06,Financials,0.02057500000000001,0.34928
2020-03-06,Healthcare,0.5526,0.4514
2020-03-06,Industrials,0.2597,0.17865
2020-03-06,Materials,-0.08450000000000002,0.4910333333333334
2020-03-06,RealEstate,0.29295,0.3723666666666667
2020-03-06,Tech,0.31814,0.45283999999999996
2020-03-06,Utilities,0.35695,0.059525
2020-03-09,Comm,-0.03569999999999998,0.55925
2020-03-09,Consumer,0.2064,0.157225
2020-03-09,Energy,-0.65592,-0.35902
2020-03-09,Financials,0.52368,0.02057500000000001
2020-03-09,Healthcare,0.35188,0.5526
2020-03-09,Industrials,-0.1681,0.2597
2020-03-09,Materials,0.137425,-0.08450000000000002
2020-03-09,RealEstate,-0.1332,0.29295
2020-03-09,Tech,-0.45221999999999996,0.31814
2020-03-09,Utilities,-0.677475,0.35695
2020-03-10,Comm,-0.28794,-0.03569999999999998
2020-03-10,Consumer,-0.05407500000000001,0.2064
2020-03-10,Energy,-0.05786,-0.65592
2020-03-10,Financials,0.39298,0.52368
2020-03-10,Healthcare,0.5676,0.35188
2020-03-10,Industrials,-0.28622000000000003,-0.1681
2020-03-10,Materials,0.197675,0.137425
2020-03-10,RealEstate,0.09866666666666667,-0.1332
2020-03-10,Tech,0.37172,-0.45221999999999996
2020-03-10,Utilities,0.3819,-0.677475
2020-03-11,Comm,0.212025,-0.28794
2020-03-11,Consumer,-0.11272499999999996,-0.05407500000000001
2020-03-11,Energy,-0.009539999999999993,-0.05786
2020-03-11,Financials,0.32486,0.39298
2020-03-11,Healthcare,0.56864,0.5676
2020-03-11,Industrials,0.376425,-0.28622000000000003
2020-03-11,Materials,0.34623333333333334,0.197675
2020-03-11,RealEstate,0.35032,0.09866666666666667
2020-03-11,Tech,0.22942,0.37172
2020-03-11,Utilities,0.14405,0.3819
2020-03-12,Comm,0.23013333333333333,0.212025
2020-03-12,Consumer,-0.03141999999999999,-0.11272499999999996
2020-03-12,Energy,0.27382,-0.009539999999999993
2020-03-12,Financials,-0.10503999999999998,0.32486
2020-03-12,Healthcare,-0.18832000000000002,0.56864
2020-03-12,Industrials,-0.56138,0.376425
2020-03-12,Materials,-0.2114666666666667,0.34623333333333334
2020-03-12,RealEstate,0.079775,0.35032
2020-03-12,Tech,0.1022,0.22942
2020-03-12,Utilities,0.156525,0.14405
2020-03-13,Comm,0.5776333333333333,0.23013333333333333
2020-03-13,Consumer,0.10200000000000002,-0.03141999999999999
2020-03-13,Energy,0.16122,0.27382
2020-03-13,Financials,-0.35946,-0.10503999999999998
2020-03-13,Healthcare,-0.052849999999999994,-0.18832000000000002
2020-03-13,Industrials,0.14966,-0.56138
2020-03-13,Materials,0.023866666666666658,-0.2114666666666667
2020-03-13,RealEstate,0.22199999999999998,0.079775
2020-03-13,Tech,0.25227999999999995,0.1022
2020-03-13,Utilities,0.39280000000000004,0.156525
2020-03-16,Comm,-0.3056,0.5776333333333333
2020-03-16,Consumer,-0.82674,0.10200000000000002
2020-03-16,Energy,-0.10623999999999997,0.16122
2020-03-16,Financials,-0.040659999999999995,-0.35946
2020-03-16,Healthcare,-0.02635,-0.052849999999999994
2020-03-16,Industrials,0.35012,0.14966
2020-03-16,Materials,-0.011449999999999988,0.023866666666666658
2020-03-16,RealEstate,0.1352,0.22199999999999998
2020-03-16,Tech,0.09685999999999999,0.25227999999999995
2020-03-16,Utilities,0.7267,0.39280000000000004
2020-03-17,Comm,0.236675,-0.3056
2020-03-17,Consumer,0.16162,-0.82674
2020-03-17,Energy,-0.10651999999999999,-0.10623999999999997
2020-03-17,Financials,-0.07744000000000002,-0.040659999999999995
2020-03-17,Healthcare,0.61478,-0.02635
2020-03-17,Industrials,-0.007400000000000004,0.35012
2020-03-17,Materials,0.5225,-0.011449999999999988
2020-03-17,RealEstate,0.47155,0.1352
2020-03-17,Tech,0.16102,0.09685999999999999
2020-03-17,Utilities,0.035,0.7267
2020-03-18,Comm,0.138125,0.236675
2020-03-18,Consumer,-0.11996000000000002,0.16162
2020-03-18,Energy,-0.17246,-0.10651999999999999
2020-03-18,Financials,0.13390000000000002,-0.07744000000000002
2020-03-18,Healthcare,0.6105333333333333,0.61478
2020-03-18,Industrials,-0.0331,-0.007400000000000004
2020-03-18,Materials,-0.1468,0.5225
2020-03-18,RealEstate,-0.27115,0.47155
2020-03-18,Tech,0.026479999999999993,0.16102
2020-03-18,Utilities,0.503425,0.035
2020-03-19,Comm,0.11120000000000001,0.138125
2020-03-19,Consumer,0.061519999999999984,-0.11996000000000002
2020-03-19,Energy,-0.215875,-0.17246
2020-03-19,Financials,-0.369925,0.13390000000000002
2020-03-19,Healthcare,0.8164,0.6105333333333333
2020-03-19,Industrials,0.08433333333333332,-0.0331
2020-03-19,Materials,0.180075,-0.1468
2020-03-19,RealEstate,0.4093333333333333,-0.27115
2020-03-19,Tech,-0.34386,0.026479999999999993
2020-03-19,Utilities,0.4485333333333333,0.503425
2020-03-20,Comm,0.09106666666666667,0.11120000000000001
2020-03-20,Consumer,0.45289999999999997,0.061519999999999984
2020-03-20,Energy,-0.5546,-0.215875
2020-03-20,Financials,-0.13944,-0.369925
2020-03-20,Healthcare,0.313225,0.8164
2020-03-20,Industrials,0.5278999999999999,0.08433333333333332
2020-03-20,Materials,0.21230000000000002,0.180075
2020-03-20,RealEstate,0.3195,0.4093333333333333
2020-03-20,Tech,0.73178,-0.34386
2020-03-20,Utilities,0.2917,0.4485333333333333
2020-03-23,Comm,0.389,0.09106666666666667
2020-03-23,Consumer,0.28164,0.45289999999999997
2020-03-23,Energy,-0.56056,-0.5546
2020-03-23,Financials,0.037959999999999994,-0.13944
2020-03-23,Healthcare,0.24520000000000003,0.313225
2020-03-23,Industrials,-0.07034,0.5278999999999999
2020-03-23,Materials,0.46704,0.21230000000000002
2020-03-23,RealEstate,0.190525,0.3195
2020-03-23,Tech,0.21772,0.73178
2020-03-23,Utilities,0.07722500000000002,0.2917
2020-03-24,Comm,0.43237499999999995,0.389
2020-03-24,Consumer,0.65332,0.28164
2020-03-24,Energy,0.5629799999999999,-0.56056
2020-03-24,Financials,0.42022000000000004,0.037959999999999994
2020-03-24,Healthcare,0.29344000000000003,0.24520000000000003
2020-03-24,Industrials,0.3656,-0.07034
2020-03-24,Materials,0.35922,0.46704
2020-03-24,RealEstate,0.2894,0.190525
2020-03-24,Tech,0.949375,0.21772
2020-03-24,Utilities,0.5264,0.07722500000000002
2020-03-25,Comm,0.41142,0.43237499999999995
2020-03-25,Consumer,0.76488,0.65332
2020-03-25,Energy,0.7698999999999999,0.5629799999999999
2020-03-25,Financials,-0.08465,0.42022000000000004
2020-03-25,Healthcare,0.39936,0.29344000000000003
2020-03-25,Industrials,0.2867,0.3656
2020-03-25,Materials,0.238175,0.35922
2020-03-25,RealEstate,0.4903666666666666,0.2894
2020-03-25,Tech,0.254475,0.949375
2020-03-25,Utilities,0.6708,0.5264
2020-03-26,Comm,0.27749999999999997,0.41142
2020-03-26,Consumer,0.51068,0.76488
2020-03-26,Energy,0.32848,0.7698999999999999
2020-03-26,Financials,0.4373,-0.08465
2020-03-26,Healthcare,0.5181,0.39936
2020-03-26,Industrials,0.5346666666666667,0.2867
2020-03-26,Materials,0.3166,0.238175
2020-03-26,RealEstate,0.579125,0.4903666666666666
2020-03-26,Tech,0.38742,0.254475
2020-03-26,Utilities,0.45536000000000004,0.6708
2020-03-27,Comm,0.5363666666666667,0.27749999999999997
2020-03-27,Consumer,0.42684,0.51068
2020-03-27,Energy,0.65154,0.32848
2020-03-27,Financials,0.49928,0.4373
2020-03-27,Healthcare,0.657,0.5181
2020-03-27,Industrials,0.50222,0.5346666666666667
2020-03-27,Materials,0.518,0.3166
2020-03-27,RealEstate,0.7473000000000001,0.579125
2020-03-27,Tech,0.65348,0.38742
2020-03-27,Utilities,0.8758333333333334,0.45536000000000004
2020-03-30,Comm,0.7583,0.5363666666666667
2020-03-30,Consumer,0.34442,0.42684
2020-03-30,Energy,0.28336,0.65154
2020-03-30,Financials,-0.35034,0.49928
2020-03-30,Healthcare,0.63244,0.657
2020-03-30,Industrials,-0.0869,0.50222
2020-03-30,Materials,0.6421666666666667,0.518
2020-03-30,RealEstate,0.45957499999999996,0.7473000000000001
2020-03-30,Tech,-0.18322000000000002,0.65348
2020-03-30,Utilities,0.517675,0.8758333333333334
2020-03-31,Comm,0.3291,0.7583
2020-03-31,Consumer,0.010220000000000007,0.34442
2020-03-31,Energy,0.06904,0.28336
2020-03-31,Financials,-0.014566666666666672,-0.35034
2020-03-31,Healthcare,0.12365000000000001,0.63244
2020-03-31,Industrials,0.2488,-0.0869
2020-03-31,Materials,0.47118000000000004,0.6421666666666667
2020-03-31,RealEstate,-0.08807500000000001,0.45957499999999996
2020-03-31,Tech,-0.0359,-0.18322000000000002
2020-03-31,Utilities,-0.529225,0.517675
2020-04-01,Comm,0.41475,0.3291
2020-04-01,Consumer,0.347,0.010220000000000007
2020-04-01,Energy,0.1254,0.06904
2020-04-01,Financials,-0.039080000000000004,-0.014566666666666672
2020-04-01,Healthcare,0.23917500000000003,0.12365000000000001
2020-04-01,Industrials,0.45195,0.2488
2020-04-01,Materials,0.07309999999999998,0.47118000000000004
2020-04-01,RealEstate,0.18080000000000004,-0.08807500000000001
2020-04-01,Tech,0.475,-0.0359
2020-04-01,Utilities,-0.033319999999999975,-0.529225
2020-04-02,Comm,0.012519999999999998,0.41475
2020-04-02,Consumer,0.033319999999999995,0.347
2020-04-02,Energy,-0.2517,0.1254
2020-04-02,Financials,0.22508,-0.039080000000000004
2020-04-02,Healthcare,0.49169999999999997,0.23917500000000003
2020-04-02,Industrials,-0.12293333333333333,0.45195
2020-04-02,Materials,0.4265999999999999,0.07309999999999998
2020-04-02,RealEstate,0.12619999999999998,0.18080000000000004
2020-04-02,Tech,0.12367500000000001,0.475
2020-04-02,Utilities,0.08246666666666667,-0.033319999999999975
2020-04-03,Comm,0.47286,0.012519999999999998
2020-04-03,Consumer,0.0726,0.033319999999999995
2020-04-03,Energy,0.18194,-0.2517
2020-04-03,Financials,0.13813999999999999,0.22508
2020-04-03,Healthcare,0.4830666666666667,0.49169999999999997
2020-04-03,Industrials,-0.22834,-0.12293333333333333
2020-04-03,Materials,0.08589999999999999,0.4265999999999999
2020-04-03,RealEstate,0.41125,0.12619999999999998
2020-04-03,Tech,-0.17777500000000002,0.12367500000000001
2020-04-03,Utilities,0.37579999999999997,0.08246666666666667
2020-04-06,Comm,0.830525,0.47286
2020-04-06,Consumer,0.8035,0.0726
2020-04-06,Energy,0.31436000000000003,0.18194
2020-04-06,Financials,0.84042,0.13813999999999999
2020-04-06,Healthcare,0.65504,0.4830666666666667
2020-04-06,Industrials,0.33228,-0.22834
2020-04-06,Materials,0.2111,0.08589999999999999
2020-04-06,RealEstate,0.15545000000000003,0.41125
2020-04-06,Tech,0.8506,-0.17777500000000002
2020-04-06,Utilities,0.8559,0.37579999999999997
2020-04-07,Comm,0.511375,0.830525
2020-04-07,Consumer,0.61048,0.8035
2020-04-07,Energy,0.9019600000000001,0.31436000000000003
2020-04-07,Financials,0.56872,0.84042
2020-04-07,Healthcare,0.35262000000000004,0.65504
2020-04-07,Industrials,0.73338,0.33228
2020-04-07,Materials,0.5892,0.2111
2020-04-07,RealEstate,0.35705,0.15545000000000003
2020-04-07,Tech,0.50076,0.8506
2020-04-07,Utilities,0.597275,0.8559
2020-04-08,Comm,0.287575,0.511375
2020-04-08,Consumer,0.40002499999999996,0.61048
2020-04-08,Energy,0.8679,0.9019600000000001
2020-04-08,Financials,0.3639,0.56872
2020-04-08,Healthcare,0.5569999999999999,0.35262000000000004
2020-04-08,Industrials,0.59764,0.73338
2020-04-08,Materials,0.7760499999999999,0.5892
2020-04-08,RealEstate,0.65895,0.35705
2020-04-08,Tech,0.5622999999999999,0.50076
2020-04-08,Utilities,0.2534,0.597275
2020-04-09,Comm,-0.10400000000000001,0.287575
2020-04-09,Consumer,0.7649,0.40002499999999996
2020-04-09,Energy,0.76878,0.8679
2020-04-09,Financials,0.66122,0.3639
2020-04-09,Healthcare,0.05854999999999999,0.5569999999999999
2020-04-09,Industrials,0.2045,0.59764
2020-04-09,Materials,0.6181599999999999,0.7760499999999999
2020-04-09,RealEstate,0.867125,0.65895
2020-04-09,Tech,0.27988,0.5622999999999999
2020-04-09,Utilities,0.85425,0.2534
2020-04-13,Comm,-0.157375,-0.10400000000000001
2020-04-13,Consumer,-0.0003599999999999937,0.7649
2020-04-13,Energy,0.23638000000000003,0.76878
2020-04-13,Financials,0.31084,0.66122
2020-04-13,Healthcare,0.4323,0.05854999999999999
2020-04-13,Industrials,-0.21411999999999995,0.2045
2020-04-13,Materials,0.46040000000000003,0.6181599999999999
2020-04-13,RealEstate,-0.32055,0.867125
2020-04-13,Tech,0.58895,0.27988
2020-04-13,Utilities,0.10372499999999996,0.85425
2020-04-14,Comm,0.715425,-0.157375
2020-04-14,Consumer,0.63786,-0.0003599999999999937
2020-04-14,Energy,-0.047875,0.23638000000000003
2020-04-14,Financials,0.68745,0.31084
2020-04-14,Healthcare,0.4616,0.4323
2020-04-14,Industrials,0.68048,-0.21411999999999995
2020-04-14,Materials,0.06983333333333333,0.46040000000000003
2020-04-14,RealEstate,0.9574666666666666,-0.32055
2020-04-14,Tech,0.72522,0.58895
2020-04-14,Utilities,0.4702,0.10372499999999996
2020-04-15,Comm,0.551625,0.715425
2020-04-15,Consumer,0.52962,0.63786
2020-04-15,Energy,0.4225,-0.047875
2020-04-15,Financials,0.7294799999999999,0.68745
2020-04-15,Healthcare,0.14121999999999998,0.4616
2020-04-15,Industrials,0.15855999999999998,0.68048
2020-04-15,Materials,-0.2823333333333333,0.06983333333333333
2020-04-15,RealEstate,-0.40790000000000004,0.9574666666666666
2020-04-15,Tech,0.53384,0.72522
2020-04-15,Utilities,0.21750000000000003,0.4702
2020-04-16,Comm,0.548625,0.551625
2020-04-16,Consumer,0.720925,0.52962
2020-04-16,Energy,-0.11952,0.4225
2020-04-16,Financials,0.28064,0.7294799999999999
2020-04-16,Healthcare,0.84848,0.14121999999999998
2020-04-16,Industrials,0.30846,0.15855999999999998
2020-04-16,Materials,0.28369999999999995,-0.2823333333333333
2020-04-16,RealEstate,-0.1366,-0.40790000000000004
2020-04-16,Tech,0.9238200000000001,0.53384
2020-04-16,Utilities,0.657875,0.21750000000000003
2020-04-17,Comm,0.4263,0.548625
2020-04-17,Consumer,0.60624,0.720925
2020-04-17,Energy,-0.2529,-0.11952
2020-04-17,Financials,0.3806,0.28064
2020-04-17,Healthcare,0.7149599999999999,0.84848
2020-04-17,Industrials,0.09843333333333333,0.30846
2020-04-17,Materials,0.5155,0.28369999999999995
2020-04-17,RealEstate,0.742125,-0.1366
2020-04-17,Tech,0.2541,0.9238200000000001
2020-04-17,Utilities,0.759,0.657875
2020-04-20,Comm,0.222975,0.4263
2020-04-20,Consumer,0.23912,0.60624
2020-04-20,Energy,-0.9105800000000001,-0.2529
2020-04-20,Financials,0.23000000000000004,0.3806
2020-04-20,Healthcare,0.10006,0.7149599999999999
2020-04-20,Industrials,0.28137500000000004,0.09843333333333333
2020-04-20,Materials,0.32586,0.5155
2020-04-20,RealEstate,0.0593,0.742125
2020-04-20,Tech,0.59878,0.2541
2020-04-20,Utilities,0.013960000000000004,0.759
2020-04-21,Comm,0.37328,0.222975
2020-04-21,Consumer,-0.09068,0.23912
2020-04-21,Energy,-0.9155599999999999,-0.9105800000000001
2020-04-21,Financials,-0.37166,0.23000000000000004
2020-04-21,Healthcare,0.184,0.10006
2020-04-21,Industrials,0.10152000000000001,0.28137500000000004
2020-04-21,Materials,0.04296666666666669,0.32586
2020-04-21,RealEstate,0.07252500000000002,0.0593
2020-04-21,Tech,-0.62922,0.59878
2020-04-21,Utilities,-0.25276,0.013960000000000004
2020-04-22,Comm,0.33765,0.37328
2020-04-22,Consumer,0.39683999999999997,-0.09068
2020-04-22,Energy,-0.20168,-0.9155599999999999
2020-04-22,Financials,0.22344999999999998,-0.37166
2020-04-22,Healthcare,0.61422,0.184
2020-04-22,Industrials,0.242775,0.10152000000000001
2020-04-22,Materials,0.20847500000000002,0.04296666666666669
2020-04-22,RealEstate,0.36315,0.07252500000000002
2020-04-22,Tech,0.6546799999999999,-0.62922
2020-04-22,Utilities,0.32282500000000003,-0.25276
2020-04-23,Comm,0.353225,0.33765
2020-04-23,Consumer,0.46512000000000003,0.39683999999999997
2020-04-23,Energy,0.54904,-0.20168
2020-04-23,Financials,0.31418,0.22344999999999998
2020-04-23,Healthcare,0.30486,0.61422
2020-04-23,Industrials,0.40352,0.242775
2020-04-23,Materials,0.31013999999999997,0.20847500000000002
2020-04-23,RealEstate,0.4281,0.36315
2020-04-23,Tech,0.88262,0.6546799999999999
2020-04-23,Utilities,0.455525,0.32282500000000003
2020-04-24,Comm,0.2536,0.353225
2020-04-24,Consumer,0.17168,0.46512000000000003
2020-04-24,Energy,-0.234425,0.54904
2020-04-24,Financials,-0.2799,0.31418
2020-04-24,Healthcare,-0.1715,0.30486
2020-04-24,Industrials,0.2822,0.40352
2020-04-24,Materials,-0.23026666666666665,0.31013999999999997
2020-04-24,RealEstate,0.03535,0.4281
2020-04-24,Tech,0.327625,0.88262
2020-04-24,Utilities,0.07913333333333335,0.455525
2020-04-27,Comm,0.36824,0.2536
2020-04-27,Consumer,0.47978,0.17168
2020-04-27,Energy,-0.12264,-0.234425
2020-04-27,Financials,0.32976,-0.2799
2020-04-27,Healthcare,0.12301999999999999,-0.1715
2020-04-27,Industrials,0.79646,0.2822
2020-04-27,Materials,0.43962,-0.23026666666666665
2020-04-27,RealEstate,0.20828000000000002,0.03535
2020-04-27,Tech,0.65808,0.327625
2020-04-27,Utilities,0.689925,0.07913333333333335
2020-04-28,Comm,0.31908000000000003,0.36824
2020-04-28,Consumer,0.426825,0.47978
2020-04-28,Energy,0.05009999999999999,-0.12264
2020-04-28,Financials,0.51776,0.32976
2020-04-28,Healthcare,0.56362,0.12301999999999999
2020-04-28,Industrials,0.25786,0.79646
2020-04-28,Materials,0.32002,0.43962
2020-04-28,RealEstate,0.18462,0.20828000000000002
2020-04-28,Tech,0.7862,0.65808
2020-04-28,Utilities,0.29529999999999995,0.689925
2020-04-29,Comm,0.3024666666666667,0.31908000000000003
2020-04-29,Consumer,0.5847,0.426825
2020-04-29,Energy,0.6756399999999999,0.05009999999999999
2020-04-29,Financials,0.45488,0.51776
2020-04-29,Healthcare,0.378675,0.56362
2020-04-29,Industrials,0.32280000000000003,0.25786
2020-04-29,Materials,0.44656,0.32002
2020-04-29,RealEstate,0.3427,0.18462
2020-04-29,Tech,0.87798,0.7862
2020-04-29,Utilities,0.2222666666666667,0.29529999999999995
2020-04-30,Comm,-0.12099999999999998,0.3024666666666667
2020-04-30,Consumer,0.16964,0.5847
2020-04-30,Energy,0.07086,0.6756399999999999
2020-04-30,Financials,0.36072,0.45488
2020-04-30,Healthcare,0.5707,0.378675
2020-04-30,Industrials,0.07132000000000001,0.32280000000000003
2020-04-30,Materials,0.58038,0.44656
2020-04-30,RealEstate,0.07692500000000001,0.3427
2020-04-30,Tech,0.49944,0.87798
2020-04-30,Utilities,0.355775,0.2222666666666667
2020-05-01,Comm,0.181475,-0.12099999999999998
2020-05-01,Consumer,0.48835999999999996,0.16964
2020-05-01,Energy,-0.5294800000000001,0.07086
2020-05-01,Financials,-0.25038,0.36072
2020-05-01,Healthcare,0.27742,0.5707
2020-05-01,Industrials,-0.40878,0.07132000000000001
2020-05-01,Materials,0.006933333333333347,0.58038
2020-05-01,RealEstate,-0.15546666666666667,0.07692500000000001
2020-05-01,Tech,-0.2244,0.49944
2020-05-01,Utilities,0.036324999999999996,0.355775
2020-05-04,Comm,0.3441,0.181475
2020-05-04,Consumer,0.026679999999999992,0.48835999999999996
2020-05-04,Energy,-0.22999999999999998,-0.5294800000000001
2020-05-04,Financials,0.12906,-0.25038
2020-05-04,Healthcare,0.54022,0.27742
2020-05-04,Industrials,-0.1396,-0.40878
2020-05-04,Materials,-0.18970000000000004,0.006933333333333347
2020-05-04,RealEstate,0.30937499999999996,-0.15546666666666667
2020-05-04,Tech,0.75042,-0.2244
2020-05-04,Utilities,0.36406,0.036324999999999996
2020-05-05,Comm,0.39766,0.3441
2020-05-05,Consumer,0.5231399999999999,0.026679999999999992
2020-05-05,Energy,0.33483999999999997,-0.22999999999999998
2020-05-05,Financials,0.08678,0.12906
2020-05-05,Healthcare,0.5641999999999999,0.54022
2020-05-05,Industrials,0.49257999999999996,-0.1396
2020-05-05,Materials,0.713175,-0.18970000000000004
2020-05-05,RealEstate,0.16945,0.30937499999999996
2020-05-05,Tech,0.720075,0.75042
2020-05-05,Utilities,0.6221,0.36406
2020-05-06,Comm,-0.129275,0.39766
2020-05-06,Consumer,0.5043500000000001,0.5231399999999999
2020-05-06,Energy,0.589975,0.33483999999999997
2020-05-06,Financials,0.17998,0.08678
2020-05-06,Healthcare,0.5823,0.5641999999999999
2020-05-06,Industrials,0.257775,0.49257999999999996
2020-05-06,Materials,0.15392500000000003,0.713175
2020-05-06,RealEstate,-0.09545,0.16945
2020-05-06,Tech,0.316875,0.720075
2020-05-06,Utilities,0.449675,0.6221
2020-05-07,Comm,0.39315,-0.129275
2020-05-07,Consumer,0.48651999999999995,0.5043500000000001
2020-05-07,Energy,0.80192,0.589975
2020-05-07,Financials,-0.1515,0.17998
2020-05-07,Healthcare,0.6063999999999999,0.5823
2020-05-07,Industrials,0.009200000000000022,0.257775
2020-05-07,Materials,0.2955666666666667,0.15392500000000003
2020-05-07,RealEstate,0.55295,-0.09545
2020-05-07,Tech,0.41947999999999996,0.316875
2020-05-07,Utilities,0.3875,0.449675
2020-05-08,Comm,0.6611333333333334,0.39315
2020-05-08,Consumer,0.3574,0.48651999999999995
2020-05-08,Energy,0.39366,0.80192
2020-05-08,Financials,-0.09004000000000002,-0.1515
2020-05-08,Healthcare,-0.02467999999999999,0.6063999999999999
2020-05-08,Industrials,-0.14687499999999998,0.009200000000000022
2020-05-08,Materials,0.5156666666666667,0.2955666666666667
2020-05-08,RealEstate,0.44905,0.55295
2020-05-08,Tech,0.8484,0.41947999999999996
2020-05-08,Utilities,0.386125,0.3875
2020-05-11,Comm,0.39262,0.6611333333333334
2020-05-11,Consumer,0.40679999999999994,0.3574
2020-05-11,Energy,-0.24672,0.39366
2020-05-11,Financials,0.5354,-0.09004000000000002
2020-05-11,Healthcare,0.4721,-0.02467999999999999
2020-05-11,Industrials,0.56856,-0.14687499999999998
2020-05-11,Materials,0.24277500000000002,0.5156666666666667
2020-05-11,RealEstate,0.15263333333333332,0.44905
2020-05-11,Tech,0.43326000000000003,0.8484
2020-05-11,Utilities,0.473725,0.386125
2020-05-12,Comm,0.16042,0.39262
2020-05-12,Consumer,0.700475,0.40679999999999994
2020-05-12,Energy,0.27803999999999995,-0.24672
2020-05-12,Financials,-0.43442,0.5354
2020-05-12,Healthcare,0.48636666666666667,0.4721
2020-05-12,Industrials,-0.14127499999999998,0.56856
2020-05-12,Materials,0.36769999999999997,0.24277500000000002
2020-05-12,RealEstate,-0.604875,0.15263333333333332
2020-05-12,Tech,-0.04148,0.43326000000000003
2020-05-12,Utilities,0.6169,0.473725
2020-05-13,Comm,-0.04813333333333334,0.16042
2020-05-13,Consumer,0.33033999999999997,0.700475
2020-05-13,Energy,-0.29212,0.27803999999999995
2020-05-13,Financials,0.48744,-0.43442
2020-05-13,Healthcare,0.63942,0.48636666666666667
2020-05-13,Industrials,-0.03062,-0.14127499999999998
2020-05-13,Materials,0.4413,0.36769999999999997
2020-05-13,RealEstate,0.3516,-0.604875
2020-05-13,Tech,0.572925,-0.04148
2020-05-13,Utilities,0.5409666666666667,0.6169
2020-05-14,Comm,0.2695,-0.04813333333333334
2020-05-14,Consumer,0.6406000000000001,0.33033999999999997
2020-05-14,Energy,-0.10846,-0.29212
2020-05-14,Financials,0.28028000000000003,0.48744
2020-05-14,Healthcare,0.43162,0.63942
2020-05-14,Industrials,0.063425,-0.03062
2020-05-14,Materials,0.26216,0.4413
2020-05-14,RealEstate,0.36716,0.3516
2020-05-14,Tech,0.5743199999999999,0.572925
2020-05-14,Utilities,0.35914,0.5409666666666667
2020-05-15,Comm,0.43992000000000003,0.2695
2020-05-15,Consumer,0.3061,0.6406000000000001
2020-05-15,Energy,0.2749,-0.10846
2020-05-15,Financials,0.75176,0.28028000000000003
2020-05-15,Healthcare,0.05291999999999999,0.43162
2020-05-15,Industrials,-0.11376,0.063425
2020-05-15,Materials,0.5743,0.26216
2020-05-15,RealEstate,-0.12212499999999998,0.36716
2020-05-15,Tech,-0.22687999999999997,0.5743199999999999
2020-05-15,Utilities,0.23251999999999998,0.35914
2020-05-18,Comm,0.16994,0.43992000000000003
2020-05-18,Consumer,0.6649,0.3061
2020-05-18,Energy,0.58906,0.2749
2020-05-18,Financials,0.10950000000000001,0.75176
2020-05-18,Healthcare,0.52544,0.05291999999999999
2020-05-18,Industrials,0.92698,-0.11376
2020-05-18,Materials,0.40064999999999995,0.5743
2020-05-18,RealEstate,0.756125,-0.12212499999999998
2020-05-18,Tech,0.4993600000000001,-0.22687999999999997
2020-05-18,Utilities,0.77325,0.23251999999999998
2020-05-19,Comm,0.06147999999999998,0.16994
2020-05-19,Consumer,0.35137999999999997,0.6649
2020-05-19,Energy,0.291575,0.58906
2020-05-19,Financials,0.12714,0.10950000000000001
2020-05-19,Healthcare,0.56162,0.52544
2020-05-19,Industrials,0.013300000000000034,0.92698
2020-05-19,Materials,0.17800000000000002,0.40064999999999995
2020-05-19,RealEstate,0.20759999999999998,0.756125
2020-05-19,Tech,0.45082500000000003,0.4993600000000001
2020-05-19,Utilities,0.2732,0.77325
2020-05-20,Comm,0.24931999999999999,0.06147999999999998
2020-05-20,Consumer,0.17998,0.35137999999999997
2020-05-20,Energy,-0.09214000000000001,0.291575
2020-05-20,Financials,0.7013999999999999,0.12714
2020-05-20,Healthcare,0.024566666666666664,0.56162
2020-05-20,Industrials,0.40750000000000003,0.013300000000000034
2020-05-20,Materials,0.8209666666666666,0.17800000000000002
2020-05-20,RealEstate,0.12738,0.20759999999999998
2020-05-20,Tech,0.45430000000000004,0.45082500000000003
2020-05-20,Utilities,0.010299999999999976,0.2732
2020-05-21,Comm,0.07276000000000002,0.24931999999999999
2020-05-21,Consumer,0.23468,0.17998
2020-05-21,Energy,-0.048459999999999996,-0.09214000000000001
2020-05-21,Financials,0.27584,0.7013999999999999
2020-05-21,Healthcare,0.46265999999999996,0.024566666666666664
2020-05-21,Industrials,0.038275,0.40750000000000003
2020-05-21,Materials,0.3217,0.8209666666666666
2020-05-21,RealEstate,0.0,0.12738
2020-05-21,Tech,0.152,0.45430000000000004
2020-05-21,Utilities,0.4951,0.010299999999999976
2020-05-22,Comm,0.21660000000000004,0.07276000000000002
2020-05-22,Consumer,-0.05970000000000001,0.23468
2020-05-22,Energy,-0.10488,-0.048459999999999996
2020-05-22,Financials,0.13582499999999997,0.27584
2020-05-22,Healthcare,0.36269999999999997,0.46265999999999996
2020-05-22,Industrials,0.20396666666666666,0.038275
2020-05-22,Materials,0.0683,0.3217
2020-05-22,RealEstate,0.6406999999999999,0.0
2020-05-22,Tech,0.09345999999999999,0.152
2020-05-22,Utilities,0.31245,0.4951
2020-05-26,Comm,0.4627,0.21660000000000004
2020-05-26,Consumer,0.78636,-0.05970000000000001
2020-05-26,Energy,0.66494,-0.10488
2020-05-26,Financials,0.4391999999999999,0.13582499999999997
2020-05-26,Healthcare,0.21101999999999999,0.36269999999999997
2020-05-26,Industrials,0.6248199999999999,0.20396666666666666
2020-05-26,Materials,0.6206999999999999,0.0683
2020-05-26,RealEstate,0.34369999999999995,0.6406999999999999
2020-05-26,Tech,0.6815800000000001,0.09345999999999999
2020-05-26,Utilities,0.5252333333333333,0.31245
2020-05-27,Comm,0.34656000000000003,0.4627
2020-05-27,Consumer,0.5338200000000001,0.78636
2020-05-27,Energy,-0.2681,0.66494
2020-05-27,Financials,0.73732,0.4391999999999999
2020-05-27,Healthcare,0.136375,0.21101999999999999
2020-05-27,Industrials,0.58166,0.6248199999999999
2020-05-27,Materials,0.0,0.6206999999999999
2020-05-27,RealEstate,0.0,0.34369999999999995
2020-05-27,Tech,0.20502000000000004,0.6815800000000001
2020-05-27,Utilities,0.33447499999999997,0.5252333333333333
2020-05-28,Comm,0.34850000000000003,0.34656000000000003
2020-05-28,Consumer,0.08071999999999999,0.5338200000000001
2020-05-28,Energy,0.35204,-0.2681
2020-05-28,Financials,0.25152,0.73732
2020-05-28,Healthcare,-0.20548000000000002,0.136375
2020-05-28,Industrials,0.76612,0.58166
2020-05-28,Materials,0.254025,0.0
2020-05-28,RealEstate,0.20835,0.0
2020-05-28,Tech,0.36316,0.20502000000000004
2020-05-28,Utilities,0.33,0.33447499999999997
2020-05-29,Comm,0.4285,0.34850000000000003
2020-05-29,Consumer,0.19854,0.08071999999999999
2020-05-29,Energy,0.5120199999999999,0.35204
2020-05-29,Financials,0.006559999999999999,0.25152
2020-05-29,Healthcare,0.533625,-0.20548000000000002
2020-05-29,Industrials,0.30922499999999997,0.76612
2020-05-29,Materials,0.05135,0.254025
2020-05-29,RealEstate,0.1702,0.20835
2020-05-29,Tech,0.491,0.36316
2020-05-29,Utilities,0.5269,0.33
2020-06-01,Comm,0.35394,0.4285
2020-06-01,Consumer,0.2069,0.19854
2020-06-01,Energy,-0.288825,0.5120199999999999
2020-06-01,Financials,0.39288,0.006559999999999999
2020-06-01,Healthcare,0.8205,0.533625
2020-06-01,Industrials,0.18918,0.30922499999999997
2020-06-01,Materials,0.09106666666666667,0.05135
2020-06-01,RealEstate,0.273625,0.1702
2020-06-01,Tech,0.1726,0.491
2020-06-01,Utilities,0.1033,0.5269
2020-06-02,Comm,0.5754666666666667,0.35394
2020-06-02,Consumer,-0.14804,0.2069
2020-06-02,Energy,0.46992500000000004,-0.288825
2020-06-02,Financials,0.52168,0.39288
2020-06-02,Healthcare,0.28504,0.8205
2020-06-02,Industrials,0.71688,0.18918
2020-06-02,Materials,0.435575,0.09106666666666667
2020-06-02,RealEstate,0.29893333333333333,0.273625
2020-06-02,Tech,0.4753,0.1726
2020-06-02,Utilities,0.38886666666666664,0.1033
2020-06-03,Comm,-0.25298,0.5754666666666667
2020-06-03,Consumer,0.37348,-0.14804
2020-06-03,Energy,0.779175,0.46992500000000004
2020-06-03,Financials,0.83984,0.52168
2020-06-03,Healthcare,0.5257799999999999,0.28504
2020-06-03,Industrials,0.8084,0.71688
2020-06-03,Materials,0.4557,0.435575
2020-06-03,RealEstate,0.1744,0.29893333333333333
2020-06-03,Tech,0.7079,0.4753
2020-06-03,Utilities,0.0,0.38886666666666664
2020-06-04,Comm,0.0847,-0.25298
2020-06-04,Consumer,0.421525,0.37348
2020-06-04,Energy,0.15264000000000003,0.779175
2020-06-04,Financials,0.54714,0.83984
2020-06-04,Healthcare,0.42110000000000003,0.5257799999999999
2020-06-04,Industrials,0.479325,0.8084
2020-06-04,Materials,-0.032,0.4557
2020-06-04,RealEstate,0.148,0.1744
2020-06-04,Tech,0.5055,0.7079
2020-06-04,Utilities,0.07153333333333335,0.0
2020-06-05,Comm,0.150175,0.0847
2020-06-05,Consumer,0.7694000000000001,0.421525
2020-06-05,Energy,0.5031800000000001,0.15264000000000003
2020-06-05,Financials,0.67144,0.54714
2020-06-05,Healthcare,0.4493333333333333,0.42110000000000003
2020-06-05,Industrials,0.85854,0.479325
2020-06-05,Materials,0.507575,-0.032
2020-06-05,RealEstate,0.0,0.148
2020-06-05,Tech,0.6840999999999999,0.5055
2020-06-05,Utilities,0.347,0.07153333333333335
2020-06-08,Comm,-0.046799999999999994,0.150175
2020-06-08,Consumer,0.56914,0.7694000000000001
2020-06-08,Energy,0.26112,0.5031800000000001
2020-06-08,Financials,0.4827199999999999,0.67144
2020-06-08,Healthcare,0.36750000000000005,0.4493333333333333
2020-06-08,Industrials,0.19973999999999997,0.85854
2020-06-08,Materials,0.4088,0.507575
2020-06-08,RealEstate,0.2113,0.0
2020-06-08,Tech,0.34371999999999997,0.6840999999999999
2020-06-08,Utilities,0.7906,0.347
2020-06-09,Comm,0.0,-0.046799999999999994
2020-06-09,Consumer,-0.028099999999999976,0.56914
2020-06-09,Energy,0.7783599999999999,0.26112
2020-06-09,Financials,0.46143999999999996,0.4827199999999999
2020-06-09,Healthcare,0.0504,0.36750000000000005
2020-06-09,Industrials,0.449625,0.19973999999999997
2020-06-09,Materials,0.42775,0.4088
2020-06-09,RealEstate,0.0258,0.2113
2020-06-09,Tech,0.5282,0.34371999999999997
2020-06-09,Utilities,0.6733,0.7906
2020-06-10,Comm,-0.08159999999999999,0.0
2020-06-10,Consumer,0.24657999999999997,-0.028099999999999976
2020-06-10,Energy,-0.23628,0.7783599999999999
2020-06-10,Financials,0.658025,0.46143999999999996
2020-06-10,Healthcare,0.507525,0.0504
2020-06-10,Industrials,0.42955,0.449625
2020-06-10,Materials,0.42775,0.42775
2020-06-10,RealEstate,0.6597,0.0258
2020-06-10,Tech,0.18785000000000002,0.5282
2020-06-10,Utilities,0.0,0.6733
2020-06-11,Comm,0.11362000000000001,-0.08159999999999999
2020-06-11,Consumer,0.1573,0.24657999999999997
2020-06-11,Energy,-0.08034,-0.23628
2020-06-11,Financials,0.31588,0.658025
2020-06-11,Healthcare,0.37404000000000004,0.507525
2020-06-11,Industrials,0.19302000000000002,0.42955
2020-06-11,Materials,0.28683333333333333,0.42775
2020-06-11,RealEstate,0.2795666666666667,0.6597
2020-06-11,Tech,0.62035,0.18785000000000002
2020-06-11,Utilities,0.3182,0.0
2020-06-12,Comm,0.2952,0.11362000000000001
2020-06-12,Consumer,0.42112,0.1573
2020-06-12,Energy,0.09862000000000001,-0.08034
2020-06-12,Financials,0.015899999999999997,0.31588
2020-06-12,Healthcare,0.044125000000000004,0.37404000000000004
2020-06-12,Industrials,-0.05722499999999998,0.19302000000000002
2020-06-12,Materials,-0.07689999999999998,0.28683333333333333
2020-06-12,RealEstate,0.296,0.2795666666666667
2020-06-12,Tech,0.12655,0.62035
2020-06-12,Utilities,0.2732,0.3182
2020-06-15,Comm,0.07975,0.2952
2020-06-15,Consumer,0.09830000000000001,0.42112
2020-06-15,Energy,-0.23373333333333335,0.09862000000000001
2020-06-15,Financials,0.38239999999999996,0.015899999999999997
2020-06-15,Healthcare,0.49395999999999995,0.044125000000000004
2020-06-15,Industrials,0.1537,-0.05722499999999998
2020-06-15,Materials,0.2732,-0.07689999999999998
2020-06-15,RealEstate,0.4019,0.296
2020-06-15,Tech,0.35595,0.12655
2020-06-15,Utilities,0.792,0.2732
2020-06-16,Comm,-0.029320000000000002,0.07975
2020-06-16,Consumer,0.472525,0.09830000000000001
2020-06-16,Energy,0.25955,-0.23373333333333335
2020-06-16,Financials,0.148375,0.38239999999999996
2020-06-16,Healthcare,0.22235,0.49395999999999995
2020-06-16,Industrials,0.598225,0.1537
2020-06-16,Materials,0.0,0.2732
2020-06-16,RealEstate,0.52615,0.4019
2020-06-16,Tech,0.459175,0.35595
2020-06-16,Utilities,0.5574,0.792
2020-06-17,Comm,0.18818000000000001,-0.029320000000000002
2020-06-17,Consumer,0.24894,0.472525
2020-06-17,Energy,-0.141025,0.25955
2020-06-17,Financials,0.07255,0.148375
2020-06-17,Healthcare,0.02024999999999999,0.22235
2020-06-17,Industrials,0.0,0.598225
2020-06-17,Materials,-0.6124,0.0
2020-06-17,RealEstate,-0.14425,0.52615
2020-06-17,Tech,0.10627500000000001,0.459175
2020-06-17,Utilities,0.0,0.5574
2020-06-18,Comm,-0.035100000000000006,0.18818000000000001
2020-06-18,Consumer,0.43772,0.24894
2020-06-18,Energy,0.30995,-0.141025
2020-06-18,Financials,-0.15198,0.07255
2020-06-18,Healthcare,0.4769,0.02024999999999999
2020-06-18,Industrials,-0.2612333333333334,0.0
2020-06-18,Materials,0.0,-0.6124
2020-06-18,RealEstate,0.34626666666666667,-0.14425
2020-06-18,Tech,0.36285,0.10627500000000001
2020-06-18,Utilities,0.7269,0.0
2020-06-19,Comm,0.31855,-0.035100000000000006
2020-06-19,Consumer,0.16852,0.43772
2020-06-19,Energy,0.8882,0.30995
2020-06-19,Financials,-0.23657499999999998,-0.15198
2020-06-19,Healthcare,0.292575,0.4769
2020-06-19,Industrials,0.1101,-0.2612333333333334
2020-06-19,Materials,-0.11315,0.0
2020-06-19,RealEstate,0.34626666666666667,0.34626666666666667
2020-06-19,Tech,-0.4789333333333334,0.36285
2020-06-19,Utilities,0.32135,0.7269
2020-06-22,Comm,0.35824999999999996,0.31855
2020-06-22,Consumer,0.26568,0.16852
2020-06-22,Energy,0.295725,0.8882
2020-06-22,Financials,-0.18132500000000001,-0.23657499999999998
2020-06-22,Healthcare,0.517425,0.292575
2020-06-22,Industrials,0.32849999999999996,0.1101
2020-06-22,Materials,0.20879999999999999,-0.11315
2020-06-22,RealEstate,0.34626666666666667,0.34626666666666667
2020-06-22,Tech,0.6087666666666667,-0.4789333333333334
2020-06-22,Utilities,-0.29406666666666664,0.32135
2020-06-23,Comm,0.5055333333333333,0.35824999999999996
2020-06-23,Consumer,0.78318,0.26568
2020-06-23,Energy,0.23702499999999999,0.295725
2020-06-23,Financials,0.322475,-0.18132500000000001
2020-06-23,Healthcare,-0.004325,0.517425
2020-06-23,Industrials,0.32364,0.32849999999999996
2020-06-23,Materials,0.15293333333333334,0.20879999999999999
2020-06-23,RealEstate,0.0,0.34626666666666667
2020-06-23,Tech,0.274525,0.6087666666666667
2020-06-23,Utilities,0.0683,-0.29406666666666664
2020-06-24,Comm,0.5347666666666667,0.5055333333333333
2020-06-24,Consumer,-0.08884,0.78318
2020-06-24,Energy,-0.21978,0.23702499999999999
2020-06-24,Financials,0.2670666666666666,0.322475
2020-06-24,Healthcare,0.057025,-0.004325
2020-06-24,Industrials,-0.24322,0.32364
2020-06-24,Materials,0.0,0.15293333333333334
2020-06-24,RealEstate,-0.1806,0.0
2020-06-24,Tech,-0.5153,0.274525
2020-06-24,Utilities,-0.1027,0.0683
2020-06-25,Comm,0.11329999999999997,0.5347666666666667
2020-06-25,Consumer,0.50764,-0.08884
2020-06-25,Energy,0.39302000000000004,-0.21978
2020-06-25,Financials,-0.30300000000000005,0.2670666666666666
2020-06-25,Healthcare,0.47459999999999997,0.057025
2020-06-25,Industrials,0.05364999999999999,-0.24322
2020-06-25,Materials,0.4019,0.0
2020-06-25,RealEstate,-0.1806,-0.1806
2020-06-25,Tech,-0.6039333333333333,-0.5153
2020-06-25,Utilities,0.0,-0.1027
2020-06-26,Comm,0.48355,0.11329999999999997
2020-06-26,Consumer,0.24281999999999998,0.50764
2020-06-26,Energy,0.28353333333333336,0.39302000000000004
2020-06-26,Financials,-0.102525,-0.30300000000000005
2020-06-26,Healthcare,-0.061299999999999986,0.47459999999999997
2020-06-26,Industrials,0.02563333333333333,0.05364999999999999
2020-06-26,Materials,0.34,0.4019
2020-06-26,RealEstate,0.0382,-0.1806
2020-06-26,Tech,-0.1594,-0.6039333333333333
2020-06-26,Utilities,0.11333333333333334,0.0
2020-06-29,Comm,0.1624,0.48355
2020-06-29,Consumer,0.35526,0.24281999999999998
2020-06-29,Energy,-0.04384999999999999,0.28353333333333336
2020-06-29,Financials,0.489975,-0.102525
2020-06-29,Healthcare,0.33746,-0.061299999999999986
2020-06-29,Industrials,0.7424999999999999,0.02563333333333333
2020-06-29,Materials,0.11315,0.34
2020-06-29,RealEstate,0.0,0.0382
2020-06-29,Tech,0.435,-0.1594
2020-06-29,Utilities,0.0,0.11333333333333334
2020-06-30,Comm,0.23916666666666667,0.1624
2020-06-30,Consumer,0.16444,0.35526
2020-06-30,Energy,0.377975,-0.04384999999999999
2020-06-30,Financials,0.023500000000000004,0.489975
2020-06-30,Healthcare,0.3223,0.33746
2020-06-30,Industrials,0.4598,0.7424999999999999
2020-06-30,Materials,0.17020000000000002,0.11315
2020-06-30,RealEstate,0.3609,0.0
2020-06-30,Tech,0.90725,0.435
2020-06-30,Utilities,0.34,0.0
2020-07-01,Comm,-0.07955,0.23916666666666667
2020-07-01,Consumer,-0.1638,0.16444
2020-07-01,Energy,0.05729999999999999,0.377975
2020-07-01,Financials,-0.5324333333333333,0.023500000000000004
2020-07-01,Healthcare,0.66845,0.3223
2020-07-01,Industrials,0.6298,0.4598
2020-07-01,Materials,0.10115,0.17020000000000002
2020-07-01,RealEstate,0.0,0.3609
2020-07-01,Tech,0.36199999999999993,0.90725
2020-07-01,Utilities,0.251525,0.34
2020-07-02,Comm,0.024033333333333334,-0.07955
2020-07-02,Consumer,0.36497999999999997,-0.1638
2020-07-02,Energy,0.21267999999999998,0.05729999999999999
2020-07-02,Financials,0.38722,-0.5324333333333333
2020-07-02,Healthcare,0.21423333333333336,0.66845
2020-07-02,Industrials,0.025825,0.6298
2020-07-02,Materials,0.0,0.10115
2020-07-02,RealEstate,-0.064,0.0
2020-07-02,Tech,0.5199,0.36199999999999993
2020-07-02,Utilities,0.8074,0.251525
2020-07-06,Comm,0.13602,0.024033333333333334
2020-07-06,Consumer,0.2693,0.36497999999999997
2020-07-06,Energy,0.36932,0.21267999999999998
2020-07-06,Financials,-0.05624999999999998,0.38722
2020-07-06,Healthcare,0.4683400000000001,0.21423333333333336
2020-07-06,Industrials,-0.1476,0.025825
2020-07-06,Materials,-0.27859999999999996,0.0
2020-07-06,RealEstate,-0.1591,-0.064
2020-07-06,Tech,0.210125,0.5199
2020-07-06,Utilities,0.8614666666666667,0.8074
2020-07-07,Comm,0.21094,0.13602
2020-07-07,Consumer,0.44830000000000003,0.2693
2020-07-07,Energy,0.2375333333333333,0.36932
2020-07-07,Financials,0.12114999999999998,-0.05624999999999998
2020-07-07,Healthcare,0.351975,0.4683400000000001
2020-07-07,Industrials,0.3542,-0.1476
2020-07-07,Materials,0.0,-0.27859999999999996
2020-07-07,RealEstate,0.7506,-0.1591
2020-07-07,Tech,0.35015,0.210125
2020-07-07,Utilities,-0.3592,0.8614666666666667
2020-07-08,Comm,-0.379375,0.21094
2020-07-08,Consumer,0.53792,0.44830000000000003
2020-07-08,Energy,0.8225,0.2375333333333333
2020-07-08,Financials,0.4486,0.12114999999999998
2020-07-08,Healthcare,0.3665,0.351975
2020-07-08,Industrials,0.27236000000000005,0.3542
2020-07-08,Materials,0.5719,0.0
2020-07-08,RealEstate,-0.7717,0.7506
2020-07-08,Tech,-0.11926666666666667,0.35015
2020-07-08,Utilities,-0.07686666666666664,-0.3592
2020-07-09,Comm,0.5624,-0.379375
2020-07-09,Consumer,0.21270000000000003,0.53792
2020-07-09,Energy,0.5307,0.8225
2020-07-09,Financials,0.3582,0.4486
2020-07-09,Healthcare,0.10166666666666667,0.3665
2020-07-09,Industrials,-0.02203333333333331,0.27236000000000005
2020-07-09,Materials,0.0,0.5719
2020-07-09,RealEstate,0.0,-0.7717
2020-07-09,Tech,0.47333333333333333,-0.11926666666666667
2020-07-09,Utilities,0.17556666666666665,-0.07686666666666664
2020-07-10,Comm,0.0,0.5624
2020-07-10,Consumer,-0.08715999999999999,0.21270000000000003
2020-07-10,Energy,0.2508,0.5307
2020-07-10,Financials,0.33994,0.3582
2020-07-10,Healthcare,0.4891,0.10166666666666667
2020-07-10,Industrials,-0.34936666666666666,-0.02203333333333331
2020-07-10,Materials,0.0,0.0
2020-07-10,RealEstate,0.0772,0.0
2020-07-10,Tech,0.0,0.47333333333333333
2020-07-10,Utilities,0.36819999999999997,0.17556666666666665
2020-07-13,Comm,0.3799666666666666,0.0
2020-07-13,Consumer,0.32904,-0.08715999999999999
2020-07-13,Energy,0.5051666666666667,0.2508
2020-07-13,Financials,0.23628,0.33994
2020-07-13,Healthcare,0.16758,0.4891
2020-07-13,Industrials,0.33525,-0.34936666666666666
2020-07-13,Materials,0.0,0.0
2020-07-13,RealEstate,0.0,0.0772
2020-07-13,Tech,0.41165,0.0
2020-07-13,Utilities,-0.009400000000000006,0.36819999999999997
2020-07-14,Comm,0.205125,0.3799666666666666
2020-07-14,Consumer,0.27603999999999995,0.32904
2020-07-14,Energy,-0.0516,0.5051666666666667
2020-07-14,Financials,0.262075,0.23628
2020-07-14,Healthcare,0.25294,0.16758
2020-07-14,Industrials,0.32914000000000004,0.33525
2020-07-14,Materials,0.0,0.0
2020-07-14,RealEstate,0.0,0.0
2020-07-14,Tech,0.25995,0.41165
2020-07-14,Utilities,0.2732,-0.009400000000000006
2020-07-15,Comm,0.19317499999999999,0.205125
2020-07-15,Consumer,0.42460000000000003,0.27603999999999995
2020-07-15,Energy,-0.3724,-0.0516
2020-07-15,Financials,0.77012,0.262075
2020-07-15,Healthcare,0.7424,0.25294
2020-07-15,Industrials,0.34864,0.32914000000000004
2020-07-15,Materials,0.0,0.0
2020-07-15,RealEstate,0.028566666666666667,0.0
2020-07-15,Tech,0.20695,0.25995
2020-07-15,Utilities,0.6072000000000001,0.2732
2020-07-16,Comm,0.325275,0.19317499999999999
2020-07-16,Consumer,0.41592,0.42460000000000003
2020-07-16,Energy,0.1986,-0.3724
2020-07-16,Financials,0.002766666666666658,0.77012
2020-07-16,Healthcare,0.44087499999999996,0.7424
2020-07-16,Industrials,0.00645,0.34864
2020-07-16,Materials,0.0172,0.0
2020-07-16,RealEstate,0.028566666666666667,0.028566666666666667
2020-07-16,Tech,-0.04682499999999998,0.20695
2020-07-16,Utilities,0.142975,0.6072000000000001
2020-07-17,Comm,-0.4588,0.325275
2020-07-17,Consumer,0.29544000000000004,0.41592
2020-07-17,Energy,-0.088975,0.1986
2020-07-17,Financials,-0.03715,0.002766666666666658
2020-07-17,Healthcare,0.014399999999999996,0.44087499999999996
2020-07-17,Industrials,-0.12519999999999998,0.00645
2020-07-17,Materials,0.0,0.0172
2020-07-17,RealEstate,0.028566666666666667,0.028566666666666667
2020-07-17,Tech,-0.10136666666666666,-0.04682499999999998
2020-07-17,Utilities,0.3197,0.142975
2020-07-20,Comm,0.27086666666666664,-0.4588
2020-07-20,Consumer,0.27575,0.29544000000000004
2020-07-20,Energy,0.3721,-0.088975
2020-07-20,Financials,0.3861666666666666,-0.03715
2020-07-20,Healthcare,0.36293333333333333,0.014399999999999996
2020-07-20,Industrials,0.09229999999999998,-0.12519999999999998
2020-07-20,Materials,0.0,0.0
2020-07-20,RealEstate,0.0,0.028566666666666667
2020-07-20,Tech,0.43784999999999996,-0.10136666666666666
2020-07-20,Utilities,-0.07110000000000001,0.3197
2020-07-21,Comm,0.35296000000000005,0.27086666666666664
2020-07-21,Consumer,0.6896,0.27575
2020-07-21,Energy,0.7681,0.3721
2020-07-21,Financials,0.431575,0.3861666666666666
2020-07-21,Healthcare,0.592375,0.36293333333333333
2020-07-21,Industrials,0.3589,0.09229999999999998
2020-07-21,Materials,0.0,0.0
2020-07-21,RealEstate,0.4404,0.0
2020-07-21,Tech,0.371625,0.43784999999999996
2020-07-21,Utilities,0.1624,-0.07110000000000001
2020-07-22,Comm,0.2248,0.35296000000000005
2020-07-22,Consumer,0.24925999999999998,0.6896
2020-07-22,Energy,0.30247999999999997,0.7681
2020-07-22,Financials,0.17945,0.431575
2020-07-22,Healthcare,0.7684666666666667,0.592375
2020-07-22,Industrials,-0.10089999999999998,0.3589
2020-07-22,Materials,0.1366,0.0
2020-07-22,RealEstate,0.3818,0.4404
2020-07-22,Tech,0.48869999999999997,0.371625
2020-07-22,Utilities,0.1624,0.1624
2020-07-23,Comm,-0.2825,0.2248
2020-07-23,Consumer,0.3184,0.24925999999999998
2020-07-23,Energy,0.05560000000000001,0.30247999999999997
2020-07-23,Financials,0.0,0.17945
2020-07-23,Healthcare,-0.03259999999999998,0.7684666666666667
2020-07-23,Industrials,0.11383999999999998,-0.10089999999999998
2020-07-23,Materials,-0.03389999999999999,0.1366
2020-07-23,RealEstate,0.148,0.3818
2020-07-23,Tech,0.6314666666666667,0.48869999999999997
2020-07-23,Utilities,0.30665000000000003,0.1624
2020-07-24,Comm,0.29059999999999997,-0.2825
2020-07-24,Consumer,-0.09363999999999999,0.3184
2020-07-24,Energy,0.3211,0.05560000000000001
2020-07-24,Financials,0.00645,0.0
2020-07-24,Healthcare,0.32176,-0.03259999999999998
2020-07-24,Industrials,0.12385,0.11383999999999998
2020-07-24,Materials,0.3824,-0.03389999999999999
2020-07-24,RealEstate,0.0,0.148
2020-07-24,Tech,-0.03683333333333331,0.6314666666666667
2020-07-24,Utilities,0.5287000000000001,0.30665000000000003
2020-07-27,Comm,0.3592,0.29059999999999997
2020-07-27,Consumer,0.40545000000000003,-0.09363999999999999
2020-07-27,Energy,0.21155000000000002,0.3211
2020-07-27,Financials,0.2645,0.00645
2020-07-27,Healthcare,-0.045,0.32176
2020-07-27,Industrials,0.2744,0.12385
2020-07-27,Materials,0.123475,0.3824
2020-07-27,RealEstate,0.18725,0.0
2020-07-27,Tech,0.60845,-0.03683333333333331
2020-07-27,Utilities,-0.0945,0.5287000000000001
2020-07-28,Comm,0.6709499999999999,0.3592
2020-07-28,Consumer,0.40809999999999996,0.40545000000000003
2020-07-28,Energy,0.2023,0.21155000000000002
2020-07-28,Financials,0.195525,0.2645
2020-07-28,Healthcare,0.269825,-0.045
2020-07-28,Industrials,-0.017850000000000005,0.2744
2020-07-28,Materials,0.42245,0.123475
2020-07-28,RealEstate,0.18725,0.18725
2020-07-28,Tech,0.5005333333333334,0.60845
2020-07-28,Utilities,0.4404,-0.0945
2020-07-29,Comm,0.02612500000000001,0.6709499999999999
2020-07-29,Consumer,0.22014,0.40809999999999996
2020-07-29,Energy,0.3255,0.2023
2020-07-29,Financials,0.10105000000000001,0.195525
2020-07-29,Healthcare,0.10556000000000001,0.269825
2020-07-29,Industrials,0.432075,-0.017850000000000005
2020-07-29,Materials,0.12726666666666667,0.42245
2020-07-29,RealEstate,0.12476000000000001,0.18725
2020-07-29,Tech,0.791425,0.5005333333333334
2020-07-29,Utilities,0.22783333333333333,0.4404
2020-07-30,Comm,0.30326,0.02612500000000001
2020-07-30,Consumer,0.39374000000000003,0.22014
2020-07-30,Energy,0.18716,0.3255
2020-07-30,Financials,0.5247333333333334,0.10105000000000001
2020-07-30,Healthcare,-0.056575,0.10556000000000001
2020-07-30,Industrials,0.46315999999999996,0.432075
2020-07-30,Materials,0.1689,0.12726666666666667
2020-07-30,RealEstate,-0.119175,0.12476000000000001
2020-07-30,Tech,0.15285,0.791425
2020-07-30,Utilities,0.17556666666666665,0.22783333333333333
2020-07-31,Comm,0.4096333333333333,0.30326
2020-07-31,Consumer,0.19766,0.39374000000000003
2020-07-31,Energy,-0.06305,0.18716
2020-07-31,Financials,0.18059999999999998,0.5247333333333334
2020-07-31,Healthcare,0.23136666666666664,-0.056575
2020-07-31,Industrials,-0.19046000000000002,0.46315999999999996
2020-07-31,Materials,0.6808,0.1689
2020-07-31,RealEstate,0.29295,-0.119175
2020-07-31,Tech,0.5267,0.15285
2020-07-31,Utilities,0.46085,0.17556666666666665
2020-08-03,Comm,0.60812,0.4096333333333333
2020-08-03,Consumer,0.27404,0.19766
2020-08-03,Energy,-0.025739999999999996,-0.06305
2020-08-03,Financials,0.3402,0.18059999999999998
2020-08-03,Healthcare,0.17228000000000002,0.23136666666666664
2020-08-03,Industrials,-0.34626,-0.19046000000000002
2020-08-03,Materials,0.63375,0.6808
2020-08-03,RealEstate,0.13085,0.29295
2020-08-03,Tech,0.6608,0.5267
2020-08-03,Utilities,0.56785,0.46085
2020-08-04,Comm,0.05852,0.60812
2020-08-04,Consumer,0.34928,0.27404
2020-08-04,Energy,-0.09705,-0.025739999999999996
2020-08-04,Financials,0.055120000000000016,0.3402
2020-08-04,Healthcare,0.0886,0.17228000000000002
2020-08-04,Industrials,0.03166666666666666,-0.34626
2020-08-04,Materials,0.148,0.63375
2020-08-04,RealEstate,-0.7717,0.13085
2020-08-04,Tech,0.44029999999999997,0.6608
2020-08-04,Utilities,0.5585666666666667,0.56785
2020-08-05,Comm,0.56195,0.05852
2020-08-05,Consumer,0.06758,0.34928
2020-08-05,Energy,0.5889,-0.09705
2020-08-05,Financials,0.4946333333333333,0.055120000000000016
2020-08-05,Healthcare,-0.023299999999999987,0.0886
2020-08-05,Industrials,0.22564,0.03166666666666666
2020-08-05,Materials,-0.03423333333333333,0.148
2020-08-05,RealEstate,0.148,-0.7717
2020-08-05,Tech,0.472175,0.44029999999999997
2020-08-05,Utilities,-0.03423333333333333,0.5585666666666667
2020-08-06,Comm,0.6044666666666667,0.56195
2020-08-06,Consumer,0.225,0.06758
2020-08-06,Energy,0.455,0.5889
2020-08-06,Financials,0.07915000000000001,0.4946333333333333
2020-08-06,Healthcare,0.6286999999999999,-0.023299999999999987
2020-08-06,Industrials,0.4232666666666667,0.22564
2020-08-06,Materials,0.34626666666666667,-0.03423333333333333
2020-08-06,RealEstate,0.0,0.148
2020-08-06,Tech,0.4304666666666667,0.472175
2020-08-06,Utilities,0.24695,-0.03423333333333333
2020-08-07,Comm,0.25834999999999997,0.6044666666666667
2020-08-07,Consumer,0.4657,0.225
2020-08-07,Energy,0.18213333333333334,0.455
2020-08-07,Financials,0.07209999999999998,0.07915000000000001
2020-08-07,Healthcare,0.48472,0.6286999999999999
2020-08-07,Industrials,0.17270000000000002,0.4232666666666667
2020-08-07,Materials,0.34626666666666667,0.34626666666666667
2020-08-07,RealEstate,0.44327500000000003,0.0
2020-08-07,Tech,0.31845,0.4304666666666667
2020-08-07,Utilities,0.0,0.24695
2020-08-10,Comm,0.43118,0.25834999999999997
2020-08-10,Consumer,0.42336,0.4657
2020-08-10,Energy,0.09184,0.18213333333333334
2020-08-10,Financials,0.42328,0.07209999999999998
2020-08-10,Healthcare,0.22593333333333332,0.48472
2020-08-10,Industrials,0.4571,0.17270000000000002
2020-08-10,Materials,0.4523333333333334,0.34626666666666667
2020-08-10,RealEstate,0.0,0.44327500000000003
2020-08-10,Tech,0.359475,0.31845
2020-08-10,Utilities,0.05676666666666667,0.0
2020-08-11,Comm,0.30086666666666667,0.43118
2020-08-11,Consumer,0.37507500000000005,0.42336
2020-08-11,Energy,0.46787500000000004,0.09184
2020-08-11,Financials,0.40349999999999997,0.42328
2020-08-11,Healthcare,0.11333333333333334,0.22593333333333332
2020-08-11,Industrials,0.06743333333333333,0.4571
2020-08-11,Materials,0.0,0.4523333333333334
2020-08-11,RealEstate,0.4019,0.0
2020-08-11,Tech,0.5470333333333333,0.359475
2020-08-11,Utilities,0.3568,0.05676666666666667
2020-08-12,Comm,0.3655,0.30086666666666667
2020-08-12,Consumer,0.164,0.37507500000000005
2020-08-12,Energy,0.36106,0.46787500000000004
2020-08-12,Financials,0.2903,0.40349999999999997
2020-08-12,Healthcare,0.06743333333333333,0.11333333333333334
2020-08-12,Industrials,-0.063525,0.06743333333333333
2020-08-12,Materials,0.0,0.0
2020-08-12,RealEstate,0.0,0.4019
2020-08-12,Tech,-0.35314999999999996,0.5470333333333333
2020-08-12,Utilities,0.1464,0.3568
2020-08-13,Comm,0.148,0.3655
2020-08-13,Consumer,0.23836,0.164
2020-08-13,Energy,0.1366,0.36106
2020-08-13,Financials,-0.43124,0.2903
2020-08-13,Healthcare,-0.13394,0.06743333333333333
2020-08-13,Industrials,-0.15016666666666667,-0.063525
2020-08-13,Materials,0.0,0.0
2020-08-13,RealEstate,0.0,0.0
2020-08-13,Tech,-0.0073999999999999995,-0.35314999999999996
2020-08-13,Utilities,0.0,0.1464
2020-08-14,Comm,-0.07955,0.148
2020-08-14,Consumer,0.20600000000000002,0.23836
2020-08-14,Energy,0.6141,0.1366
2020-08-14,Financials,0.15445,-0.43124
2020-08-14,Healthcare,0.0,-0.13394
2020-08-14,Industrials,-0.03200000000000001,-0.15016666666666667
2020-08-14,Materials,0.0,0.0
2020-08-14,RealEstate,0.12726666666666667,0.0
2020-08-14,Tech,0.43452500000000005,-0.0073999999999999995
2020-08-14,Utilities,0.6369,0.0
2020-08-17,Comm,0.27174,-0.07955
2020-08-17,Consumer,0.23406000000000002,0.20600000000000002
2020-08-17,Energy,-0.03262499999999999,0.6141
2020-08-17,Financials,0.2838,0.15445
2020-08-17,Healthcare,0.3894,0.0
2020-08-17,Industrials,0.2736,-0.03200000000000001
2020-08-17,Materials,0.5688666666666666,0.0
2020-08-17,RealEstate,0.31845,0.12726666666666667
2020-08-17,Tech,-0.16147500000000004,0.43452500000000005
2020-08-17,Utilities,0.60605,0.6369
2020-08-18,Comm,0.09981999999999999,0.27174
2020-08-18,Consumer,0.3296,0.23406000000000002
2020-08-18,Energy,0.14229999999999998,-0.03262499999999999
2020-08-18,Financials,0.24095,0.2838
2020-08-18,Healthcare,-0.2132666666666667,0.3894
2020-08-18,Industrials,0.8686499999999999,0.2736
2020-08-18,Materials,0.09866666666666667,0.5688666666666666
2020-08-18,RealEstate,0.8074,0.31845
2020-08-18,Tech,0.08514999999999999,-0.16147500000000004
2020-08-18,Utilities,0.4576,0.60605
2020-08-19,Comm,0.0,0.09981999999999999
2020-08-19,Consumer,0.514,0.3296
2020-08-19,Energy,0.2934333333333333,0.14229999999999998
2020-08-19,Financials,0.013000000000000003,0.24095
2020-08-19,Healthcare,0.35095000000000004,-0.2132666666666667
2020-08-19,Industrials,0.48245,0.8686499999999999
2020-08-19,Materials,0.0,0.09866666666666667
2020-08-19,RealEstate,0.0,0.8074
2020-08-19,Tech,0.23695,0.08514999999999999
2020-08-19,Utilities,0.4576,0.4576
2020-08-20,Comm,0.032,0.0
2020-08-20,Consumer,0.32824,0.514
2020-08-20,Energy,0.2597,0.2934333333333333
2020-08-20,Financials,0.48717999999999995,0.013000000000000003
2020-08-20,Healthcare,0.008139999999999991,0.35095000000000004
2020-08-20,Industrials,0.43327499999999997,0.48245
2020-08-20,Materials,0.0,0.0
2020-08-20,RealEstate,0.0,0.0
2020-08-20,Tech,0.15945,0.23695
2020-08-20,Utilities,0.28959999999999997,0.4576
2020-08-21,Comm,0.1894,0.032
2020-08-21,Consumer,0.62306,0.32824
2020-08-21,Energy,0.38355,0.2597
2020-08-21,Financials,0.5458500000000001,0.48717999999999995
2020-08-21,Healthcare,0.4511,0.008139999999999991
2020-08-21,Industrials,-0.0373,0.43327499999999997
2020-08-21,Materials,-0.128,0.0
2020-08-21,RealEstate,-0.042899999999999994,0.0
2020-08-21,Tech,-0.021849999999999994,0.15945
2020-08-21,Utilities,0.4233,0.28959999999999997
2020-08-24,Comm,-0.038500000000000006,0.1894
2020-08-24,Consumer,0.42986,0.62306
2020-08-24,Energy,0.3668333333333333,0.38355
2020-08-24,Financials,0.51544,0.5458500000000001
2020-08-24,Healthcare,0.343325,0.4511
2020-08-24,Industrials,0.630975,-0.0373
2020-08-24,Materials,0.06743333333333333,-0.128
2020-08-24,RealEstate,-0.025675,-0.042899999999999994
2020-08-24,Tech,0.10713333333333332,-0.021849999999999994
2020-08-24,Utilities,0.013733333333333339,0.4233
2020-08-25,Comm,0.1346,-0.038500000000000006
2020-08-25,Consumer,0.1684,0.42986
2020-08-25,Energy,0.4064,0.3668333333333333
2020-08-25,Financials,0.17326666666666668,0.51544
2020-08-25,Healthcare,0.46799999999999997,0.343325
2020-08-25,Industrials,0.17524,0.630975
2020-08-25,Materials,-0.1779,0.06743333333333333
2020-08-25,RealEstate,0.125,-0.025675
2020-08-25,Tech,0.050575,0.10713333333333332
2020-08-25,Utilities,0.1806,0.013733333333333339
2020-08-26,Comm,0.22685,0.1346
2020-08-26,Consumer,0.448525,0.1684
2020-08-26,Energy,0.5165333333333333,0.4064
2020-08-26,Financials,0.10942499999999998,0.17326666666666668
2020-08-26,Healthcare,0.09041999999999999,0.46799999999999997
2020-08-26,Industrials,0.028799999999999992,0.17524
2020-08-26,Materials,0.296,-0.1779
2020-08-26,RealEstate,0.15293333333333334,0.125
2020-08-26,Tech,0.4143666666666667,0.050575
2020-08-26,Utilities,0.6213333333333333,0.1806
2020-08-27,Comm,0.10115,0.22685
2020-08-27,Consumer,0.1469,0.448525
2020-08-27,Energy,-0.16340000000000002,0.5165333333333333
2020-08-27,Financials,-0.11399999999999999,0.10942499999999998
2020-08-27,Healthcare,0.41159999999999997,0.09041999999999999
2020-08-27,Industrials,0.32006,0.028799999999999992
2020-08-27,Materials,0.0,0.296
2020-08-27,RealEstate,0.40963333333333335,0.15293333333333334
2020-08-27,Tech,0.32182499999999997,0.4143666666666667
2020-08-27,Utilities,0.2294,0.6213333333333333
2020-08-28,Comm,0.6797500000000001,0.10115
2020-08-28,Consumer,0.5218333333333333,0.1469
2020-08-28,Energy,0.0172,-0.16340000000000002
2020-08-28,Financials,-0.30922,-0.11399999999999999
2020-08-28,Healthcare,0.03494,0.41159999999999997
2020-08-28,Industrials,0.21223333333333336,0.32006
2020-08-28,Materials,-0.11315,0.0
2020-08-28,RealEstate,0.0,0.40963333333333335
2020-08-28,Tech,0.743,0.32182499999999997
2020-08-28,Utilities,0.2294,0.2294
2020-08-31,Comm,0.24003333333333332,0.6797500000000001
2020-08-31,Consumer,0.17909999999999998,0.5218333333333333
2020-08-31,Energy,0.14396,0.0172
2020-08-31,Financials,0.11187999999999998,-0.30922
2020-08-31,Healthcare,0.583325,0.03494
2020-08-31,Industrials,0.5474,0.21223333333333336
2020-08-31,Materials,0.0,-0.11315
2020-08-31,RealEstate,0.6044,0.0
2020-08-31,Tech,0.4914,0.743
2020-08-31,Utilities,0.16706000000000001,0.2294
2020-09-01,Comm,0.22693333333333332,0.24003333333333332
2020-09-01,Consumer,0.49815,0.17909999999999998
2020-09-01,Energy,0.087575,0.14396
2020-09-01,Financials,0.17626,0.11187999999999998
2020-09-01,Healthcare,0.35165,0.583325
2020-09-01,Industrials,0.1318,0.5474
2020-09-01,Materials,0.0,0.0
2020-09-01,RealEstate,-0.01626666666666667,0.6044
2020-09-01,Tech,0.04905000000000001,0.4914
2020-09-01,Utilities,0.0,0.16706000000000001
2020-09-02,Comm,0.5240333333333332,0.22693333333333332
2020-09-02,Consumer,0.54078,0.49815
2020-09-02,Energy,-0.273,0.087575
2020-09-02,Financials,0.30419999999999997,0.17626
2020-09-02,Healthcare,-0.1759,0.35165
2020-09-02,Industrials,0.38503333333333334,0.1318
2020-09-02,Materials,0.0,0.0
2020-09-02,RealEstate,0.0,-0.01626666666666667
2020-09-02,Tech,0.5306333333333334,0.04905000000000001
2020-09-02,Utilities,0.5934666666666667,0.0
2020-09-03,Comm,0.3091333333333333,0.5240333333333332
2020-09-03,Consumer,0.600525,0.54078
2020-09-03,Energy,0.371,-0.273
2020-09-03,Financials,0.30962,0.30419999999999997
2020-09-03,Healthcare,0.1858,-0.1759
2020-09-03,Industrials,0.28452500000000003,0.38503333333333334
2020-09-03,Materials,0.2294,0.0
2020-09-03,RealEstate,0.5423,0.0
2020-09-03,Tech,0.5590333333333334,0.5306333333333334
2020-09-03,Utilities,0.7506,0.5934666666666667
2020-09-04,Comm,0.5708,0.3091333333333333
2020-09-04,Consumer,0.061939999999999995,0.600525
2020-09-04,Energy,0.135575,0.371
2020-09-04,Financials,-0.28602,0.30962
2020-09-04,Healthcare,-0.09035000000000001,0.1858
2020-09-04,Industrials,0.0,0.28452500000000003
2020-09-04,Materials,0.09866666666666667,0.2294
2020-09-04,RealEstate,0.27973333333333333,0.5423
2020-09-04,Tech,0.323425,0.5590333333333334
2020-09-04,Utilities,0.2023,0.7506
2020-09-08,Comm,0.46165,0.5708
2020-09-08,Consumer,0.58886,0.061939999999999995
2020-09-08,Energy,-0.023780000000000003,0.135575
2020-09-08,Financials,0.18952000000000002,-0.28602
2020-09-08,Healthcare,0.22046000000000002,-0.09035000000000001
2020-09-08,Industrials,0.006900000000000006,0.0
2020-09-08,Materials,0.125,0.09866666666666667
2020-09-08,RealEstate,-0.2263,0.27973333333333333
2020-09-08,Tech,0.462275,0.323425
2020-09-08,Utilities,-0.027180000000000003,0.2023
2020-09-09,Comm,0.3538666666666666,0.46165
2020-09-09,Consumer,0.5267999999999999,0.58886
2020-09-09,Energy,0.4588,-0.023780000000000003
2020-09-09,Financials,-0.222275,0.18952000000000002
2020-09-09,Healthcare,0.5211666666666667,0.22046000000000002
2020-09-09,Industrials,0.22553333333333328,0.006900000000000006
2020-09-09,Materials,0.125,0.125
2020-09-09,RealEstate,-0.6249,-0.2263
2020-09-09,Tech,0.018275000000000013,0.462275
2020-09-09,Utilities,0.743,-0.027180000000000003
2020-09-10,Comm,-0.11574999999999999,0.3538666666666666
2020-09-10,Consumer,0.31755,0.5267999999999999
2020-09-10,Energy,0.1366,0.4588
2020-09-10,Financials,-0.011725,-0.222275
2020-09-10,Healthcare,0.6369,0.5211666666666667
2020-09-10,Industrials,0.16635000000000003,0.22553333333333328
2020-09-10,Materials,0.16455,0.125
2020-09-10,RealEstate,-0.6249,-0.6249
2020-09-10,Tech,0.5131,0.018275000000000013
2020-09-10,Utilities,0.0,0.743
2020-09-11,Comm,-0.014733333333333334,-0.11574999999999999
2020-09-11,Consumer,0.2463,0.31755
2020-09-11,Energy,0.23539999999999997,0.1366
2020-09-11,Financials,-0.25723333333333337,-0.011725
2020-09-11,Healthcare,-0.36648000000000003,0.6369
2020-09-11,Industrials,-0.03463333333333334,0.16635000000000003
2020-09-11,Materials,-0.296,0.16455
2020-09-11,RealEstate,0.0,-0.6249
2020-09-11,Tech,0.6278,0.5131
2020-09-11,Utilities,0.4588,0.0
2020-09-14,Comm,0.04793333333333333,-0.014733333333333334
2020-09-14,Consumer,0.38782,0.2463
2020-09-14,Energy,-0.035650000000000015,0.23539999999999997
2020-09-14,Financials,0.027850000000000014,-0.25723333333333337
2020-09-14,Healthcare,0.40218,-0.36648000000000003
2020-09-14,Industrials,0.2930333333333333,-0.03463333333333334
2020-09-14,Materials,-0.004750000000000004,-0.296
2020-09-14,RealEstate,0.6369,0.0
2020-09-14,Tech,0.403725,0.6278
2020-09-14,Utilities,0.391,0.4588
2020-09-15,Comm,0.0813,0.04793333333333333
2020-09-15,Consumer,0.36924999999999997,0.38782
2020-09-15,Energy,-0.12705000000000002,-0.035650000000000015
2020-09-15,Financials,0.5964,0.027850000000000014
2020-09-15,Healthcare,0.10554000000000001,0.40218
2020-09-15,Industrials,0.07276,0.2930333333333333
2020-09-15,Materials,-0.004750000000000004,-0.004750000000000004
2020-09-15,RealEstate,0.24695,0.6369
2020-09-15,Tech,-0.20635,0.403725
2020-09-15,Utilities,0.1982,0.391
2020-09-16,Comm,0.2952666666666667,0.0813
2020-09-16,Consumer,0.5373,0.36924999999999997
2020-09-16,Energy,0.49524999999999997,-0.12705000000000002
2020-09-16,Financials,-0.06961999999999999,0.5964
2020-09-16,Healthcare,0.0,0.10554000000000001
2020-09-16,Industrials,0.8148,0.07276
2020-09-16,Materials,0.0,-0.004750000000000004
2020-09-16,RealEstate,0.0,0.24695
2020-09-16,Tech,0.49763333333333337,-0.20635
2020-09-16,Utilities,0.3715,0.1982
2020-09-17,Comm,0.3733,0.2952666666666667
2020-09-17,Consumer,0.765075,0.5373
2020-09-17,Energy,0.2674,0.49524999999999997
2020-09-17,Financials,0.17174,-0.06961999999999999
2020-09-17,Healthcare,0.25027999999999995,0.0
2020-09-17,Industrials,0.33916,0.8148
2020-09-17,Materials,0.26776666666666665,0.0
2020-09-17,RealEstate,-0.3062,0.0
2020-09-17,Tech,0.5904,0.49763333333333337
2020-09-17,Utilities,0.3715,0.3715
2020-09-18,Comm,0.157525,0.3733
2020-09-18,Consumer,-0.04530000000000001,0.765075
2020-09-18,Energy,0.33225,0.2674
2020-09-18,Financials,0.4444,0.17174
2020-09-18,Healthcare,-0.28827499999999995,0.25027999999999995
2020-09-18,Industrials,0.37244999999999995,0.33916
2020-09-18,Materials,0.26776666666666665,0.26776666666666665
2020-09-18,RealEstate,0.2202,-0.3062
2020-09-18,Tech,0.0,0.5904
2020-09-18,Utilities,0.0,0.3715
2020-09-21,Comm,0.39080000000000004,0.157525
2020-09-21,Consumer,0.20545,-0.04530000000000001
2020-09-21,Energy,-0.16113333333333332,0.33225
2020-09-21,Financials,0.1858,0.4444
2020-09-21,Healthcare,-0.42025,-0.28827499999999995
2020-09-21,Industrials,-0.06874999999999999,0.37244999999999995
2020-09-21,Materials,0.02146666666666666,0.26776666666666665
2020-09-21,RealEstate,0.0,0.2202
2020-09-21,Tech,0.25453333333333333,0.0
2020-09-21,Utilities,0.5574,0.0
2020-09-22,Comm,0.4552333333333333,0.39080000000000004
2020-09-22,Consumer,0.62384,0.20545
2020-09-22,Energy,0.6290333333333333,-0.16113333333333332
2020-09-22,Financials,0.17955,0.1858
2020-09-22,Healthcare,0.525475,-0.42025
2020-09-22,Industrials,0.20358,-0.06874999999999999
2020-09-22,Materials,0.02146666666666666,0.02146666666666666
2020-09-22,RealEstate,0.0,0.0
2020-09-22,Tech,0.033466666666666665,0.25453333333333333
2020-09-22,Utilities,0.4404,0.5574
2020-09-23,Comm,0.04765,0.4552333333333333
2020-09-23,Consumer,0.525525,0.62384
2020-09-23,Energy,0.01616666666666668,0.6290333333333333
2020-09-23,Financials,0.261375,0.17955
2020-09-23,Healthcare,0.2053,0.525475
2020-09-23,Industrials,0.3757,0.20358
2020-09-23,Materials,0.0,0.02146666666666666
2020-09-23,RealEstate,0.0,0.0
2020-09-23,Tech,-0.05135,0.033466666666666665
2020-09-23,Utilities,0.0,0.4404
2020-09-24,Comm,0.57045,0.04765
2020-09-24,Consumer,0.26227500000000004,0.525525
2020-09-24,Energy,0.39565,0.01616666666666668
2020-09-24,Financials,0.460825,0.261375
2020-09-24,Healthcare,-0.29893333333333333,0.2053
2020-09-24,Industrials,0.0736,0.3757
2020-09-24,Materials,0.6369,0.0
2020-09-24,RealEstate,0.0,0.0
2020-09-24,Tech,0.233725,-0.05135
2020-09-24,Utilities,0.0,0.0
2020-09-25,Comm,-0.29145,0.57045
2020-09-25,Consumer,-0.041425000000000003,0.26227500000000004
2020-09-25,Energy,-0.11567500000000001,0.39565
2020-09-25,Financials,0.13396666666666665,0.460825
2020-09-25,Healthcare,0.55915,-0.29893333333333333
2020-09-25,Industrials,0.13735,0.0736
2020-09-25,Materials,0.0,0.6369
2020-09-25,RealEstate,0.0,0.0
2020-09-25,Tech,-0.1301,0.233725
2020-09-25,Utilities,0.0,0.0
2020-09-28,Comm,0.59335,-0.29145
2020-09-28,Consumer,0.19704000000000002,-0.041425000000000003
2020-09-28,Energy,0.5318666666666667,-0.11567500000000001
2020-09-28,Financials,0.59562,0.13396666666666665
2020-09-28,Healthcare,0.2933,0.55915
2020-09-28,Industrials,0.548275,0.13735
2020-09-28,Materials,-0.356325,0.0
2020-09-28,RealEstate,0.10115,0.0
2020-09-28,Tech,0.760875,-0.1301
2020-09-28,Utilities,0.30413333333333337,0.0
2020-09-29,Comm,0.1779,0.59335
2020-09-29,Consumer,0.62798,0.19704000000000002
2020-09-29,Energy,0.47431999999999996,0.5318666666666667
2020-09-29,Financials,-0.033775,0.59562
2020-09-29,Healthcare,0.4738,0.2933
2020-09-29,Industrials,0.20658000000000004,0.548275
2020-09-29,Materials,-0.356325,-0.356325
2020-09-29,RealEstate,0.0,0.10115
2020-09-29,Tech,0.49890000000000007,0.760875
2020-09-29,Utilities,0.23835,0.30413333333333337
2020-09-30,Comm,0.22197499999999998,0.1779
2020-09-30,Consumer,0.59526,0.62798
2020-09-30,Energy,0.07146666666666666,0.47431999999999996
2020-09-30,Financials,-0.1733,-0.033775
2020-09-30,Healthcare,0.4509,0.4738
2020-09-30,Industrials,0.52574,0.20658000000000004
2020-09-30,Materials,0.0,-0.356325
2020-09-30,RealEstate,0.3818,0.0
2020-09-30,Tech,0.2539,0.49890000000000007
2020-09-30,Utilities,0.8072333333333334,0.23835
2020-10-01,Comm,0.03869999999999999,0.22197499999999998
2020-10-01,Consumer,0.27973333333333333,0.59526
2020-10-01,Energy,0.20448,0.07146666666666666
2020-10-01,Financials,0.02754999999999999,-0.1733
2020-10-01,Healthcare,0.17217500000000002,0.4509
2020-10-01,Industrials,0.70985,0.52574
2020-10-01,Materials,0.0,0.0
2020-10-01,RealEstate,0.3818,0.3818
2020-10-01,Tech,0.0,0.2539
2020-10-01,Utilities,0.4404,0.8072333333333334
2020-10-02,Comm,-0.16215,0.03869999999999999
2020-10-02,Consumer,0.373525,0.27973333333333333
2020-10-02,Energy,0.709025,0.20448
2020-10-02,Financials,0.8130000000000001,0.02754999999999999
2020-10-02,Healthcare,-0.09162500000000004,0.17217500000000002
2020-10-02,Industrials,0.1358,0.70985
2020-10-02,Materials,0.0,0.0
2020-10-02,RealEstate,0.3818,0.3818
2020-10-02,Tech,0.57685,0.0
2020-10-02,Utilities,0.5106,0.4404
2020-10-05,Comm,0.37739999999999996,-0.16215
2020-10-05,Consumer,0.33102,0.373525
2020-10-05,Energy,0.7872250000000001,0.709025
2020-10-05,Financials,0.42919999999999997,0.8130000000000001
2020-10-05,Healthcare,0.21841999999999998,-0.09162500000000004
2020-10-05,Industrials,0.5459,0.1358
2020-10-05,Materials,0.412,0.0
2020-10-05,RealEstate,0.28595,0.3818
2020-10-05,Tech,0.34359999999999996,0.57685
2020-10-05,Utilities,0.86005,0.5106
2020-10-06,Comm,0.18567499999999998,0.37739999999999996
2020-10-06,Consumer,0.54268,0.33102
2020-10-06,Energy,-0.34509999999999996,0.7872250000000001
2020-10-06,Financials,0.473075,0.42919999999999997
2020-10-06,Healthcare,0.06709999999999999,0.21841999999999998
2020-10-06,Industrials,-0.13119999999999998,0.5459
2020-10-06,Materials,0.412,0.412
2020-10-06,RealEstate,0.4404,0.28595
2020-10-06,Tech,0.0,0.34359999999999996
2020-10-06,Utilities,0.5234666666666666,0.86005
2020-10-07,Comm,0.535,0.18567499999999998
2020-10-07,Consumer,0.33165,0.54268
2020-10-07,Energy,-0.024599999999999997,-0.34509999999999996
2020-10-07,Financials,0.6631333333333332,0.473075
2020-10-07,Healthcare,0.525625,0.06709999999999999
2020-10-07,Industrials,-0.12815,-0.13119999999999998
2020-10-07,Materials,0.0,0.412
2020-10-07,RealEstate,0.4404,0.4404
2020-10-07,Tech,0.5025,0.0
2020-10-07,Utilities,0.4287,0.5234666666666666
2020-10-08,Comm,-0.3099,0.535
2020-10-08,Consumer,0.28168000000000004,0.33165
2020-10-08,Energy,0.9110666666666667,-0.024599999999999997
2020-10-08,Financials,0.461275,0.6631333333333332
2020-10-08,Healthcare,-0.135475,0.525625
2020-10-08,Industrials,0.33496666666666663,-0.12815
2020-10-08,Materials,0.0,0.0
2020-10-08,RealEstate,0.4404,0.4404
2020-10-08,Tech,0.5089333333333333,0.5025
2020-10-08,Utilities,0.0,0.4287
2020-10-09,Comm,0.45045,-0.3099
2020-10-09,Consumer,0.046139999999999994,0.28168000000000004
2020-10-09,Energy,0.9110666666666667,0.9110666666666667
2020-10-09,Financials,0.40327999999999997,0.461275
2020-10-09,Healthcare,0.041200000000000014,-0.135475
2020-10-09,Industrials,0.4811,0.33496666666666663
2020-10-09,Materials,0.0,0.0
2020-10-09,RealEstate,0.4404,0.4404
2020-10-09,Tech,0.512325,0.5089333333333333
2020-10-09,Utilities,0.2023,0.0
2020-10-12,Comm,-0.28073333333333333,0.45045
2020-10-12,Consumer,0.78474,0.046139999999999994
2020-10-12,Energy,0.489325,0.9110666666666667
2020-10-12,Financials,0.7262,0.40327999999999997
2020-10-12,Healthcare,0.2772,0.041200000000000014
2020-10-12,Industrials,0.27064,0.4811
2020-10-12,Materials,0.44120000000000004,0.0
2020-10-12,RealEstate,0.0,0.4404
2020-10-12,Tech,0.408775,0.512325
2020-10-12,Utilities,0.4767,0.2023
2020-10-13,Comm,-0.4701666666666666,-0.28073333333333333
2020-10-13,Consumer,0.05018,0.78474
2020-10-13,Energy,-0.2121333333333333,0.489325
2020-10-13,Financials,0.44532,0.7262
2020-10-13,Healthcare,-0.007999999999999993,0.2772
2020-10-13,Industrials,0.61195,0.27064
2020-10-13,Materials,0.0,0.44120000000000004
2020-10-13,RealEstate,0.0,0.0
2020-10-13,Tech,-0.05063333333333333,0.408775
2020-10-13,Utilities,-0.022499999999999992,0.4767
2020-10-14,Comm,0.32522,-0.4701666666666666
2020-10-14,Consumer,0.457725,0.05018
2020-10-14,Energy,0.09106666666666667,-0.2121333333333333
2020-10-14,Financials,0.74795,0.44532
2020-10-14,Healthcare,0.22665000000000002,-0.007999999999999993
2020-10-14,Industrials,0.363575,0.61195
2020-10-14,Materials,0.5859,0.0
2020-10-14,RealEstate,0.5267,0.0
2020-10-14,Tech,0.0172,-0.05063333333333333
2020-10-14,Utilities,0.2732,-0.022499999999999992
2020-10-15,Comm,0.6880999999999999,0.32522
2020-10-15,Consumer,0.47985,0.457725
2020-10-15,Energy,0.5709,0.09106666666666667
2020-10-15,Financials,0.47311999999999993,0.74795
2020-10-15,Healthcare,0.4058,0.22665000000000002
2020-10-15,Industrials,0.33476,0.363575
2020-10-15,Materials,0.2997,0.5859
2020-10-15,RealEstate,0.5267,0.5267
2020-10-15,Tech,0.440025,0.0172
2020-10-15,Utilities,0.5719,0.2732
2020-10-16,Comm,0.2679333333333333,0.6880999999999999
2020-10-16,Consumer,0.5697,0.47985
2020-10-16,Energy,0.27616666666666667,0.5709
2020-10-16,Financials,0.6868399999999999,0.47311999999999993
2020-10-16,Healthcare,0.21016666666666664,0.4058
2020-10-16,Industrials,0.6167,0.33476
2020-10-16,Materials,0.8477,0.2997
2020-10-16,RealEstate,0.5267,0.5267
2020-10-16,Tech,0.09916666666666668,0.440025
2020-10-16,Utilities,0.5719,0.5719
2020-10-19,Comm,0.5687599999999999,0.2679333333333333
2020-10-19,Consumer,0.6578200000000001,0.5697
2020-10-19,Energy,0.16616,0.27616666666666667
2020-10-19,Financials,0.24712,0.6868399999999999
2020-10-19,Healthcare,0.2479,0.21016666666666664
2020-10-19,Industrials,0.7236750000000001,0.6167
2020-10-19,Materials,0.60605,0.8477
2020-10-19,RealEstate,0.0,0.5267
2020-10-19,Tech,-0.037750000000000006,0.09916666666666668
2020-10-19,Utilities,0.8834,0.5719
2020-10-20,Comm,0.0,0.5687599999999999
2020-10-20,Consumer,0.49654999999999994,0.6578200000000001
2020-10-20,Energy,0.4866,0.16616
2020-10-20,Financials,0.509725,0.24712
2020-10-20,Healthcare,0.574675,0.2479
2020-10-20,Industrials,0.1531,0.7236750000000001
2020-10-20,Materials,0.60605,0.60605
2020-10-20,RealEstate,0.36345,0.0
2020-10-20,Tech,0.1279,-0.037750000000000006
2020-10-20,Utilities,0.0,0.8834
2020-10-21,Comm,0.17635,0.0
2020-10-21,Consumer,0.617875,0.49654999999999994
2020-10-21,Energy,0.17666,0.4866
2020-10-21,Financials,0.05472499999999998,0.509725
2020-10-21,Healthcare,0.5099666666666667,0.574675
2020-10-21,Industrials,0.13065,0.1531
2020-10-21,Materials,0.17,0.60605
2020-10-21,RealEstate,0.296,0.36345
2020-10-21,Tech,0.227525,0.1279
2020-10-21,Utilities,0.3014,0.0
2020-10-22,Comm,0.21095,0.17635
2020-10-22,Consumer,0.10428,0.617875
2020-10-22,Energy,0.6715666666666666,0.17666
2020-10-22,Financials,0.008400000000000012,0.05472499999999998
2020-10-22,Healthcare,0.060750000000000026,0.5099666666666667
2020-10-22,Industrials,-0.2827,0.13065
2020-10-22,Materials,0.6632,0.17
2020-10-22,RealEstate,-0.38585,0.296
2020-10-22,Tech,0.78715,0.227525
2020-10-22,Utilities,0.16886666666666664,0.3014
2020-10-23,Comm,0.7846,0.21095
2020-10-23,Consumer,0.61678,0.10428
2020-10-23,Energy,0.16616666666666666,0.6715666666666666
2020-10-23,Financials,0.59545,0.008400000000000012
2020-10-23,Healthcare,0.3512,0.060750000000000026
2020-10-23,Industrials,0.496675,-0.2827
2020-10-23,Materials,0.4588,0.6632
2020-10-23,RealEstate,0.0,-0.38585
2020-10-23,Tech,0.6611,0.78715
2020-10-23,Utilities,0.33525,0.16886666666666664
2020-10-26,Comm,0.38464,0.7846
2020-10-26,Consumer,0.28565999999999997,0.61678
2020-10-26,Energy,0.15218,0.16616666666666666
2020-10-26,Financials,0.116775,0.59545
2020-10-26,Healthcare,0.169175,0.3512
2020-10-26,Industrials,0.5825400000000001,0.496675
2020-10-26,Materials,0.0,0.4588
2020-10-26,RealEstate,0.4025,0.0
2020-10-26,Tech,0.05827500000000001,0.6611
2020-10-26,Utilities,0.022450000000000025,0.33525
2020-10-27,Comm,0.0,0.38464
2020-10-27,Consumer,0.11316000000000001,0.28565999999999997
2020-10-27,Energy,0.15826666666666664,0.15218
2020-10-27,Financials,0.203775,0.116775
2020-10-27,Healthcare,0.24323999999999998,0.169175
2020-10-27,Industrials,-0.07658000000000001,0.5825400000000001
2020-10-27,Materials,0.0,0.0
2020-10-27,RealEstate,0.4025,0.4025
2020-10-27,Tech,-0.133,0.05827500000000001
2020-10-27,Utilities,0.08895,0.022450000000000025
2020-10-28,Comm,0.4833,0.0
2020-10-28,Consumer,0.32484999999999997,0.11316000000000001
2020-10-28,Energy,-0.09233999999999999,0.15826666666666664
2020-10-28,Financials,0.10232000000000001,0.203775
2020-10-28,Healthcare,0.35268,0.24323999999999998
2020-10-28,Industrials,0.22048,-0.07658000000000001
2020-10-28,Materials,0.0,0.0
2020-10-28,RealEstate,0.2288,0.4025
2020-10-28,Tech,0.43595,-0.133
2020-10-28,Utilities,0.0,0.08895
2020-10-29,Comm,0.39764,0.4833
2020-10-29,Consumer,0.28652500000000003,0.32484999999999997
2020-10-29,Energy,-0.49565,-0.09233999999999999
2020-10-29,Financials,0.19340000000000002,0.10232000000000001
2020-10-29,Healthcare,0.5356,0.35268
2020-10-29,Industrials,-0.20656,0.22048
2020-10-29,Materials,0.2591,0.0
2020-10-29,RealEstate,0.0,0.2288
2020-10-29,Tech,0.28700000000000003,0.43595
2020-10-29,Utilities,0.32985,0.0
2020-10-30,Comm,0.26339999999999997,0.39764
2020-10-30,Consumer,0.37482,0.28652500000000003
2020-10-30,Energy,0.21253333333333332,-0.49565
2020-10-30,Financials,0.15868,0.19340000000000002
2020-10-30,Healthcare,0.34025,0.5356
2020-10-30,Industrials,0.16065000000000002,-0.20656
2020-10-30,Materials,0.2591,0.2591
2020-10-30,RealEstate,0.0,0.0
2020-10-30,Tech,0.26913333333333334,0.28700000000000003
2020-10-30,Utilities,0.015633333333333332,0.32985
2020-11-02,Comm,0.0995,0.26339999999999997
2020-11-02,Consumer,0.26555999999999996,0.37482
2020-11-02,Energy,0.1522,0.21253333333333332
2020-11-02,Financials,0.1149,0.15868
2020-11-02,Healthcare,0.36635,0.34025
2020-11-02,Industrials,0.5676749999999999,0.16065000000000002
2020-11-02,Materials,0.26025,0.2591
2020-11-02,RealEstate,0.0,0.0
2020-11-02,Tech,0.24635,0.26913333333333334
2020-11-02,Utilities,0.19399999999999998,0.015633333333333332
2020-11-03,Comm,-0.085,0.0995
2020-11-03,Consumer,0.36306,0.26555999999999996
2020-11-03,Energy,0.35233333333333333,0.1522
2020-11-03,Financials,0.31537499999999996,0.1149
2020-11-03,Healthcare,0.36105,0.36635
2020-11-03,Industrials,0.515925,0.5676749999999999
2020-11-03,Materials,0.4576,0.26025
2020-11-03,RealEstate,0.0,0.0
2020-11-03,Tech,0.3295,0.24635
2020-11-03,Utilities,0.5719,0.19399999999999998
2020-11-04,Comm,-0.08983333333333333,-0.085
2020-11-04,Consumer,0.27186666666666665,0.36306
2020-11-04,Energy,0.453625,0.35233333333333333
2020-11-04,Financials,0.5259199999999999,0.31537499999999996
2020-11-04,Healthcare,0.7130333333333333,0.36105
2020-11-04,Industrials,0.528425,0.515925
2020-11-04,Materials,0.0,0.4576
2020-11-04,RealEstate,0.0,0.0
2020-11-04,Tech,0.2764,0.3295
2020-11-04,Utilities,0.10473333333333334,0.5719
2020-11-05,Comm,0.10655999999999999,-0.08983333333333333
2020-11-05,Consumer,0.16276,0.27186666666666665
2020-11-05,Energy,0.2996,0.453625
2020-11-05,Financials,0.25612,0.5259199999999999
2020-11-05,Healthcare,-0.028099999999999986,0.7130333333333333
2020-11-05,Industrials,0.23818,0.528425
2020-11-05,Materials,0.0,0.0
2020-11-05,RealEstate,0.4019,0.0
2020-11-05,Tech,0.4374,0.2764
2020-11-05,Utilities,0.436425,0.10473333333333334
2020-11-06,Comm,0.50458,0.10655999999999999
2020-11-06,Consumer,0.2827,0.16276
2020-11-06,Energy,0.5267,0.2996
2020-11-06,Financials,0.433875,0.25612
2020-11-06,Healthcare,0.27115,-0.028099999999999986
2020-11-06,Industrials,-0.10606666666666666,0.23818
2020-11-06,Materials,0.13053333333333333,0.0
2020-11-06,RealEstate,0.124575,0.4019
2020-11-06,Tech,0.3987,0.4374
2020-11-06,Utilities,0.17712,0.436425
2020-11-09,Comm,0.49256,0.50458
2020-11-09,Consumer,0.25734,0.2827
2020-11-09,Energy,0.54754,0.5267
2020-11-09,Financials,0.372425,0.433875
2020-11-09,Healthcare,0.34154,0.27115
2020-11-09,Industrials,0.61326,-0.10606666666666666
2020-11-09,Materials,0.13053333333333333,0.13053333333333333
2020-11-09,RealEstate,0.24126666666666666,0.124575
2020-11-09,Tech,0.026150000000000007,0.3987
2020-11-09,Utilities,0.22555,0.17712
2020-11-10,Comm,0.00038000000000002474,0.49256
2020-11-10,Consumer,0.358825,0.25734
2020-11-10,Energy,0.06902000000000001,0.54754
2020-11-10,Financials,0.429675,0.372425
2020-11-10,Healthcare,0.36544000000000004,0.34154
2020-11-10,Industrials,0.249025,0.61326
2020-11-10,Materials,-0.17,0.13053333333333333
2020-11-10,RealEstate,0.24126666666666666,0.24126666666666666
2020-11-10,Tech,-0.06820000000000001,0.026150000000000007
2020-11-10,Utilities,0.2732,0.22555
2020-11-11,Comm,-0.34335000000000004,0.00038000000000002474
2020-11-11,Consumer,0.3556,0.358825
2020-11-11,Energy,0.4741666666666666,0.06902000000000001
2020-11-11,Financials,0.599925,0.429675
2020-11-11,Healthcare,0.0,0.36544000000000004
2020-11-11,Industrials,0.13774000000000003,0.249025
2020-11-11,Materials,0.296,-0.17
2020-11-11,RealEstate,0.6124,0.24126666666666666
2020-11-11,Tech,0.5407000000000001,-0.06820000000000001
2020-11-11,Utilities,0.26335,0.2732
2020-11-12,Comm,0.118475,-0.34335000000000004
2020-11-12,Consumer,0.773425,0.3556
2020-11-12,Energy,0.5814600000000001,0.4741666666666666
2020-11-12,Financials,0.6677,0.599925
2020-11-12,Healthcare,-0.07655,0.0
2020-11-12,Industrials,0.1544,0.13774000000000003
2020-11-12,Materials,0.1101,0.296
2020-11-12,RealEstate,0.6124,0.6124
2020-11-12,Tech,0.479225,0.5407000000000001
2020-11-12,Utilities,0.4628333333333334,0.26335
2020-11-13,Comm,0.3585666666666667,0.118475
2020-11-13,Consumer,0.6654333333333333,0.773425
2020-11-13,Energy,0.67875,0.5814600000000001
2020-11-13,Financials,0.127275,0.6677
2020-11-13,Healthcare,0.3774666666666667,-0.07655
2020-11-13,Industrials,0.17600000000000002,0.1544
2020-11-13,Materials,0.30017499999999997,0.1101
2020-11-13,RealEstate,0.26335,0.6124
2020-11-13,Tech,-0.2772,0.479225
2020-11-13,Utilities,0.4628333333333334,0.4628333333333334
2020-11-16,Comm,0.2512,0.3585666666666667
2020-11-16,Consumer,0.56966,0.6654333333333333
2020-11-16,Energy,0.8449,0.67875
2020-11-16,Financials,0.5745750000000001,0.127275
2020-11-16,Healthcare,0.04474,0.3774666666666667
2020-11-16,Industrials,0.621925,0.17600000000000002
2020-11-16,Materials,0.32926666666666665,0.30017499999999997
2020-11-16,RealEstate,0.0,0.26335
2020-11-16,Tech,0.4914,-0.2772
2020-11-16,Utilities,-0.033966666666666666,0.4628333333333334
2020-11-17,Comm,0.3413,0.2512
2020-11-17,Consumer,0.4462400000000001,0.56966
2020-11-17,Energy,0.0,0.8449
2020-11-17,Financials,-0.150975,0.5745750000000001
2020-11-17,Healthcare,-0.158925,0.04474
2020-11-17,Industrials,0.17670000000000002,0.621925
2020-11-17,Materials,0.49135,0.32926666666666665
2020-11-17,RealEstate,0.0,0.0
2020-11-17,Tech,0.7414333333333333,0.4914
2020-11-17,Utilities,-0.033966666666666666,-0.033966666666666666
2020-11-18,Comm,0.016720000000000002,0.3413
2020-11-18,Consumer,0.5979333333333333,0.4462400000000001
2020-11-18,Energy,0.1683,0.0
2020-11-18,Financials,0.5276000000000001,-0.150975
2020-11-18,Healthcare,0.44455,-0.158925
2020-11-18,Industrials,0.0884,0.17670000000000002
2020-11-18,Materials,0.49135,0.49135
2020-11-18,RealEstate,0.4404,0.0
2020-11-18,Tech,0.447325,0.7414333333333333
2020-11-18,Utilities,0.4166,-0.033966666666666666
2020-11-19,Comm,0.6488333333333333,0.016720000000000002
2020-11-19,Consumer,0.16092,0.5979333333333333
2020-11-19,Energy,0.32985,0.1683
2020-11-19,Financials,0.3739,0.5276000000000001
2020-11-19,Healthcare,0.151175,0.44455
2020-11-19,Industrials,-0.11333333333333334,0.0884
2020-11-19,Materials,0.13753333333333334,0.49135
2020-11-19,RealEstate,0.0,0.4404
2020-11-19,Tech,-0.05972500000000001,0.447325
2020-11-19,Utilities,0.044475,0.4166
2020-11-20,Comm,-0.16986,0.6488333333333333
2020-11-20,Consumer,0.338125,0.16092
2020-11-20,Energy,0.0,0.32985
2020-11-20,Financials,0.40174000000000004,0.3739
2020-11-20,Healthcare,0.12457499999999999,0.151175
2020-11-20,Industrials,0.3575333333333333,-0.11333333333333334
2020-11-20,Materials,0.13753333333333334,0.13753333333333334
2020-11-20,RealEstate,0.0,0.0
2020-11-20,Tech,0.4041333333333333,-0.05972500000000001
2020-11-20,Utilities,0.1591,0.044475
2020-11-23,Comm,0.0681,-0.16986
2020-11-23,Consumer,0.7090799999999999,0.338125
2020-11-23,Energy,0.0865,0.0
2020-11-23,Financials,0.22635,0.40174000000000004
2020-11-23,Healthcare,0.6376000000000001,0.12457499999999999
2020-11-23,Industrials,0.40852000000000005,0.3575333333333333
2020-11-23,Materials,0.04046,0.13753333333333334
2020-11-23,RealEstate,0.0,0.0
2020-11-23,Tech,0.24997499999999997,0.4041333333333333
2020-11-23,Utilities,0.5,0.1591
2020-11-24,Comm,-0.018850000000000006,0.0681
2020-11-24,Consumer,0.13592500000000002,0.7090799999999999
2020-11-24,Energy,-0.15326,0.0865
2020-11-24,Financials,0.44752000000000003,0.22635
2020-11-24,Healthcare,0.23835,0.6376000000000001
2020-11-24,Industrials,0.17084000000000002,0.40852000000000005
2020-11-24,Materials,0.4404,0.04046
2020-11-24,RealEstate,0.19063333333333332,0.0
2020-11-24,Tech,0.0,0.24997499999999997
2020-11-24,Utilities,0.2023,0.5
2020-11-25,Comm,0.3876,-0.018850000000000006
2020-11-25,Consumer,0.554525,0.13592500000000002
2020-11-25,Energy,0.23252499999999998,-0.15326
2020-11-25,Financials,-0.120975,0.44752000000000003
2020-11-25,Healthcare,0.100475,0.23835
2020-11-25,Industrials,0.5114,0.17084000000000002
2020-11-25,Materials,0.4019,0.4404
2020-11-25,RealEstate,0.19063333333333332,0.19063333333333332
2020-11-25,Tech,0.29933333333333334,0.0
2020-11-25,Utilities,0.58775,0.2023
2020-11-27,Comm,0.2934333333333333,0.3876
2020-11-27,Consumer,0.34734,0.554525
2020-11-27,Energy,0.53155,0.23252499999999998
2020-11-27,Financials,0.5675,-0.120975
2020-11-27,Healthcare,-0.10483333333333333,0.100475
2020-11-27,Industrials,0.12426666666666668,0.5114
2020-11-27,Materials,0.4588,0.4019
2020-11-27,RealEstate,0.012650000000000002,0.19063333333333332
2020-11-27,Tech,0.40556666666666663,0.29933333333333334
2020-11-27,Utilities,0.5267,0.58775
2020-11-30,Comm,0.15086666666666668,0.2934333333333333
2020-11-30,Consumer,0.4567,0.34734
2020-11-30,Energy,0.6911400000000001,0.53155
2020-11-30,Financials,0.005250000000000005,0.5675
2020-11-30,Healthcare,0.3564,-0.10483333333333333
2020-11-30,Industrials,0.1688,0.12426666666666668
2020-11-30,Materials,0.10115,0.4588
2020-11-30,RealEstate,0.25806666666666667,0.012650000000000002
2020-11-30,Tech,0.1275,0.40556666666666663
2020-11-30,Utilities,0.09259999999999999,0.5267
2020-12-01,Comm,0.2202,0.15086666666666668
2020-12-01,Consumer,0.5695333333333333,0.4567
2020-12-01,Energy,0.31082,0.6911400000000001
2020-12-01,Financials,0.5955,0.005250000000000005
2020-12-01,Healthcare,0.13396666666666665,0.3564
2020-12-01,Industrials,0.30762500000000004,0.1688
2020-12-01,Materials,0.3062,0.10115
2020-12-01,RealEstate,0.34,0.25806666666666667
2020-12-01,Tech,0.220775,0.1275
2020-12-01,Utilities,0.2732,0.09259999999999999
2020-12-02,Comm,-0.24695,0.2202
2020-12-02,Consumer,0.11095999999999999,0.5695333333333333
2020-12-02,Energy,0.5533,0.31082
2020-12-02,Financials,0.1343,0.5955
2020-12-02,Healthcare,0.566375,0.13396666666666665
2020-12-02,Industrials,0.2889,0.30762500000000004
2020-12-02,Materials,0.23906666666666665,0.3062
2020-12-02,RealEstate,0.3818,0.34
2020-12-02,Tech,0.24380000000000002,0.220775
2020-12-02,Utilities,0.39702499999999996,0.2732
2020-12-03,Comm,0.37895,-0.24695
2020-12-03,Consumer,0.510975,0.11095999999999999
2020-12-03,Energy,-0.020333333333333314,0.5533
2020-12-03,Financials,0.377625,0.1343
2020-12-03,Healthcare,0.43445,0.566375
2020-12-03,Industrials,0.40148,0.2889
2020-12-03,Materials,0.0,0.23906666666666665
2020-12-03,RealEstate,0.33926666666666666,0.3818
2020-12-03,Tech,0.2772,0.24380000000000002
2020-12-03,Utilities,0.39702499999999996,0.39702499999999996
2020-12-04,Comm,0.4876666666666667,0.37895
2020-12-04,Consumer,0.29085,0.510975
2020-12-04,Energy,0.26568,-0.020333333333333314
2020-12-04,Financials,-0.05045000000000001,0.377625
2020-12-04,Healthcare,0.38893333333333335,0.43445
2020-12-04,Industrials,0.016680000000000007,0.40148
2020-12-04,Materials,0.0,0.0
2020-12-04,RealEstate,0.0,0.33926666666666666
2020-12-04,Tech,0.5015499999999999,0.2772
2020-12-04,Utilities,0.22615000000000002,0.39702499999999996
2020-12-07,Comm,0.30033333333333334,0.4876666666666667
2020-12-07,Consumer,0.34362,0.29085
2020-12-07,Energy,0.68225,0.26568
2020-12-07,Financials,0.350825,-0.05045000000000001
2020-12-07,Healthcare,0.05183333333333336,0.38893333333333335
2020-12-07,Industrials,0.402475,0.016680000000000007
2020-12-07,Materials,0.0,0.0
2020-12-07,RealEstate,0.4767,0.0
2020-12-07,Tech,0.3089,0.5015499999999999
2020-12-07,Utilities,0.2732,0.22615000000000002
2020-12-08,Comm,0.3332333333333333,0.30033333333333334
2020-12-08,Consumer,0.31310000000000004,0.34362
2020-12-08,Energy,0.2840333333333333,0.68225
2020-12-08,Financials,0.11546000000000001,0.350825
2020-12-08,Healthcare,0.291,0.05183333333333336
2020-12-08,Industrials,-0.1884,0.402475
2020-12-08,Materials,0.4588,0.0
2020-12-08,RealEstate,0.0,0.4767
2020-12-08,Tech,0.25734999999999997,0.3089
2020-12-08,Utilities,0.33873333333333333,0.2732
2020-12-09,Comm,0.445775,0.3332333333333333
2020-12-09,Consumer,0.10404999999999998,0.31310000000000004
2020-12-09,Energy,0.36286666666666667,0.2840333333333333
2020-12-09,Financials,0.06799999999999999,0.11546000000000001
2020-12-09,Healthcare,-0.24695,0.291
2020-12-09,Industrials,-0.28704,-0.1884
2020-12-09,Materials,0.3204,0.4588
2020-12-09,RealEstate,0.0129,0.0
2020-12-09,Tech,0.6379,0.25734999999999997
2020-12-09,Utilities,0.57375,0.33873333333333333
2020-12-10,Comm,0.25582499999999997,0.445775
2020-12-10,Consumer,0.5004,0.10404999999999998
2020-12-10,Energy,0.7271,0.36286666666666667
2020-12-10,Financials,0.37161999999999995,0.06799999999999999
2020-12-10,Healthcare,0.24682500000000002,-0.24695
2020-12-10,Industrials,0.022360000000000005,-0.28704
2020-12-10,Materials,0.296,0.3204
2020-12-10,RealEstate,0.0,0.0129
2020-12-10,Tech,0.5083,0.6379
2020-12-10,Utilities,0.418,0.57375
2020-12-11,Comm,0.218525,0.25582499999999997
2020-12-11,Consumer,0.16048,0.5004
2020-12-11,Energy,-0.49867999999999996,0.7271
2020-12-11,Financials,0.26886,0.37161999999999995
2020-12-11,Healthcare,0.48251999999999995,0.24682500000000002
2020-12-11,Industrials,-0.08338000000000001,0.022360000000000005
2020-12-11,Materials,0.0,0.296
2020-12-11,RealEstate,0.0,0.0
2020-12-11,Tech,-0.040025000000000005,0.5083
2020-12-11,Utilities,0.4215,0.418
2020-12-14,Comm,0.4708,0.218525
2020-12-14,Consumer,0.18638,0.16048
2020-12-14,Energy,0.45104999999999995,-0.49867999999999996
2020-12-14,Financials,0.16572499999999998,0.26886
2020-12-14,Healthcare,0.3467,0.48251999999999995
2020-12-14,Industrials,0.448575,-0.08338000000000001
2020-12-14,Materials,0.0,0.0
2020-12-14,RealEstate,0.1909,0.0
2020-12-14,Tech,0.36155,-0.040025000000000005
2020-12-14,Utilities,0.2235,0.4215
2020-12-15,Comm,0.6551,0.4708
2020-12-15,Consumer,0.55166,0.18638
2020-12-15,Energy,0.5742666666666666,0.45104999999999995
2020-12-15,Financials,0.5244,0.16572499999999998
2020-12-15,Healthcare,0.6464333333333333,0.3467
2020-12-15,Industrials,0.36005,0.448575
2020-12-15,Materials,0.0,0.0
2020-12-15,RealEstate,0.14229999999999998,0.1909
2020-12-15,Tech,0.12556666666666666,0.36155
2020-12-15,Utilities,0.2235,0.2235
2020-12-16,Comm,0.0,0.6551
2020-12-16,Consumer,0.42786,0.55166
2020-12-16,Energy,-0.043149999999999966,0.5742666666666666
2020-12-16,Financials,0.356,0.5244
2020-12-16,Healthcare,0.7828999999999999,0.6464333333333333
2020-12-16,Industrials,0.37722500000000003,0.36005
2020-12-16,Materials,0.2294,0.0
2020-12-16,RealEstate,0.2526333333333333,0.14229999999999998
2020-12-16,Tech,0.06743333333333333,0.12556666666666666
2020-12-16,Utilities,0.0,0.2235
2020-12-17,Comm,0.5965,0.0
2020-12-17,Consumer,0.40788,0.42786
2020-12-17,Energy,0.11717999999999999,-0.043149999999999966
2020-12-17,Financials,0.766775,0.356
2020-12-17,Healthcare,0.22518,0.7828999999999999
2020-12-17,Industrials,0.6550666666666667,0.37722500000000003
2020-12-17,Materials,0.3275666666666667,0.2294
2020-12-17,RealEstate,0.0,0.2526333333333333
2020-12-17,Tech,0.48374999999999996,0.06743333333333333
2020-12-17,Utilities,0.42060000000000003,0.0
2020-12-18,Comm,0.088175,0.5965
2020-12-18,Consumer,0.7707200000000001,0.40788
2020-12-18,Energy,-0.022266666666666674,0.11717999999999999
2020-12-18,Financials,0.19363333333333332,0.766775
2020-12-18,Healthcare,0.3712,0.22518
2020-12-18,Industrials,0.24555,0.6550666666666667
2020-12-18,Materials,0.11337499999999999,0.3275666666666667
2020-12-18,RealEstate,0.4767,0.0
2020-12-18,Tech,0.512625,0.48374999999999996
2020-12-18,Utilities,0.4939,0.42060000000000003
2020-12-21,Comm,0.31095,0.088175
2020-12-21,Consumer,0.45492,0.7707200000000001
2020-12-21,Energy,0.32414,-0.022266666666666674
2020-12-21,Financials,-0.19628,0.19363333333333332
2020-12-21,Healthcare,0.34816,0.3712
2020-12-21,Industrials,0.44708000000000003,0.24555
2020-12-21,Materials,0.27937500000000004,0.11337499999999999
2020-12-21,RealEstate,0.0683,0.4767
2020-12-21,Tech,0.4227666666666667,0.512625
2020-12-21,Utilities,0.417775,0.4939
2020-12-22,Comm,0.015033333333333334,0.31095
2020-12-22,Consumer,0.06219999999999999,0.45492
2020-12-22,Energy,-0.33952,0.32414
2020-12-22,Financials,0.29846666666666666,-0.19628
2020-12-22,Healthcare,-0.13605,0.34816
2020-12-22,Industrials,0.1339,0.44708000000000003
2020-12-22,Materials,0.0,0.27937500000000004
2020-12-22,RealEstate,0.0683,0.0683
2020-12-22,Tech,0.33030000000000004,0.4227666666666667
2020-12-22,Utilities,0.296,0.417775
2020-12-23,Comm,0.27115,0.015033333333333334
2020-12-23,Consumer,0.45754,0.06219999999999999
2020-12-23,Energy,0.1589,-0.33952
2020-12-23,Financials,0.34197500000000003,0.29846666666666666
2020-12-23,Healthcare,0.44226666666666664,-0.13605
2020-12-23,Industrials,0.24805,0.1339
2020-12-23,Materials,0.0,0.0
2020-12-23,RealEstate,0.0,0.0683
2020-12-23,Tech,0.33956666666666663,0.33030000000000004
2020-12-23,Utilities,0.1366,0.296
2020-12-24,Comm,0.5106,0.27115
2020-12-24,Consumer,0.80825,0.45754
2020-12-24,Energy,0.20896666666666666,0.1589
2020-12-24,Financials,0.316125,0.34197500000000003
2020-12-24,Healthcare,0.35910000000000003,0.44226666666666664
2020-12-24,Industrials,0.5445,0.24805
2020-12-24,Materials,0.0,0.0
2020-12-24,RealEstate,0.2202,0.0
2020-12-24,Tech,0.36413333333333336,0.33956666666666663
2020-12-24,Utilities,0.1366,0.1366
2020-12-28,Comm,0.11989999999999999,0.5106
2020-12-28,Consumer,0.74032,0.80825
2020-12-28,Energy,0.32382500000000003,0.20896666666666666
2020-12-28,Financials,0.43332,0.316125
2020-12-28,Healthcare,0.34857499999999997,0.35910000000000003
2020-12-28,Industrials,0.48485,0.5445
2020-12-28,Materials,0.0,0.0
2020-12-28,RealEstate,-0.1027,0.2202
2020-12-28,Tech,0.6887,0.36413333333333336
2020-12-28,Utilities,0.5295333333333333,0.1366
2020-12-29,Comm,0.2806666666666667,0.11989999999999999
2020-12-29,Consumer,0.55822,0.74032
2020-12-29,Energy,0.3818,0.32382500000000003
2020-12-29,Financials,-0.41355,0.43332
2020-12-29,Healthcare,0.06743333333333333,0.34857499999999997
2020-12-29,Industrials,0.36706000000000005,0.48485
2020-12-29,Materials,0.23835,0.0
2020-12-29,RealEstate,0.0,-0.1027
2020-12-29,Tech,-0.6670499999999999,0.6887
2020-12-29,Utilities,0.5295333333333333,0.5295333333333333
2020-12-30,Comm,0.3062,0.2806666666666667
2020-12-30,Consumer,0.73955,0.55822
2020-12-30,Energy,-0.07936666666666667,0.3818
2020-12-30,Financials,0.043899999999999995,-0.41355
2020-12-30,Healthcare,0.3021,0.06743333333333333
2020-12-30,Industrials,0.21627999999999997,0.36706000000000005
2020-12-30,Materials,0.3182,0.23835
2020-12-30,RealEstate,0.0,0.0
2020-12-30,Tech,0.687,-0.6670499999999999
2020-12-30,Utilities,0.0,0.5295333333333333
2020-12-31,Comm,0.3994333333333333,0.3062
2020-12-31,Consumer,0.7527,0.73955
2020-12-31,Energy,0.030825000000000005,-0.07936666666666667
2020-12-31,Financials,0.748475,0.043899999999999995
2020-12-31,Healthcare,0.42616666666666664,0.3021
2020-12-31,Industrials,0.1769,0.21627999999999997
2020-12-31,Materials,0.4019,0.3182
2020-12-31,RealEstate,0.6249,0.0
2020-12-31,Tech,0.19640000000000002,0.687
2020-12-31,Utilities,0.4404,0.0
2021-01-04,Comm,0.07216666666666666,0.3994333333333333
2021-01-04,Consumer,0.22915999999999997,0.7527
2021-01-04,Energy,0.2879,0.030825000000000005
2021-01-04,Financials,0.7629,0.748475
2021-01-04,Healthcare,0.44547499999999995,0.42616666666666664
2021-01-04,Industrials,0.5104,0.1769
2021-01-04,Materials,0.25020000000000003,0.4019
2021-01-04,RealEstate,0.0,0.6249
2021-01-04,Tech,0.5585666666666667,0.19640000000000002
2021-01-04,Utilities,0.6486,0.4404
2021-01-05,Comm,0.33878,0.07216666666666666
2021-01-05,Consumer,0.24853999999999998,0.22915999999999997
2021-01-05,Energy,0.22054,0.2879
2021-01-05,Financials,0.5663666666666667,0.7629
2021-01-05,Healthcare,0.5176999999999999,0.44547499999999995
2021-01-05,Industrials,0.45009999999999994,0.5104
2021-01-05,Materials,0.2044,0.25020000000000003
2021-01-05,RealEstate,0.0,0.0
2021-01-05,Tech,0.214675,0.5585666666666667
2021-01-05,Utilities,0.21230000000000002,0.6486
2021-01-06,Comm,0.5882666666666666,0.33878
2021-01-06,Consumer,0.38404,0.24853999999999998
2021-01-06,Energy,-0.10598,0.22054
2021-01-06,Financials,0.565925,0.5663666666666667
2021-01-06,Healthcare,0.18222500000000003,0.5176999999999999
2021-01-06,Industrials,0.57926,0.45009999999999994
2021-01-06,Materials,0.4215,0.2044
2021-01-06,RealEstate,0.296,0.0
2021-01-06,Tech,0.4913666666666667,0.214675
2021-01-06,Utilities,0.21230000000000002,0.21230000000000002
2021-01-07,Comm,0.4436,0.5882666666666666
2021-01-07,Consumer,0.42458,0.38404
2021-01-07,Energy,0.2071666666666667,-0.10598
2021-01-07,Financials,0.269275,0.565925
2021-01-07,Healthcare,0.10941999999999999,0.18222500000000003
2021-01-07,Industrials,0.043219999999999995,0.57926
2021-01-07,Materials,-0.1706,0.4215
2021-01-07,RealEstate,0.0,0.296
2021-01-07,Tech,0.034033333333333325,0.4913666666666667
2021-01-07,Utilities,0.1366,0.21230000000000002
2021-01-08,Comm,0.0,0.4436
2021-01-08,Consumer,0.49838000000000005,0.42458
2021-01-08,Energy,0.40869999999999995,0.2071666666666667
2021-01-08,Financials,0.38430000000000003,0.269275
2021-01-08,Healthcare,0.0,0.10941999999999999
2021-01-08,Industrials,-0.09822,0.043219999999999995
2021-01-08,Materials,0.1366,-0.1706
2021-01-08,RealEstate,0.2732,0.0
2021-01-08,Tech,0.10185,0.034033333333333325
2021-01-08,Utilities,0.403,0.1366
2021-01-11,Comm,0.5301750000000001,0.0
2021-01-11,Consumer,0.39814000000000005,0.49838000000000005
2021-01-11,Energy,0.18563999999999997,0.40869999999999995
2021-01-11,Financials,0.1929,0.38430000000000003
2021-01-11,Healthcare,0.045620000000000015,0.0
2021-01-11,Industrials,0.008575,-0.09822
2021-01-11,Materials,0.06412499999999999,0.1366
2021-01-11,RealEstate,0.2874333333333334,0.2732
2021-01-11,Tech,0.2812,0.10185
2021-01-11,Utilities,0.3454,0.403
2021-01-12,Comm,-0.1953,0.5301750000000001
2021-01-12,Consumer,0.42368000000000006,0.39814000000000005
2021-01-12,Energy,0.06485,0.18563999999999997
2021-01-12,Financials,0.238825,0.1929
2021-01-12,Healthcare,0.360075,0.045620000000000015
2021-01-12,Industrials,0.29215,0.008575
2021-01-12,Materials,0.0,0.06412499999999999
2021-01-12,RealEstate,0.2288,0.2874333333333334
2021-01-12,Tech,0.1901,0.2812
2021-01-12,Utilities,0.5016666666666666,0.3454
2021-01-13,Comm,-0.018674999999999997,-0.1953
2021-01-13,Consumer,0.28957499999999997,0.42368000000000006
2021-01-13,Energy,0.4837,0.06485
2021-01-13,Financials,0.54435,0.238825
2021-01-13,Healthcare,0.3812,0.360075
2021-01-13,Industrials,0.41507499999999997,0.29215
2021-01-13,Materials,0.0,0.0
2021-01-13,RealEstate,0.41135,0.2288
2021-01-13,Tech,0.47925,0.1901
2021-01-13,Utilities,0.25323333333333337,0.5016666666666666
2021-01-14,Comm,0.194175,-0.018674999999999997
2021-01-14,Consumer,0.28184,0.28957499999999997
2021-01-14,Energy,0.21619999999999998,0.4837
2021-01-14,Financials,0.07245000000000001,0.54435
2021-01-14,Healthcare,0.29595,0.3812
2021-01-14,Industrials,0.3905666666666667,0.41507499999999997
2021-01-14,Materials,0.0,0.0
2021-01-14,RealEstate,0.4588,0.41135
2021-01-14,Tech,0.6189333333333333,0.47925
2021-01-14,Utilities,-0.3818,0.25323333333333337
2021-01-15,Comm,0.8357,0.194175
2021-01-15,Consumer,0.48804,0.28184
2021-01-15,Energy,0.44475,0.21619999999999998
2021-01-15,Financials,0.889425,0.07245000000000001
2021-01-15,Healthcare,0.2740666666666667,0.29595
2021-01-15,Industrials,0.08796000000000001,0.3905666666666667
2021-01-15,Materials,0.0,0.0
2021-01-15,RealEstate,0.3022,0.4588
2021-01-15,Tech,0.222225,0.6189333333333333
2021-01-15,Utilities,0.4404,-0.3818
2021-01-19,Comm,0.212425,0.8357
2021-01-19,Consumer,0.6512,0.48804
2021-01-19,Energy,0.63835,0.44475
2021-01-19,Financials,0.54465,0.889425
2021-01-19,Healthcare,0.19478,0.2740666666666667
2021-01-19,Industrials,-0.02530000000000001,0.08796000000000001
2021-01-19,Materials,-0.4253,0.0
2021-01-19,RealEstate,0.0,0.3022
2021-01-19,Tech,0.3078,0.222225
2021-01-19,Utilities,0.09106666666666667,0.4404
2021-01-20,Comm,-0.324925,0.212425
2021-01-20,Consumer,-0.276275,0.6512
2021-01-20,Energy,-0.4515,0.63835
2021-01-20,Financials,0.34926,0.54465
2021-01-20,Healthcare,0.6722666666666667,0.19478
2021-01-20,Industrials,0.21913999999999997,-0.02530000000000001
2021-01-20,Materials,0.4588,-0.4253
2021-01-20,RealEstate,0.07467499999999999,0.0
2021-01-20,Tech,0.44032499999999997,0.3078
2021-01-20,Utilities,0.29295,0.09106666666666667
2021-01-21,Comm,-0.34750000000000003,-0.324925
2021-01-21,Consumer,-0.18077500000000002,-0.276275
2021-01-21,Energy,-0.34290000000000004,-0.4515
2021-01-21,Financials,0.30904,0.34926
2021-01-21,Healthcare,0.06743333333333333,0.6722666666666667
2021-01-21,Industrials,-0.1618,0.21913999999999997
2021-01-21,Materials,0.063475,0.4588
2021-01-21,RealEstate,0.07467499999999999,0.07467499999999999
2021-01-21,Tech,0.60585,0.44032499999999997
2021-01-21,Utilities,0.0,0.29295
2021-01-22,Comm,0.428,-0.34750000000000003
2021-01-22,Consumer,0.06449999999999999,-0.18077500000000002
2021-01-22,Energy,0.20682,-0.34290000000000004
2021-01-22,Financials,0.18409999999999999,0.30904
2021-01-22,Healthcare,0.0,0.06743333333333333
2021-01-22,Industrials,-0.07150000000000001,-0.1618
2021-01-22,Materials,0.4588,0.063475
2021-01-22,RealEstate,0.07467499999999999,0.07467499999999999
2021-01-22,Tech,0.18175000000000002,0.60585
2021-01-22,Utilities,0.1661,0.0
2021-01-25,Comm,0.3545,0.428
2021-01-25,Consumer,0.31568,0.06449999999999999
2021-01-25,Energy,0.2936,0.20682
2021-01-25,Financials,0.525225,0.18409999999999999
2021-01-25,Healthcare,0.19108,0.0
2021-01-25,Industrials,0.37712,-0.07150000000000001
2021-01-25,Materials,-0.07466666666666667,0.4588
2021-01-25,RealEstate,0.35836666666666667,0.07467499999999999
2021-01-25,Tech,0.506975,0.18175000000000002
2021-01-25,Utilities,0.39019999999999994,0.1661
2021-01-26,Comm,-0.024399999999999995,0.3545
2021-01-26,Consumer,0.2968,0.31568
2021-01-26,Energy,0.4963,0.2936
2021-01-26,Financials,0.5911,0.525225
2021-01-26,Healthcare,-0.021875000000000006,0.19108
2021-01-26,Industrials,0.68495,0.37712
2021-01-26,Materials,-0.128,-0.07466666666666667
2021-01-26,RealEstate,0.148,0.35836666666666667
2021-01-26,Tech,0.7818666666666667,0.506975
2021-01-26,Utilities,0.886,0.39019999999999994
2021-01-27,Comm,0.05135,-0.024399999999999995
2021-01-27,Consumer,0.18164,0.2968
2021-01-27,Energy,0.35483333333333333,0.4963
2021-01-27,Financials,-0.01752,0.5911
2021-01-27,Healthcare,0.38705,-0.021875000000000006
2021-01-27,Industrials,0.049499999999999995,0.68495
2021-01-27,Materials,0.0,-0.128
2021-01-27,RealEstate,0.34425000000000006,0.148
2021-01-27,Tech,0.6018333333333333,0.7818666666666667
2021-01-27,Utilities,0.5803666666666666,0.886
2021-01-28,Comm,0.7197749999999999,0.05135
2021-01-28,Consumer,0.37017999999999995,0.18164
2021-01-28,Energy,0.33592500000000003,0.35483333333333333
2021-01-28,Financials,0.169625,-0.01752
2021-01-28,Healthcare,0.35459999999999997,0.38705
2021-01-28,Industrials,0.34448,0.049499999999999995
2021-01-28,Materials,0.35535,0.0
2021-01-28,RealEstate,0.0,0.34425000000000006
2021-01-28,Tech,-0.04192499999999999,0.6018333333333333
2021-01-28,Utilities,0.31026666666666664,0.5803666666666666
2021-01-29,Comm,0.21118,0.7197749999999999
2021-01-29,Consumer,0.47805,0.37017999999999995
2021-01-29,Energy,-0.8338333333333333,0.33592500000000003
2021-01-29,Financials,0.44657500000000006,0.169625
2021-01-29,Healthcare,-0.058125,0.35459999999999997
2021-01-29,Industrials,0.47035,0.34448
2021-01-29,Materials,0.10115,0.35535
2021-01-29,RealEstate,-0.1279,0.0
2021-01-29,Tech,0.249075,-0.04192499999999999
2021-01-29,Utilities,0.18926666666666667,0.31026666666666664
2021-02-01,Comm,0.5861799999999999,0.21118
2021-02-01,Consumer,0.15846,0.47805
2021-02-01,Energy,0.52242,-0.8338333333333333
2021-02-01,Financials,0.21712499999999998,0.44657500000000006
2021-02-01,Healthcare,0.34972000000000003,-0.058125
2021-02-01,Industrials,-0.18217999999999998,0.47035
2021-02-01,Materials,0.142975,0.10115
2021-02-01,RealEstate,0.2083,-0.1279
2021-02-01,Tech,0.640275,0.249075
2021-02-01,Utilities,0.8126,0.18926666666666667
2021-02-02,Comm,0.24164,0.5861799999999999
2021-02-02,Consumer,0.44154,0.15846
2021-02-02,Energy,0.24036666666666665,0.52242
2021-02-02,Financials,0.576275,0.21712499999999998
2021-02-02,Healthcare,0.2919333333333333,0.34972000000000003
2021-02-02,Industrials,0.178325,-0.18217999999999998
2021-02-02,Materials,0.0,0.142975
2021-02-02,RealEstate,0.06743333333333333,0.2083
2021-02-02,Tech,0.529475,0.640275
2021-02-02,Utilities,0.2732,0.8126
2021-02-03,Comm,0.17383333333333337,0.24164
2021-02-03,Consumer,0.01979999999999999,0.44154
2021-02-03,Energy,0.19220000000000004,0.24036666666666665
2021-02-03,Financials,0.5528,0.576275
2021-02-03,Healthcare,0.36777499999999996,0.2919333333333333
2021-02-03,Industrials,0.10899999999999999,0.178325
2021-02-03,Materials,0.0344,0.0
2021-02-03,RealEstate,0.2811,0.06743333333333333
2021-02-03,Tech,0.6334333333333334,0.529475
2021-02-03,Utilities,0.026100000000000012,0.2732
2021-02-04,Comm,0.07012499999999998,0.17383333333333337
2021-02-04,Consumer,0.31146,0.01979999999999999
2021-02-04,Energy,0.24257499999999999,0.19220000000000004
2021-02-04,Financials,-0.14915,0.5528
2021-02-04,Healthcare,0.0118,0.36777499999999996
2021-02-04,Industrials,0.1549,0.10899999999999999
2021-02-04,Materials,0.0344,0.0344
2021-02-04,RealEstate,0.0,0.2811
2021-02-04,Tech,0.5229333333333334,0.6334333333333334
2021-02-04,Utilities,0.7469,0.026100000000000012
2021-02-05,Comm,0.01058,0.07012499999999998
2021-02-05,Consumer,-0.52416,0.31146
2021-02-05,Energy,0.158275,0.24257499999999999
2021-02-05,Financials,0.15794999999999998,-0.14915
2021-02-05,Healthcare,0.50185,0.0118
2021-02-05,Industrials,0.011924999999999998,0.1549
2021-02-05,Materials,0.0,0.0344
2021-02-05,RealEstate,0.5719,0.0
2021-02-05,Tech,0.46299999999999997,0.5229333333333334
2021-02-05,Utilities,0.11273333333333334,0.7469
2021-02-08,Comm,0.027639999999999998,0.01058
2021-02-08,Consumer,0.40632,-0.52416
2021-02-08,Energy,0.18894,0.158275
2021-02-08,Financials,0.104775,0.15794999999999998
2021-02-08,Healthcare,-0.04989999999999999,0.50185
2021-02-08,Industrials,0.480575,0.011924999999999998
2021-02-08,Materials,0.21134999999999998,0.0
2021-02-08,RealEstate,0.349,0.5719
2021-02-08,Tech,0.44035,0.46299999999999997
2021-02-08,Utilities,0.3592,0.11273333333333334
2021-02-09,Comm,0.114925,0.027639999999999998
2021-02-09,Consumer,0.15782000000000002,0.40632
2021-02-09,Energy,0.3182,0.18894
2021-02-09,Financials,0.012174999999999991,0.104775
2021-02-09,Healthcare,0.396525,-0.04989999999999999
2021-02-09,Industrials,0.26615,0.480575
2021-02-09,Materials,0.70175,0.21134999999999998
2021-02-09,RealEstate,0.25,0.349
2021-02-09,Tech,0.11333333333333334,0.44035
2021-02-09,Utilities,0.2732,0.3592
2021-02-10,Comm,-0.3169,0.114925
2021-02-10,Consumer,0.776575,0.15782000000000002
2021-02-10,Energy,-0.19583333333333333,0.3182
2021-02-10,Financials,0.022099999999999988,0.012174999999999991
2021-02-10,Healthcare,0.31264000000000003,0.396525
2021-02-10,Industrials,0.14352499999999999,0.26615
2021-02-10,Materials,0.2294,0.70175
2021-02-10,RealEstate,0.25,0.25
2021-02-10,Tech,-0.06865,0.11333333333333334
2021-02-10,Utilities,0.37565,0.2732
2021-02-11,Comm,0.32704,-0.3169
2021-02-11,Consumer,0.5126000000000001,0.776575
2021-02-11,Energy,0.1316,-0.19583333333333333
2021-02-11,Financials,0.43333333333333335,0.022099999999999988
2021-02-11,Healthcare,0.134625,0.31264000000000003
2021-02-11,Industrials,-0.131675,0.14352499999999999
2021-02-11,Materials,0.2294,0.2294
2021-02-11,RealEstate,0.08808,0.25
2021-02-11,Tech,0.2101333333333333,-0.06865
2021-02-11,Utilities,-0.022974999999999995,0.37565
2021-02-12,Comm,0.3825,0.32704
2021-02-12,Consumer,0.03430000000000002,0.5126000000000001
2021-02-12,Energy,-0.10761999999999997,0.1316
2021-02-12,Financials,0.0,0.43333333333333335
2021-02-12,Healthcare,0.07412500000000001,0.134625
2021-02-12,Industrials,0.360675,-0.131675
2021-02-12,Materials,0.2294,0.2294
2021-02-12,RealEstate,0.5370250000000001,0.08808
2021-02-12,Tech,0.4217,0.2101333333333333
2021-02-12,Utilities,0.37503333333333333,-0.022974999999999995
2021-02-16,Comm,0.49992000000000003,0.3825
2021-02-16,Consumer,0.40144,0.03430000000000002
2021-02-16,Energy,0.49782499999999996,-0.10761999999999997
2021-02-16,Financials,0.30938,0.0
2021-02-16,Healthcare,0.0963,0.07412500000000001
2021-02-16,Industrials,-0.444025,0.360675
2021-02-16,Materials,0.13526666666666667,0.2294
2021-02-16,RealEstate,0.5719,0.5370250000000001
2021-02-16,Tech,0.238175,0.4217
2021-02-16,Utilities,0.6078,0.37503333333333333
2021-02-17,Comm,0.15293333333333334,0.49992000000000003
2021-02-17,Consumer,0.3049,0.40144
2021-02-17,Energy,-0.44394999999999996,0.49782499999999996
2021-02-17,Financials,0.6965,0.30938
2021-02-17,Healthcare,0.5957333333333333,0.0963
2021-02-17,Industrials,-0.09489999999999998,-0.444025
2021-02-17,Materials,0.29563333333333336,0.13526666666666667
2021-02-17,RealEstate,0.0,0.5719
2021-02-17,Tech,0.6962666666666667,0.238175
2021-02-17,Utilities,0.40628000000000003,0.6078
2021-02-18,Comm,0.19733333333333333,0.15293333333333334
2021-02-18,Consumer,0.4473,0.3049
2021-02-18,Energy,0.14959999999999998,-0.44394999999999996
2021-02-18,Financials,0.1951,0.6965
2021-02-18,Healthcare,0.18250000000000002,0.5957333333333333
2021-02-18,Industrials,0.16025999999999999,-0.09489999999999998
2021-02-18,Materials,0.83615,0.29563333333333336
2021-02-18,RealEstate,0.0,0.0
2021-02-18,Tech,0.04567500000000001,0.6962666666666667
2021-02-18,Utilities,0.23835,0.40628000000000003
2021-02-19,Comm,0.159,0.19733333333333333
2021-02-19,Consumer,0.5127666666666667,0.4473
2021-02-19,Energy,0.6007750000000001,0.14959999999999998
2021-02-19,Financials,0.31195,0.1951
2021-02-19,Healthcare,0.44035,0.18250000000000002
2021-02-19,Industrials,0.5024,0.16025999999999999
2021-02-19,Materials,0.20436666666666667,0.83615
2021-02-19,RealEstate,0.085,0.0
2021-02-19,Tech,0.2646,0.04567500000000001
2021-02-19,Utilities,0.60075,0.23835
2021-02-22,Comm,0.19355,0.159
2021-02-22,Consumer,0.347425,0.5127666666666667
2021-02-22,Energy,0.50425,0.6007750000000001
2021-02-22,Financials,-0.0683,0.31195
2021-02-22,Healthcare,0.3696,0.44035
2021-02-22,Industrials,0.19794,0.5024
2021-02-22,Materials,0.187175,0.20436666666666667
2021-02-22,RealEstate,0.0,0.085
2021-02-22,Tech,0.419175,0.2646
2021-02-22,Utilities,0.39833333333333326,0.60075
2021-02-23,Comm,0.5713,0.19355
2021-02-23,Consumer,0.414275,0.347425
2021-02-23,Energy,0.56305,0.50425
2021-02-23,Financials,-0.048174999999999996,-0.0683
2021-02-23,Healthcare,0.181475,0.3696
2021-02-23,Industrials,0.13396666666666665,0.19794
2021-02-23,Materials,0.134425,0.187175
2021-02-23,RealEstate,0.06743333333333333,0.0
2021-02-23,Tech,0.625075,0.419175
2021-02-23,Utilities,0.41016666666666673,0.39833333333333326
2021-02-24,Comm,0.0037249999999999783,0.5713
2021-02-24,Consumer,0.07015,0.414275
2021-02-24,Energy,-0.12531999999999996,0.56305
2021-02-24,Financials,0.18005,-0.048174999999999996
2021-02-24,Healthcare,0.3327,0.181475
2021-02-24,Industrials,-0.21025999999999997,0.13396666666666665
2021-02-24,Materials,0.0,0.134425
2021-02-24,RealEstate,0.085,0.06743333333333333
2021-02-24,Tech,0.1512,0.625075
2021-02-24,Utilities,-0.007599999999999996,0.41016666666666673
2021-02-25,Comm,0.12095,0.0037249999999999783
2021-02-25,Consumer,0.46758,0.07015
2021-02-25,Energy,0.15457500000000002,-0.12531999999999996
2021-02-25,Financials,0.500725,0.18005
2021-02-25,Healthcare,0.7663,0.3327
2021-02-25,Industrials,0.059199999999999975,-0.21025999999999997
2021-02-25,Materials,0.0,0.0
2021-02-25,RealEstate,0.21230000000000002,0.085
2021-02-25,Tech,-0.0014000000000000002,0.1512
2021-02-25,Utilities,0.0,-0.007599999999999996
2021-02-26,Comm,0.23650000000000002,0.12095
2021-02-26,Consumer,0.24608,0.46758
2021-02-26,Energy,0.09106666666666667,0.15457500000000002
2021-02-26,Financials,0.10072500000000001,0.500725
2021-02-26,Healthcare,-0.20299999999999999,0.7663
2021-02-26,Industrials,-0.09856666666666665,0.059199999999999975
2021-02-26,Materials,0.09866666666666667,0.0
2021-02-26,RealEstate,0.17585,0.21230000000000002
2021-02-26,Tech,0.1084,-0.0014000000000000002
2021-02-26,Utilities,-0.09866666666666667,0.0
2021-03-01,Comm,0.12717499999999998,0.23650000000000002
2021-03-01,Consumer,0.48325,0.24608
2021-03-01,Energy,0.6227199999999999,0.09106666666666667
2021-03-01,Financials,0.21456,0.10072500000000001
2021-03-01,Healthcare,0.2212,-0.20299999999999999
2021-03-01,Industrials,0.2184,-0.09856666666666665
2021-03-01,Materials,0.06917499999999999,0.09866666666666667
2021-03-01,RealEstate,0.42985,0.17585
2021-03-01,Tech,0.08425,0.1084
2021-03-01,Utilities,0.0623,-0.09866666666666667
2021-03-02,Comm,0.4525333333333334,0.12717499999999998
2021-03-02,Consumer,0.137025,0.48325
2021-03-02,Energy,-0.4577,0.6227199999999999
2021-03-02,Financials,0.65695,0.21456
2021-03-02,Healthcare,0.2919,0.2212
2021-03-02,Industrials,0.16073333333333334,0.2184
2021-03-02,Materials,0.2294,0.06917499999999999
2021-03-02,RealEstate,0.0,0.42985
2021-03-02,Tech,-0.120625,0.08425
2021-03-02,Utilities,-0.08754999999999999,0.0623
2021-03-03,Comm,0.2334,0.4525333333333334
2021-03-03,Consumer,0.25945999999999997,0.137025
2021-03-03,Energy,0.1434,-0.4577
2021-03-03,Financials,0.0050000000000000044,0.65695
2021-03-03,Healthcare,0.5044666666666666,0.2919
2021-03-03,Industrials,0.16302499999999998,0.16073333333333334
2021-03-03,Materials,0.2294,0.2294
2021-03-03,RealEstate,0.0086,0.0
2021-03-03,Tech,0.3404,-0.120625
2021-03-03,Utilities,0.2023,-0.08754999999999999
2021-03-04,Comm,0.262175,0.2334
2021-03-04,Consumer,-0.250675,0.25945999999999997
2021-03-04,Energy,0.23557999999999998,0.1434
2021-03-04,Financials,0.152975,0.0050000000000000044
2021-03-04,Healthcare,-0.16215,0.5044666666666666
2021-03-04,Industrials,0.254675,0.16302499999999998
2021-03-04,Materials,0.296,0.2294
2021-03-04,RealEstate,0.5574,0.0086
2021-03-04,Tech,0.10906666666666666,0.3404
2021-03-04,Utilities,0.5563,0.2023
2021-03-05,Comm,0.09335999999999998,0.262175
2021-03-05,Consumer,0.6678000000000001,-0.250675
2021-03-05,Energy,0.52536,0.23557999999999998
2021-03-05,Financials,0.3457,0.152975
2021-03-05,Healthcare,-0.144925,-0.16215
2021-03-05,Industrials,-0.060949999999999976,0.254675
2021-03-05,Materials,0.17,0.296
2021-03-05,RealEstate,0.0,0.5574
2021-03-05,Tech,0.2740666666666667,0.10906666666666666
2021-03-05,Utilities,0.5267,0.5563
2021-03-08,Comm,0.02659999999999999,0.09335999999999998
2021-03-08,Consumer,0.2929,0.6678000000000001
2021-03-08,Energy,0.39465,0.52536
2021-03-08,Financials,0.14242500000000002,0.3457
2021-03-08,Healthcare,0.19995,-0.144925
2021-03-08,Industrials,0.41807999999999995,-0.060949999999999976
2021-03-08,Materials,0.40116666666666667,0.17
2021-03-08,RealEstate,0.3731,0.0
2021-03-08,Tech,0.49172499999999997,0.2740666666666667
2021-03-08,Utilities,-0.33525,0.5267
2021-03-09,Comm,0.230225,0.02659999999999999
2021-03-09,Consumer,0.442825,0.2929
2021-03-09,Energy,-0.22386666666666669,0.39465
2021-03-09,Financials,0.08414999999999999,0.14242500000000002
2021-03-09,Healthcare,0.0,0.19995
2021-03-09,Industrials,0.5679,0.41807999999999995
2021-03-09,Materials,0.0,0.40116666666666667
2021-03-09,RealEstate,0.3731,0.3731
2021-03-09,Tech,-0.085375,0.49172499999999997
2021-03-09,Utilities,-0.0853,-0.33525
2021-03-10,Comm,0.300325,0.230225
2021-03-10,Consumer,0.27002,0.442825
2021-03-10,Energy,0.368475,-0.22386666666666669
2021-03-10,Financials,0.6706333333333333,0.08414999999999999
2021-03-10,Healthcare,0.2394666666666667,0.0
2021-03-10,Industrials,-0.2943,0.5679
2021-03-10,Materials,0.4278,0.0
2021-03-10,RealEstate,0.1779,0.3731
2021-03-10,Tech,0.2083,-0.085375
2021-03-10,Utilities,0.3919,-0.0853
2021-03-11,Comm,0.5155333333333333,0.300325
2021-03-11,Consumer,0.37317999999999996,0.27002
2021-03-11,Energy,0.5635,0.368475
2021-03-11,Financials,0.28542500000000004,0.6706333333333333
2021-03-11,Healthcare,-0.14040000000000002,0.2394666666666667
2021-03-11,Industrials,0.38739999999999997,-0.2943
2021-03-11,Materials,0.42115,0.4278
2021-03-11,RealEstate,0.0,0.1779
2021-03-11,Tech,0.25077499999999997,0.2083
2021-03-11,Utilities,0.3919,0.3919
2021-03-12,Comm,0.24782500000000002,0.5155333333333333
2021-03-12,Consumer,0.30956,0.37317999999999996
2021-03-12,Energy,0.4767,0.5635
2021-03-12,Financials,0.22552000000000003,0.28542500000000004
2021-03-12,Healthcare,-0.3612,-0.14040000000000002
2021-03-12,Industrials,0.5442,0.38739999999999997
2021-03-12,Materials,0.148,0.42115
2021-03-12,RealEstate,0.14613333333333334,0.0
2021-03-12,Tech,0.2688333333333333,0.25077499999999997
2021-03-12,Utilities,0.28175,0.3919
2021-03-15,Comm,0.22692500000000002,0.24782500000000002
2021-03-15,Consumer,0.73446,0.30956
2021-03-15,Energy,0.377525,0.4767
2021-03-15,Financials,0.565625,0.22552000000000003
2021-03-15,Healthcare,0.49623999999999996,-0.3612
2021-03-15,Industrials,0.56165,0.5442
2021-03-15,Materials,0.0,0.148
2021-03-15,RealEstate,0.43925,0.14613333333333334
2021-03-15,Tech,0.208,0.2688333333333333
2021-03-15,Utilities,0.38986666666666664,0.28175
2021-03-16,Comm,0.35233333333333333,0.22692500000000002
2021-03-16,Consumer,0.4355399999999999,0.73446
2021-03-16,Energy,-0.34895,0.377525
2021-03-16,Financials,0.07651999999999999,0.565625
2021-03-16,Healthcare,0.17205,0.49623999999999996
2021-03-16,Industrials,-0.15689999999999998,0.56165
2021-03-16,Materials,0.0,0.0
2021-03-16,RealEstate,0.1303,0.43925
2021-03-16,Tech,-0.0366,0.208
2021-03-16,Utilities,0.19776666666666665,0.38986666666666664
2021-03-17,Comm,0.19004,0.35233333333333333
2021-03-17,Consumer,0.28948,0.4355399999999999
2021-03-17,Energy,0.05135,-0.34895
2021-03-17,Financials,0.30916,0.07651999999999999
2021-03-17,Healthcare,0.08723333333333333,0.17205
2021-03-17,Industrials,-0.14245,-0.15689999999999998
2021-03-17,Materials,0.2732,0.0
2021-03-17,RealEstate,-0.025675,0.1303
2021-03-17,Tech,0.6129,-0.0366
2021-03-17,Utilities,0.19776666666666665,0.19776666666666665
2021-03-18,Comm,-0.07404999999999998,0.19004
2021-03-18,Consumer,0.386,0.28948
2021-03-18,Energy,-0.22622499999999998,0.05135
2021-03-18,Financials,0.29086666666666666,0.30916
2021-03-18,Healthcare,0.23854999999999998,0.08723333333333333
2021-03-18,Industrials,0.020120000000000006,-0.14245
2021-03-18,Materials,0.2732,0.2732
2021-03-18,RealEstate,0.24350000000000002,-0.025675
2021-03-18,Tech,0.2740666666666667,0.6129
2021-03-18,Utilities,0.17,0.19776666666666665
2021-03-19,Comm,0.23836,-0.07404999999999998
2021-03-19,Consumer,0.20392000000000002,0.386
2021-03-19,Energy,0.45649999999999996,-0.22622499999999998
2021-03-19,Financials,-0.026349999999999985,0.29086666666666666
2021-03-19,Healthcare,0.5058333333333334,0.23854999999999998
2021-03-19,Industrials,-0.09979999999999999,0.020120000000000006
2021-03-19,Materials,0.17,0.2732
2021-03-19,RealEstate,0.24350000000000002,0.24350000000000002
2021-03-19,Tech,0.148,0.2740666666666667
2021-03-19,Utilities,0.17,0.17
2021-03-22,Comm,-0.15366666666666667,0.23836
2021-03-22,Consumer,0.28144,0.20392000000000002
2021-03-22,Energy,0.09857500000000002,0.45649999999999996
2021-03-22,Financials,0.49358,-0.026349999999999985
2021-03-22,Healthcare,0.15453333333333333,0.5058333333333334
2021-03-22,Industrials,0.18575,-0.09979999999999999
2021-03-22,Materials,0.1909,0.17
2021-03-22,RealEstate,0.24350000000000002,0.24350000000000002
2021-03-22,Tech,0.30435,0.148
2021-03-22,Utilities,0.17,0.17
2021-03-23,Comm,0.33735,-0.15366666666666667
2021-03-23,Consumer,0.5214666666666666,0.28144
2021-03-23,Energy,-0.53796,0.09857500000000002
2021-03-23,Financials,0.40750000000000003,0.49358
2021-03-23,Healthcare,0.1571,0.15453333333333333
2021-03-23,Industrials,0.09512500000000002,0.18575
2021-03-23,Materials,-0.125,0.1909
2021-03-23,RealEstate,0.0,0.24350000000000002
2021-03-23,Tech,0.395675,0.30435
2021-03-23,Utilities,0.1366,0.17
2021-03-24,Comm,0.393325,0.33735
2021-03-24,Consumer,0.52505,0.5214666666666666
2021-03-24,Energy,-0.029524999999999996,-0.53796
2021-03-24,Financials,0.418,0.40750000000000003
2021-03-24,Healthcare,0.224925,0.1571
2021-03-24,Industrials,-0.011325000000000016,0.09512500000000002
2021-03-24,Materials,0.1366,-0.125
2021-03-24,RealEstate,0.0,0.0
2021-03-24,Tech,0.1456,0.395675
2021-03-24,Utilities,0.1366,0.1366
2021-03-25,Comm,-0.0193,0.393325
2021-03-25,Consumer,0.17143999999999998,0.52505
2021-03-25,Energy,0.37145,-0.029524999999999996
2021-03-25,Financials,0.071225,0.418
2021-03-25,Healthcare,0.22610000000000002,0.224925
2021-03-25,Industrials,-0.11333333333333334,-0.011325000000000016
2021-03-25,Materials,0.4609,0.1366
2021-03-25,RealEstate,0.4158,0.0
2021-03-25,Tech,0.021824999999999983,0.1456
2021-03-25,Utilities,0.65745,0.1366
2021-03-26,Comm,0.029049999999999965,-0.0193
2021-03-26,Consumer,-0.05724999999999998,0.17143999999999998
2021-03-26,Energy,0.8806666666666666,0.37145
2021-03-26,Financials,0.52722,0.071225
2021-03-26,Healthcare,-0.019533333333333347,0.22610000000000002
2021-03-26,Industrials,0.7234,-0.11333333333333334
2021-03-26,Materials,-0.19733333333333333,0.4609
2021-03-26,RealEstate,0.4158,0.4158
2021-03-26,Tech,0.45380000000000004,0.021824999999999983
2021-03-26,Utilities,0.296,0.65745
2021-03-29,Comm,0.471425,0.029049999999999965
2021-03-29,Consumer,0.8773,-0.05724999999999998
2021-03-29,Energy,0.33747499999999997,0.8806666666666666
2021-03-29,Financials,-0.64764,0.52722
2021-03-29,Healthcare,0.5454399999999999,-0.019533333333333347
2021-03-29,Industrials,0.24442,0.7234
2021-03-29,Materials,-0.19733333333333333,-0.19733333333333333
2021-03-29,RealEstate,0.148475,0.4158
2021-03-29,Tech,0.588425,0.45380000000000004
2021-03-29,Utilities,0.6716,0.296
2021-03-30,Comm,0.18615,0.471425
2021-03-30,Consumer,0.3641,0.8773
2021-03-30,Energy,0.48340000000000005,0.33747499999999997
2021-03-30,Financials,0.1216,-0.64764
2021-03-30,Healthcare,0.061674999999999994,0.5454399999999999
2021-03-30,Industrials,0.14275,0.24442
2021-03-30,Materials,-0.19733333333333333,-0.19733333333333333
2021-03-30,RealEstate,0.12726666666666667,0.148475
2021-03-30,Tech,0.45246666666666663,0.588425
2021-03-30,Utilities,0.0,0.6716
2021-03-31,Comm,0.0,0.18615
2021-03-31,Consumer,0.38004000000000004,0.3641
2021-03-31,Energy,0.4312,0.48340000000000005
2021-03-31,Financials,0.35922,0.1216
2021-03-31,Healthcare,0.13640000000000002,0.061674999999999994
2021-03-31,Industrials,0.41896666666666665,0.14275
2021-03-31,Materials,0.148,-0.19733333333333333
2021-03-31,RealEstate,0.0,0.12726666666666667
2021-03-31,Tech,0.39410000000000006,0.45246666666666663
2021-03-31,Utilities,0.1366,0.0
2021-04-01,Comm,0.147225,0.0
2021-04-01,Consumer,0.21318,0.38004000000000004
2021-04-01,Energy,-0.4438000000000001,0.4312
2021-04-01,Financials,0.44952,0.35922
2021-04-01,Healthcare,0.07422,0.13640000000000002
2021-04-01,Industrials,0.208275,0.41896666666666665
2021-04-01,Materials,0.0,0.148
2021-04-01,RealEstate,-0.2942,0.0
2021-04-01,Tech,0.078375,0.39410000000000006
2021-04-01,Utilities,0.1858,0.1366
2021-04-05,Comm,0.6818799999999999,0.147225
2021-04-05,Consumer,0.67388,0.21318
2021-04-05,Energy,0.28102499999999997,-0.4438000000000001
2021-04-05,Financials,0.7761750000000001,0.44952
2021-04-05,Healthcare,0.43225,0.07422
2021-04-05,Industrials,0.7284,0.208275
2021-04-05,Materials,0.4221,0.0
2021-04-05,RealEstate,-0.5574,-0.2942
2021-04-05,Tech,0.6451666666666667,0.078375
2021-04-05,Utilities,0.22503333333333334,0.1858
2021-04-06,Comm,0.36746666666666666,0.6818799999999999
2021-04-06,Consumer,0.749425,0.67388
2021-04-06,Energy,0.3013,0.28102499999999997
2021-04-06,Financials,-0.05200000000000002,0.7761750000000001
2021-04-06,Healthcare,0.27133333333333337,0.43225
2021-04-06,Industrials,-0.030459999999999997,0.7284
2021-04-06,Materials,-0.2732,0.4221
2021-04-06,RealEstate,0.4767,-0.5574
2021-04-06,Tech,0.04246666666666665,0.6451666666666667
2021-04-06,Utilities,0.0,0.22503333333333334
2021-04-07,Comm,0.21075,0.36746666666666666
2021-04-07,Consumer,0.03841999999999999,0.749425
2021-04-07,Energy,-0.06093333333333334,0.3013
2021-04-07,Financials,0.2784,-0.05200000000000002
2021-04-07,Healthcare,0.3327,0.27133333333333337
2021-04-07,Industrials,0.16792500000000002,-0.030459999999999997
2021-04-07,Materials,-0.1591,-0.2732
2021-04-07,RealEstate,0.4019,0.4767
2021-04-07,Tech,0.1661,0.04246666666666665
2021-04-07,Utilities,0.1366,0.0
2021-04-08,Comm,0.3437,0.21075
2021-04-08,Consumer,0.79942,0.03841999999999999
2021-04-08,Energy,0.07392,-0.06093333333333334
2021-04-08,Financials,0.1147,0.2784
2021-04-08,Healthcare,0.28645,0.3327
2021-04-08,Industrials,0.071625,0.16792500000000002
2021-04-08,Materials,0.162675,-0.1591
2021-04-08,RealEstate,0.0,0.4019
2021-04-08,Tech,0.12225,0.1661
2021-04-08,Utilities,0.3996,0.1366
2021-04-09,Comm,0.255225,0.3437
2021-04-09,Consumer,0.47077499999999994,0.79942
2021-04-09,Energy,-0.21392499999999998,0.07392
2021-04-09,Financials,0.314625,0.1147
2021-04-09,Healthcare,0.2986,0.28645
2021-04-09,Industrials,0.49128,0.071625
2021-04-09,Materials,0.162675,0.162675
2021-04-09,RealEstate,0.0,0.0
2021-04-09,Tech,0.5369666666666667,0.12225
2021-04-09,Utilities,0.2732,0.3996
2021-04-12,Comm,-0.33580000000000004,0.255225
2021-04-12,Consumer,0.58574,0.47077499999999994
2021-04-12,Energy,0.5226500000000001,-0.21392499999999998
2021-04-12,Financials,0.57706,0.314625
2021-04-12,Healthcare,0.32354,0.2986
2021-04-12,Industrials,0.4613,0.49128
2021-04-12,Materials,0.06743333333333333,0.162675
2021-04-12,RealEstate,0.49429999999999996,0.0
2021-04-12,Tech,0.296875,0.5369666666666667
2021-04-12,Utilities,0.47513333333333335,0.2732
2021-04-13,Comm,0.5075,-0.33580000000000004
2021-04-13,Consumer,0.35328,0.58574
2021-04-13,Energy,0.4567333333333334,0.5226500000000001
2021-04-13,Financials,0.649,0.57706
2021-04-13,Healthcare,-0.05332500000000001,0.32354
2021-04-13,Industrials,0.5590666666666667,0.4613
2021-04-13,Materials,0.06743333333333333,0.06743333333333333
2021-04-13,RealEstate,0.0,0.49429999999999996
2021-04-13,Tech,0.39233333333333337,0.296875
2021-04-13,Utilities,0.18213333333333334,0.47513333333333335
2021-04-14,Comm,0.22132000000000002,0.5075
2021-04-14,Consumer,-0.005180000000000007,0.35328
2021-04-14,Energy,0.04865,0.4567333333333334
2021-04-14,Financials,0.63612,0.649
2021-04-14,Healthcare,-0.035199999999999995,-0.05332500000000001
2021-04-14,Industrials,0.35905,0.5590666666666667
2021-04-14,Materials,0.146875,0.06743333333333333
2021-04-14,RealEstate,0.0,0.0
2021-04-14,Tech,0.15360000000000001,0.39233333333333337
2021-04-14,Utilities,0.497725,0.18213333333333334
2021-04-15,Comm,-0.0386,0.22132000000000002
2021-04-15,Consumer,-0.1643,-0.005180000000000007
2021-04-15,Energy,0.02906000000000001,0.04865
2021-04-15,Financials,0.48505,0.63612
2021-04-15,Healthcare,0.17816,-0.035199999999999995
2021-04-15,Industrials,0.4860666666666667,0.35905
2021-04-15,Materials,0.146875,0.146875
2021-04-15,RealEstate,0.1147,0.0
2021-04-15,Tech,0.3984,0.15360000000000001
2021-04-15,Utilities,0.6124,0.497725
2021-04-16,Comm,0.44235,-0.0386
2021-04-16,Consumer,0.715625,-0.1643
2021-04-16,Energy,0.11672500000000001,0.02906000000000001
2021-04-16,Financials,0.71662,0.48505
2021-04-16,Healthcare,-0.125,0.17816
2021-04-16,Industrials,-0.12343333333333334,0.4860666666666667
2021-04-16,Materials,0.0,0.146875
2021-04-16,RealEstate,0.0,0.1147
2021-04-16,Tech,0.1696,0.3984
2021-04-16,Utilities,0.6124,0.6124
2021-04-19,Comm,-0.122625,0.44235
2021-04-19,Consumer,0.09689999999999999,0.715625
2021-04-19,Energy,0.029599999999999998,0.11672500000000001
2021-04-19,Financials,0.61376,0.71662
2021-04-19,Healthcare,0.06974,-0.125
2021-04-19,Industrials,0.521725,-0.12343333333333334
2021-04-19,Materials,0.33486666666666665,0.0
2021-04-19,RealEstate,0.1591,0.0
2021-04-19,Tech,0.131675,0.1696
2021-04-19,Utilities,0.2629,0.6124
2021-04-20,Comm,0.1928,-0.122625
2021-04-20,Consumer,0.29132,0.09689999999999999
2021-04-20,Energy,0.4858,0.029599999999999998
2021-04-20,Financials,0.50796,0.61376
2021-04-20,Healthcare,0.2339,0.06974
2021-04-20,Industrials,0.033899999999999986,0.521725
2021-04-20,Materials,-0.0258,0.33486666666666665
2021-04-20,RealEstate,0.1591,0.1591
2021-04-20,Tech,0.39943333333333336,0.131675
2021-04-20,Utilities,0.40116666666666667,0.2629
2021-04-21,Comm,0.05449999999999999,0.1928
2021-04-21,Consumer,0.19998,0.29132
2021-04-21,Energy,0.17565,0.4858
2021-04-21,Financials,0.34885,0.50796
2021-04-21,Healthcare,0.40978000000000003,0.2339
2021-04-21,Industrials,0.10921999999999998,0.033899999999999986
2021-04-21,Materials,0.24422500000000003,-0.0258
2021-04-21,RealEstate,0.0,0.1591
2021-04-21,Tech,0.21230000000000002,0.39943333333333336
2021-04-21,Utilities,0.47795,0.40116666666666667
2021-04-22,Comm,0.3106333333333334,0.05449999999999999
2021-04-22,Consumer,0.65195,0.19998
2021-04-22,Energy,0.14363333333333334,0.17565
2021-04-22,Financials,0.367775,0.34885
2021-04-22,Healthcare,0.11164,0.40978000000000003
2021-04-22,Industrials,0.11280000000000001,0.10921999999999998
2021-04-22,Materials,0.50925,0.24422500000000003
2021-04-22,RealEstate,0.13396666666666665,0.0
2021-04-22,Tech,0.527575,0.21230000000000002
2021-04-22,Utilities,0.21253333333333332,0.47795
2021-04-23,Comm,0.44226666666666664,0.3106333333333334
2021-04-23,Consumer,0.38926,0.65195
2021-04-23,Energy,0.098,0.14363333333333334
2021-04-23,Financials,0.46125,0.367775
2021-04-23,Healthcare,0.2787,0.11164
2021-04-23,Industrials,0.1515666666666667,0.11280000000000001
2021-04-23,Materials,0.2202,0.50925
2021-04-23,RealEstate,0.7783,0.13396666666666665
2021-04-23,Tech,0.506725,0.527575
2021-04-23,Utilities,0.09106666666666667,0.21253333333333332
2021-04-26,Comm,0.13670000000000002,0.44226666666666664
2021-04-26,Consumer,0.56594,0.38926
2021-04-26,Energy,-0.1157,0.098
2021-04-26,Financials,0.61674,0.46125
2021-04-26,Healthcare,0.55146,0.2787
2021-04-26,Industrials,0.4895666666666667,0.1515666666666667
2021-04-26,Materials,0.0,0.2202
2021-04-26,RealEstate,0.13935,0.7783
2021-04-26,Tech,0.6472333333333333,0.506725
2021-04-26,Utilities,0.19063333333333332,0.09106666666666667
2021-04-27,Comm,0.28653333333333336,0.13670000000000002
2021-04-27,Consumer,0.20105,0.56594
2021-04-27,Energy,0.0,-0.1157
2021-04-27,Financials,0.537675,0.61674
2021-04-27,Healthcare,0.41674,0.55146
2021-04-27,Industrials,0.8238,0.4895666666666667
2021-04-27,Materials,0.33340000000000003,0.0
2021-04-27,RealEstate,0.13935,0.13935
2021-04-27,Tech,0.06562499999999999,0.6472333333333333
2021-04-27,Utilities,-0.024033333333333323,0.19063333333333332
2021-04-28,Comm,0.500775,0.28653333333333336
2021-04-28,Consumer,0.47090000000000004,0.20105
2021-04-28,Energy,0.6615333333333333,0.0
2021-04-28,Financials,0.1913,0.537675
2021-04-28,Healthcare,0.10802,0.41674
2021-04-28,Industrials,-0.28904,0.8238
2021-04-28,Materials,0.5574,0.33340000000000003
2021-04-28,RealEstate,0.4731,0.13935
2021-04-28,Tech,0.265425,0.06562499999999999
2021-04-28,Utilities,0.24996666666666667,-0.024033333333333323
2021-04-29,Comm,0.4969,0.500775
2021-04-29,Consumer,0.05095000000000002,0.47090000000000004
2021-04-29,Energy,0.48839999999999995,0.6615333333333333
2021-04-29,Financials,0.3556333333333333,0.1913
2021-04-29,Healthcare,0.52792,0.10802
2021-04-29,Industrials,0.12176000000000001,-0.28904
2021-04-29,Materials,0.148,0.5574
2021-04-29,RealEstate,0.22587500000000002,0.4731
2021-04-29,Tech,0.32015,0.265425
2021-04-29,Utilities,0.0,0.24996666666666667
2021-04-30,Comm,0.4964,0.4969
2021-04-30,Consumer,0.21045,0.05095000000000002
2021-04-30,Energy,0.50334,0.48839999999999995
2021-04-30,Financials,0.2931666666666667,0.3556333333333333
2021-04-30,Healthcare,0.40262000000000003,0.52792
2021-04-30,Industrials,0.10995,0.12176000000000001
2021-04-30,Materials,-0.2263,0.148
2021-04-30,RealEstate,0.42186666666666667,0.22587500000000002
2021-04-30,Tech,0.11315,0.32015
2021-04-30,Utilities,0.3587,0.0
2021-05-03,Comm,0.49556000000000006,0.4964
2021-05-03,Consumer,0.31416,0.21045
2021-05-03,Energy,0.31845,0.50334
2021-05-03,Financials,0.32584,0.2931666666666667
2021-05-03,Healthcare,0.53762,0.40262000000000003
2021-05-03,Industrials,0.03053999999999999,0.10995
2021-05-03,Materials,0.09106666666666667,-0.2263
2021-05-03,RealEstate,0.3057,0.42186666666666667
2021-05-03,Tech,0.35779999999999995,0.11315
2021-05-03,Utilities,0.4375,0.3587
2021-05-04,Comm,0.36345,0.49556000000000006
2021-05-04,Consumer,0.55255,0.31416
2021-05-04,Energy,0.29263333333333336,0.31845
2021-05-04,Financials,0.38802000000000003,0.32584
2021-05-04,Healthcare,0.24118,0.53762
2021-05-04,Industrials,0.02150000000000002,0.03053999999999999
2021-05-04,Materials,-0.052674999999999986,0.09106666666666667
2021-05-04,RealEstate,0.3057,0.3057
2021-05-04,Tech,0.23240000000000002,0.35779999999999995
2021-05-04,Utilities,0.43746666666666667,0.4375
2021-05-05,Comm,0.254975,0.36345
2021-05-05,Consumer,0.4821333333333333,0.55255
2021-05-05,Energy,0.232425,0.29263333333333336
2021-05-05,Financials,0.33557499999999996,0.38802000000000003
2021-05-05,Healthcare,0.22918,0.24118
2021-05-05,Industrials,0.5518,0.02150000000000002
2021-05-05,Materials,0.8591,-0.052674999999999986
2021-05-05,RealEstate,0.0,0.3057
2021-05-05,Tech,0.44303333333333333,0.23240000000000002
2021-05-05,Utilities,0.20070000000000002,0.43746666666666667
2021-05-06,Comm,0.15335000000000001,0.254975
2021-05-06,Consumer,0.43528,0.4821333333333333
2021-05-06,Energy,0.4462,0.232425
2021-05-06,Financials,0.328175,0.33557499999999996
2021-05-06,Healthcare,0.0,0.22918
2021-05-06,Industrials,0.385125,0.5518
2021-05-06,Materials,0.126,0.8591
2021-05-06,RealEstate,-0.3182,0.0
2021-05-06,Tech,0.3133666666666667,0.44303333333333333
2021-05-06,Utilities,0.0,0.20070000000000002
2021-05-07,Comm,0.13405,0.15335000000000001
2021-05-07,Consumer,-0.2159333333333333,0.43528
2021-05-07,Energy,-0.4015,0.4462
2021-05-07,Financials,0.013250000000000012,0.328175
2021-05-07,Healthcare,0.17,0.0
2021-05-07,Industrials,-0.1057,0.385125
2021-05-07,Materials,0.126,0.126
2021-05-07,RealEstate,-0.3182,-0.3182
2021-05-07,Tech,0.5529666666666667,0.3133666666666667
2021-05-07,Utilities,0.1897333333333333,0.0
2021-05-10,Comm,-0.03806,0.13405
2021-05-10,Consumer,0.39154,-0.2159333333333333
2021-05-10,Energy,0.40182,-0.4015
2021-05-10,Financials,0.18660000000000002,0.013250000000000012
2021-05-10,Healthcare,0.14323999999999998,0.17
2021-05-10,Industrials,0.39435,-0.1057
2021-05-10,Materials,0.245875,0.126
2021-05-10,RealEstate,-0.3182,-0.3182
2021-05-10,Tech,0.2792666666666667,0.5529666666666667
2021-05-10,Utilities,0.597075,0.1897333333333333
2021-05-11,Comm,0.48448,-0.03806
2021-05-11,Consumer,0.07636000000000001,0.39154
2021-05-11,Energy,-0.267525,0.40182
2021-05-11,Financials,0.1392,0.18660000000000002
2021-05-11,Healthcare,0.13396666666666665,0.14323999999999998
2021-05-11,Industrials,-0.07546666666666668,0.39435
2021-05-11,Materials,0.6808,0.245875
2021-05-11,RealEstate,0.296,-0.3182
2021-05-11,Tech,0.1276,0.2792666666666667
2021-05-11,Utilities,0.597075,0.597075
2021-05-12,Comm,0.22847999999999996,0.48448
2021-05-12,Consumer,0.09662499999999999,0.07636000000000001
2021-05-12,Energy,0.33942500000000003,-0.267525
2021-05-12,Financials,0.168325,0.1392
2021-05-12,Healthcare,0.580275,0.13396666666666665
2021-05-12,Industrials,0.17298,-0.07546666666666668
2021-05-12,Materials,0.4939,0.6808
2021-05-12,RealEstate,0.34895,0.296
2021-05-12,Tech,0.2936,0.1276
2021-05-12,Utilities,0.45153333333333334,0.597075
2021-05-13,Comm,0.0,0.22847999999999996
2021-05-13,Consumer,0.7766666666666667,0.09662499999999999
2021-05-13,Energy,0.0,0.33942500000000003
2021-05-13,Financials,0.171275,0.168325
2021-05-13,Healthcare,-0.13396666666666665,0.580275
2021-05-13,Industrials,0.38386666666666663,0.17298
2021-05-13,Materials,0.0,0.4939
2021-05-13,RealEstate,0.08333333333333333,0.34895
2021-05-13,Tech,0.0,0.2936
2021-05-13,Utilities,0.1909,0.45153333333333334
2021-05-14,Comm,0.0,0.0
2021-05-14,Consumer,0.05595,0.7766666666666667
2021-05-14,Energy,-0.1831,0.0
2021-05-14,Financials,0.18987500000000002,0.171275
2021-05-14,Healthcare,0.23117500000000002,-0.13396666666666665
2021-05-14,Industrials,0.14655,0.38386666666666663
2021-05-14,Materials,0.148,0.0
2021-05-14,RealEstate,0.08333333333333333,0.08333333333333333
2021-05-14,Tech,0.3800333333333334,0.0
2021-05-14,Utilities,0.5106,0.1909
2021-05-17,Comm,0.084,0.0
2021-05-17,Consumer,0.3019,0.05595
2021-05-17,Energy,0.5625,-0.1831
2021-05-17,Financials,0.5362,0.18987500000000002
2021-05-17,Healthcare,0.19478,0.23117500000000002
2021-05-17,Industrials,-0.143625,0.14655
2021-05-17,Materials,0.56015,0.148
2021-05-17,RealEstate,0.0,0.08333333333333333
2021-05-17,Tech,0.2288,0.3800333333333334
2021-05-17,Utilities,0.24695,0.5106
2021-05-18,Comm,-0.28196,0.084
2021-05-18,Consumer,0.313075,0.3019
2021-05-18,Energy,-0.28245,0.5625
2021-05-18,Financials,0.38126666666666664,0.5362
2021-05-18,Healthcare,0.1589,0.19478
2021-05-18,Industrials,0.0528,-0.143625
2021-05-18,Materials,0.2814,0.56015
2021-05-18,RealEstate,0.0,0.0
2021-05-18,Tech,0.45005,0.2288
2021-05-18,Utilities,-0.0386,0.24695
2021-05-19,Comm,0.6514333333333333,-0.28196
2021-05-19,Consumer,0.08701999999999999,0.313075
2021-05-19,Energy,-0.3715,-0.28245
2021-05-19,Financials,0.7161,0.38126666666666664
2021-05-19,Healthcare,-0.3506,0.1589
2021-05-19,Industrials,0.29045,0.0528
2021-05-19,Materials,-0.33525,0.2814
2021-05-19,RealEstate,0.0,0.0
2021-05-19,Tech,-0.1734,0.45005
2021-05-19,Utilities,0.6908,-0.0386
2021-05-20,Comm,0.3674,0.6514333333333333
2021-05-20,Consumer,0.53094,0.08701999999999999
2021-05-20,Energy,0.10115,-0.3715
2021-05-20,Financials,0.2873,0.7161
2021-05-20,Healthcare,0.51865,-0.3506
2021-05-20,Industrials,0.23156666666666667,0.29045
2021-05-20,Materials,0.0,-0.33525
2021-05-20,RealEstate,0.0,0.0
2021-05-20,Tech,0.48265,-0.1734
2021-05-20,Utilities,0.25054,0.6908
2021-05-21,Comm,0.41459999999999997,0.3674
2021-05-21,Consumer,0.29619999999999996,0.53094
2021-05-21,Energy,0.08022499999999999,0.10115
2021-05-21,Financials,-0.00645,0.2873
2021-05-21,Healthcare,0.28754,0.51865
2021-05-21,Industrials,0.6899500000000001,0.23156666666666667
2021-05-21,Materials,0.3182,0.0
2021-05-21,RealEstate,0.0,0.0
2021-05-21,Tech,0.31465,0.48265
2021-05-21,Utilities,0.21230000000000002,0.25054
2021-05-24,Comm,0.02517999999999998,0.41459999999999997
2021-05-24,Consumer,0.7262000000000001,0.29619999999999996
2021-05-24,Energy,0.2068,0.08022499999999999
2021-05-24,Financials,0.13935,-0.00645
2021-05-24,Healthcare,0.719325,0.28754
2021-05-24,Industrials,0.21433333333333335,0.6899500000000001
2021-05-24,Materials,0.160675,0.3182
2021-05-24,RealEstate,0.022999999999999993,0.0
2021-05-24,Tech,0.735,0.31465
2021-05-24,Utilities,0.4186,0.21230000000000002
2021-05-25,Comm,0.322175,0.02517999999999998
2021-05-25,Consumer,0.400475,0.7262000000000001
2021-05-25,Energy,0.268775,0.2068
2021-05-25,Financials,0.7340333333333332,0.13935
2021-05-25,Healthcare,0.338225,0.719325
2021-05-25,Industrials,0.0,0.21433333333333335
2021-05-25,Materials,0.13396666666666665,0.160675
2021-05-25,RealEstate,0.7783,0.022999999999999993
2021-05-25,Tech,-0.3295,0.735
2021-05-25,Utilities,0.2732,0.4186
2021-05-26,Comm,0.3001,0.322175
2021-05-26,Consumer,0.46975,0.400475
2021-05-26,Energy,0.6338,0.268775
2021-05-26,Financials,0.138175,0.7340333333333332
2021-05-26,Healthcare,-0.21619999999999998,0.338225
2021-05-26,Industrials,0.19896666666666665,0.0
2021-05-26,Materials,0.0,0.13396666666666665
2021-05-26,RealEstate,0.0,0.7783
2021-05-26,Tech,0.42307500000000003,-0.3295
2021-05-26,Utilities,0.743,0.2732
2021-05-27,Comm,0.36906,0.3001
2021-05-27,Consumer,0.56472,0.46975
2021-05-27,Energy,0.10263333333333331,0.6338
2021-05-27,Financials,0.184925,0.138175
2021-05-27,Healthcare,0.20124999999999998,-0.21619999999999998
2021-05-27,Industrials,0.434775,0.19896666666666665
2021-05-27,Materials,0.23803333333333335,0.0
2021-05-27,RealEstate,-0.1027,0.0
2021-05-27,Tech,0.458675,0.42307500000000003
2021-05-27,Utilities,0.36345,0.743
2021-05-28,Comm,0.8360200000000001,0.36906
2021-05-28,Consumer,0.43154000000000003,0.56472
2021-05-28,Energy,0.15539999999999998,0.10263333333333331
2021-05-28,Financials,0.2545,0.184925
2021-05-28,Healthcare,0.027850000000000014,0.20124999999999998
2021-05-28,Industrials,0.0903,0.434775
2021-05-28,Materials,0.27416666666666667,0.23803333333333335
2021-05-28,RealEstate,0.5028,-0.1027
2021-05-28,Tech,0.45585,0.458675
2021-05-28,Utilities,0.4939,0.36345
2021-06-01,Comm,0.77165,0.8360200000000001
2021-06-01,Consumer,0.66966,0.43154000000000003
2021-06-01,Energy,0.37206,0.15539999999999998
2021-06-01,Financials,0.54915,0.2545
2021-06-01,Healthcare,0.5807800000000001,0.027850000000000014
2021-06-01,Industrials,0.39349999999999996,0.0903
2021-06-01,Materials,0.31720000000000004,0.27416666666666667
2021-06-01,RealEstate,0.2108,0.5028
2021-06-01,Tech,0.11906666666666667,0.45585
2021-06-01,Utilities,0.31096666666666667,0.4939
2021-06-02,Comm,0.21546000000000004,0.77165
2021-06-02,Consumer,0.42935999999999996,0.66966
2021-06-02,Energy,0.73395,0.37206
2021-06-02,Financials,0.45389999999999997,0.54915
2021-06-02,Healthcare,0.198575,0.5807800000000001
2021-06-02,Industrials,0.10194999999999999,0.39349999999999996
2021-06-02,Materials,0.0,0.31720000000000004
2021-06-02,RealEstate,0.5719,0.2108
2021-06-02,Tech,0.34062499999999996,0.11906666666666667
2021-06-02,Utilities,0.43463333333333337,0.31096666666666667
2021-06-03,Comm,0.0258,0.21546000000000004
2021-06-03,Consumer,0.48840000000000006,0.42935999999999996
2021-06-03,Energy,0.40047999999999995,0.73395
2021-06-03,Financials,-0.00826,0.45389999999999997
2021-06-03,Healthcare,0.21967999999999996,0.198575
2021-06-03,Industrials,0.446575,0.10194999999999999
2021-06-03,Materials,0.20095,0.0
2021-06-03,RealEstate,0.16836666666666666,0.5719
2021-06-03,Tech,0.25933333333333336,0.34062499999999996
2021-06-03,Utilities,0.0,0.43463333333333337
2021-06-04,Comm,0.6578200000000001,0.0258
2021-06-04,Consumer,0.29242,0.48840000000000006
2021-06-04,Energy,0.0,0.40047999999999995
2021-06-04,Financials,0.472825,-0.00826
2021-06-04,Healthcare,-0.03005,0.21967999999999996
2021-06-04,Industrials,0.34105,0.446575
2021-06-04,Materials,0.0,0.20095
2021-06-04,RealEstate,0.6369,0.16836666666666666
2021-06-04,Tech,0.40726666666666667,0.25933333333333336
2021-06-04,Utilities,0.8481,0.0
2021-06-07,Comm,0.42778,0.6578200000000001
2021-06-07,Consumer,0.36384,0.29242
2021-06-07,Energy,-0.51194,0.0
2021-06-07,Financials,0.4022,0.472825
2021-06-07,Healthcare,0.14102,-0.03005
2021-06-07,Industrials,0.343325,0.34105
2021-06-07,Materials,0.3118,0.0
2021-06-07,RealEstate,0.8555,0.6369
2021-06-07,Tech,0.74865,0.40726666666666667
2021-06-07,Utilities,0.8481,0.8481
2021-06-08,Comm,0.40185,0.42778
2021-06-08,Consumer,0.214325,0.36384
2021-06-08,Energy,0.3147333333333333,-0.51194
2021-06-08,Financials,0.32225000000000004,0.4022
2021-06-08,Healthcare,0.123475,0.14102
2021-06-08,Industrials,0.05063333333333333,0.343325
2021-06-08,Materials,0.12040000000000001,0.3118
2021-06-08,RealEstate,0.8555,0.8555
2021-06-08,Tech,0.3763,0.74865
2021-06-08,Utilities,0.2083,0.8481
2021-06-09,Comm,0.0,0.40185
2021-06-09,Consumer,0.11943333333333328,0.214325
2021-06-09,Energy,0.477,0.3147333333333333
2021-06-09,Financials,0.8241,0.32225000000000004
2021-06-09,Healthcare,0.0934,0.123475
2021-06-09,Industrials,0.14122500000000002,0.05063333333333333
2021-06-09,Materials,0.0,0.12040000000000001
2021-06-09,RealEstate,0.0,0.8555
2021-06-09,Tech,0.267675,0.3763
2021-06-09,Utilities,0.1366,0.2083
2021-06-10,Comm,0.08266,0.0
2021-06-10,Consumer,0.30238,0.11943333333333328
2021-06-10,Energy,0.17994,0.477
2021-06-10,Financials,0.23185,0.8241
2021-06-10,Healthcare,0.408375,0.0934
2021-06-10,Industrials,0.137475,0.14122500000000002
2021-06-10,Materials,0.0,0.0
2021-06-10,RealEstate,0.15928,0.0
2021-06-10,Tech,0.45615,0.267675
2021-06-10,Utilities,0.0,0.1366
2021-06-11,Comm,0.7014499999999999,0.08266
2021-06-11,Consumer,0.09534000000000001,0.30238
2021-06-11,Energy,0.019733333333333342,0.17994
2021-06-11,Financials,0.7598,0.23185
2021-06-11,Healthcare,0.1141,0.408375
2021-06-11,Industrials,0.7064666666666666,0.137475
2021-06-11,Materials,0.0,0.0
2021-06-11,RealEstate,0.0,0.15928
2021-06-11,Tech,0.053724999999999995,0.45615
2021-06-11,Utilities,0.0,0.0
2021-06-14,Comm,0.218125,0.7014499999999999
2021-06-14,Consumer,0.46264000000000005,0.09534000000000001
2021-06-14,Energy,0.52874,0.019733333333333342
2021-06-14,Financials,-0.050875000000000004,0.7598
2021-06-14,Healthcare,0.39893999999999996,0.1141
2021-06-14,Industrials,0.10606666666666666,0.7064666666666666
2021-06-14,Materials,0.33956666666666663,0.0
2021-06-14,RealEstate,-0.23835,0.0
2021-06-14,Tech,0.207625,0.053724999999999995
2021-06-14,Utilities,0.4313666666666667,0.0
2021-06-15,Comm,0.13555999999999999,0.218125
2021-06-15,Consumer,0.570575,0.46264000000000005
2021-06-15,Energy,0.4939,0.52874
2021-06-15,Financials,0.22324000000000002,-0.050875000000000004
2021-06-15,Healthcare,0.34886666666666666,0.39893999999999996
2021-06-15,Industrials,-0.04626666666666666,0.10606666666666666
2021-06-15,Materials,0.0,0.33956666666666663
2021-06-15,RealEstate,-0.148,-0.23835
2021-06-15,Tech,0.0,0.207625
2021-06-15,Utilities,0.6249,0.4313666666666667
2021-06-16,Comm,0.6297,0.13555999999999999
2021-06-16,Consumer,0.27412000000000003,0.570575
2021-06-16,Energy,0.47302,0.4939
2021-06-16,Financials,-0.003799999999999992,0.22324000000000002
2021-06-16,Healthcare,0.0,0.34886666666666666
2021-06-16,Industrials,0.3747666666666667,-0.04626666666666666
2021-06-16,Materials,0.0,0.0
2021-06-16,RealEstate,0.19733333333333333,-0.148
2021-06-16,Tech,0.4138,0.0
2021-06-16,Utilities,0.0,0.6249
2021-06-17,Comm,0.47669999999999996,0.6297
2021-06-17,Consumer,0.329,0.27412000000000003
2021-06-17,Energy,0.027549999999999963,0.47302
2021-06-17,Financials,0.25528,-0.003799999999999992
2021-06-17,Healthcare,0.038650000000000004,0.0
2021-06-17,Industrials,0.0,0.3747666666666667
2021-06-17,Materials,0.140025,0.0
2021-06-17,RealEstate,0.23835,0.19733333333333333
2021-06-17,Tech,-0.2608,0.4138
2021-06-17,Utilities,0.4019,0.0
2021-06-18,Comm,0.0,0.47669999999999996
2021-06-18,Consumer,0.56624,0.329
2021-06-18,Energy,0.253125,0.027549999999999963
2021-06-18,Financials,0.35324999999999995,0.25528
2021-06-18,Healthcare,0.2688333333333333,0.038650000000000004
2021-06-18,Industrials,0.1293,0.0
2021-06-18,Materials,0.19733333333333333,0.140025
2021-06-18,RealEstate,0.255,0.23835
2021-06-18,Tech,0.39905,-0.2608
2021-06-18,Utilities,0.0,0.4019
2021-06-21,Comm,0.49363333333333337,0.0
2021-06-21,Consumer,0.35808,0.56624
2021-06-21,Energy,0.23321999999999998,0.253125
2021-06-21,Financials,0.06564,0.35324999999999995
2021-06-21,Healthcare,0.7113499999999999,0.2688333333333333
2021-06-21,Industrials,0.6949,0.1293
2021-06-21,Materials,0.12726666666666667,0.19733333333333333
2021-06-21,RealEstate,0.255,0.255
2021-06-21,Tech,0.42469999999999997,0.39905
2021-06-21,Utilities,0.29855,0.0
2021-06-22,Comm,-0.24735,0.49363333333333337
2021-06-22,Consumer,0.00613999999999999,0.35808
2021-06-22,Energy,0.41905,0.23321999999999998
2021-06-22,Financials,-0.234675,0.06564
2021-06-22,Healthcare,0.148,0.7113499999999999
2021-06-22,Industrials,-0.13036666666666666,0.6949
2021-06-22,Materials,0.21075,0.12726666666666667
2021-06-22,RealEstate,-0.2023,0.255
2021-06-22,Tech,0.36273333333333335,0.42469999999999997
2021-06-22,Utilities,0.29855,0.29855
2021-06-23,Comm,-0.015474999999999989,-0.24735
2021-06-23,Consumer,0.42694,0.00613999999999999
2021-06-23,Energy,0.281225,0.41905
2021-06-23,Financials,0.33457499999999996,-0.234675
2021-06-23,Healthcare,0.31096666666666667,0.148
2021-06-23,Industrials,0.1468,-0.13036666666666666
2021-06-23,Materials,0.21075,0.21075
2021-06-23,RealEstate,-0.2023,-0.2023
2021-06-23,Tech,0.1801,0.36273333333333335
2021-06-23,Utilities,-0.09165000000000001,0.29855
2021-06-24,Comm,-0.12817499999999998,-0.015474999999999989
2021-06-24,Consumer,0.476,0.42694
2021-06-24,Energy,0.23679999999999998,0.281225
2021-06-24,Financials,0.6594800000000001,0.33457499999999996
2021-06-24,Healthcare,0.29286666666666666,0.31096666666666667
2021-06-24,Industrials,0.06743333333333333,0.1468
2021-06-24,Materials,0.098675,0.21075
2021-06-24,RealEstate,-0.1909,-0.2023
2021-06-24,Tech,0.49172499999999997,0.1801
2021-06-24,Utilities,0.7318,-0.09165000000000001
2021-06-25,Comm,0.12146666666666668,-0.12817499999999998
2021-06-25,Consumer,0.25194,0.476
2021-06-25,Energy,0.603,0.23679999999999998
2021-06-25,Financials,-0.21842499999999998,0.6594800000000001
2021-06-25,Healthcare,0.25556,0.29286666666666666
2021-06-25,Industrials,0.17223333333333332,0.06743333333333333
2021-06-25,Materials,0.21075,0.098675
2021-06-25,RealEstate,0.6767,-0.1909
2021-06-25,Tech,0.6060333333333333,0.49172499999999997
2021-06-25,Utilities,0.7096,0.7318
2021-06-28,Comm,0.550325,0.12146666666666668
2021-06-28,Consumer,0.5546,0.25194
2021-06-28,Energy,-0.060899999999999975,0.603
2021-06-28,Financials,0.14066,-0.21842499999999998
2021-06-28,Healthcare,0.4584333333333333,0.25556
2021-06-28,Industrials,0.7003,0.17223333333333332
2021-06-28,Materials,0.0,0.21075
2021-06-28,RealEstate,0.2023,0.6767
2021-06-28,Tech,0.431875,0.6060333333333333
2021-06-28,Utilities,0.5751666666666666,0.7096
2021-06-29,Comm,0.2202,0.550325
2021-06-29,Consumer,-0.15336,0.5546
2021-06-29,Energy,0.6456200000000001,-0.060899999999999975
2021-06-29,Financials,0.5675,0.14066
2021-06-29,Healthcare,-0.055150000000000005,0.4584333333333333
2021-06-29,Industrials,0.31272500000000003,0.7003
2021-06-29,Materials,0.0258,0.0
2021-06-29,RealEstate,0.0,0.2023
2021-06-29,Tech,0.567625,0.431875
2021-06-29,Utilities,0.29583333333333334,0.5751666666666666
2021-06-30,Comm,0.6152000000000001,0.2202
2021-06-30,Consumer,0.18568,-0.15336
2021-06-30,Energy,0.2603,0.6456200000000001
2021-06-30,Financials,0.37644,0.5675
2021-06-30,Healthcare,0.2827,-0.055150000000000005
2021-06-30,Industrials,0.15253333333333333,0.31272500000000003
2021-06-30,Materials,0.0258,0.0258
2021-06-30,RealEstate,0.0,0.0
2021-06-30,Tech,0.48573333333333335,0.567625
2021-06-30,Utilities,0.4939,0.29583333333333334
2021-07-01,Comm,0.028950000000000004,0.6152000000000001
2021-07-01,Consumer,0.37818,0.18568
2021-07-01,Energy,0.28559999999999997,0.2603
2021-07-01,Financials,0.317,0.37644
2021-07-01,Healthcare,0.296,0.2827
2021-07-01,Industrials,0.46943333333333337,0.15253333333333333
2021-07-01,Materials,0.06743333333333333,0.0258
2021-07-01,RealEstate,0.7125333333333334,0.0
2021-07-01,Tech,0.36219999999999997,0.48573333333333335
2021-07-01,Utilities,0.2732,0.4939
2021-07-02,Comm,0.0216,0.028950000000000004
2021-07-02,Consumer,0.429425,0.37818
2021-07-02,Energy,0.45620000000000005,0.28559999999999997
2021-07-02,Financials,0.237175,0.317
2021-07-02,Healthcare,0.62595,0.296
2021-07-02,Industrials,0.01896666666666667,0.46943333333333337
2021-07-02,Materials,0.296,0.06743333333333333
2021-07-02,RealEstate,0.61895,0.7125333333333334
2021-07-02,Tech,-0.1075,0.36219999999999997
2021-07-02,Utilities,0.2732,0.2732
2021-07-06,Comm,0.177225,0.0216
2021-07-06,Consumer,0.26671999999999996,0.429425
2021-07-06,Energy,-0.38326666666666664,0.45620000000000005
2021-07-06,Financials,-0.18145,0.237175
2021-07-06,Healthcare,0.2202,0.62595
2021-07-06,Industrials,0.0129,0.01896666666666667
2021-07-06,Materials,0.002600000000000005,0.296
2021-07-06,RealEstate,0.296,0.61895
2021-07-06,Tech,0.6490333333333334,-0.1075
2021-07-06,Utilities,0.36345,0.2732
2021-07-07,Comm,0.3295,0.177225
2021-07-07,Consumer,0.34418,0.26671999999999996
2021-07-07,Energy,-0.004239999999999999,-0.38326666666666664
2021-07-07,Financials,0.08805000000000004,-0.18145
2021-07-07,Healthcare,0.42085,0.2202
2021-07-07,Industrials,0.61705,0.0129
2021-07-07,Materials,0.0,0.002600000000000005
2021-07-07,RealEstate,0.3811,0.296
2021-07-07,Tech,0.43903333333333333,0.6490333333333334
2021-07-07,Utilities,0.296,0.36345
2021-07-08,Comm,0.19585000000000002,0.3295
2021-07-08,Consumer,0.0032199999999999785,0.34418
2021-07-08,Energy,0.08079999999999997,-0.004239999999999999
2021-07-08,Financials,0.19692500000000002,0.08805000000000004
2021-07-08,Healthcare,0.15294999999999997,0.42085
2021-07-08,Industrials,0.39185000000000003,0.61705
2021-07-08,Materials,-0.061099999999999995,0.0
2021-07-08,RealEstate,0.0,0.3811
2021-07-08,Tech,0.5467333333333334,0.43903333333333333
2021-07-08,Utilities,0.8658,0.296
2021-07-09,Comm,0.4595,0.19585000000000002
2021-07-09,Consumer,0.12126,0.0032199999999999785
2021-07-09,Energy,0.3519,0.08079999999999997
2021-07-09,Financials,0.64458,0.19692500000000002
2021-07-09,Healthcare,0.0,0.15294999999999997
2021-07-09,Industrials,0.156225,0.39185000000000003
2021-07-09,Materials,-0.061099999999999995,-0.061099999999999995
2021-07-09,RealEstate,-0.2732,0.0
2021-07-09,Tech,0.3675,0.5467333333333334
2021-07-09,Utilities,0.2732,0.8658
2021-07-12,Comm,0.18372000000000002,0.4595
2021-07-12,Consumer,0.25558000000000003,0.12126
2021-07-12,Energy,0.7929333333333334,0.3519
2021-07-12,Financials,0.47084000000000004,0.64458
2021-07-12,Healthcare,0.2423,0.0
2021-07-12,Industrials,0.33956666666666663,0.156225
2021-07-12,Materials,0.3818,-0.061099999999999995
2021-07-12,RealEstate,0.0,-0.2732
2021-07-12,Tech,0.3889,0.3675
2021-07-12,Utilities,0.24695,0.2732
2021-07-13,Comm,0.23346,0.18372000000000002
2021-07-13,Consumer,0.48254,0.25558000000000003
2021-07-13,Energy,-0.017724999999999998,0.7929333333333334
2021-07-13,Financials,0.76305,0.47084000000000004
2021-07-13,Healthcare,0.09866666666666667,0.2423
2021-07-13,Industrials,-0.1426,0.33956666666666663
2021-07-13,Materials,0.0,0.3818
2021-07-13,RealEstate,0.0,0.0
2021-07-13,Tech,0.32926666666666665,0.3889
2021-07-13,Utilities,0.10455,0.24695
2021-07-14,Comm,0.085,0.23346
2021-07-14,Consumer,0.12916,0.48254
2021-07-14,Energy,0.2732,-0.017724999999999998
2021-07-14,Financials,0.733025,0.76305
2021-07-14,Healthcare,0.4743,0.09866666666666667
2021-07-14,Industrials,0.1468,-0.1426
2021-07-14,Materials,0.0,0.0
2021-07-14,RealEstate,0.050575,0.0
2021-07-14,Tech,0.2218,0.32926666666666665
2021-07-14,Utilities,0.34,0.10455
2021-07-15,Comm,0.1497,0.085
2021-07-15,Consumer,0.22494,0.12916
2021-07-15,Energy,0.04915,0.2732
2021-07-15,Financials,0.32308000000000003,0.733025
2021-07-15,Healthcare,-0.1531,0.4743
2021-07-15,Industrials,0.0,0.1468
2021-07-15,Materials,0.20095,0.0
2021-07-15,RealEstate,0.0,0.050575
2021-07-15,Tech,0.011999999999999997,0.2218
2021-07-15,Utilities,-0.3182,0.34
2021-07-16,Comm,0.205625,0.1497
2021-07-16,Consumer,0.3738666666666666,0.22494
2021-07-16,Energy,0.08887999999999999,0.04915
2021-07-16,Financials,0.22824999999999995,0.32308000000000003
2021-07-16,Healthcare,0.6597,-0.1531
2021-07-16,Industrials,0.3753,0.0
2021-07-16,Materials,0.11333333333333334,0.20095
2021-07-16,RealEstate,0.0,0.0
2021-07-16,Tech,0.43925000000000003,0.011999999999999997
2021-07-16,Utilities,0.7119333333333334,-0.3182
2021-07-19,Comm,0.5093,0.205625
2021-07-19,Consumer,0.07084,0.3738666666666666
2021-07-19,Energy,0.05928000000000001,0.08887999999999999
2021-07-19,Financials,0.39402499999999996,0.22824999999999995
2021-07-19,Healthcare,0.173225,0.6597
2021-07-19,Industrials,0.146475,0.3753
2021-07-19,Materials,0.13956666666666664,0.11333333333333334
2021-07-19,RealEstate,-0.142975,0.0
2021-07-19,Tech,0.24324999999999997,0.43925000000000003
2021-07-19,Utilities,0.1304,0.7119333333333334
2021-07-20,Comm,0.3838333333333333,0.5093
2021-07-20,Consumer,0.10127499999999998,0.07084
2021-07-20,Energy,0.5639000000000001,0.05928000000000001
2021-07-20,Financials,0.58372,0.39402499999999996
2021-07-20,Healthcare,-0.025675,0.173225
2021-07-20,Industrials,0.0,0.146475
2021-07-20,Materials,0.13473333333333334,0.13956666666666664
2021-07-20,RealEstate,0.0,-0.142975
2021-07-20,Tech,0.195925,0.24324999999999997
2021-07-20,Utilities,0.1366,0.1304
2021-07-21,Comm,0.27385000000000004,0.3838333333333333
2021-07-21,Consumer,0.26326,0.10127499999999998
2021-07-21,Energy,0.63142,0.5639000000000001
2021-07-21,Financials,0.7239,0.58372
2021-07-21,Healthcare,0.0,-0.025675
2021-07-21,Industrials,0.28363333333333335,0.0
2021-07-21,Materials,-0.16463333333333333,0.13473333333333334
2021-07-21,RealEstate,0.0,0.0
2021-07-21,Tech,0.39075,0.195925
2021-07-21,Utilities,-0.1591,0.1366
2021-07-22,Comm,0.4623,0.27385000000000004
2021-07-22,Consumer,0.624075,0.26326
2021-07-22,Energy,0.15826,0.63142
2021-07-22,Financials,0.24903999999999998,0.7239
2021-07-22,Healthcare,-0.024825,0.0
2021-07-22,Industrials,0.26353333333333334,0.28363333333333335
2021-07-22,Materials,0.33805,-0.16463333333333333
2021-07-22,RealEstate,0.148,0.0
2021-07-22,Tech,0.22683333333333333,0.39075
2021-07-22,Utilities,0.3404,-0.1591
2021-07-23,Comm,0.27005,0.4623
2021-07-23,Consumer,0.4878,0.624075
2021-07-23,Energy,0.78325,0.15826
2021-07-23,Financials,0.2816,0.24903999999999998
2021-07-23,Healthcare,0.15293333333333334,-0.024825
2021-07-23,Industrials,0.5144666666666667,0.26353333333333334
2021-07-23,Materials,0.2294,0.33805
2021-07-23,RealEstate,0.148,0.148
2021-07-23,Tech,0.013499999999999998,0.22683333333333333
2021-07-23,Utilities,0.4979,0.3404
2021-07-26,Comm,0.03914999999999999,0.27005
2021-07-26,Consumer,0.421225,0.4878
2021-07-26,Energy,0.05265000000000003,0.78325
2021-07-26,Financials,0.1136,0.2816
2021-07-26,Healthcare,0.49163333333333337,0.15293333333333334
2021-07-26,Industrials,-0.31970000000000004,0.5144666666666667
2021-07-26,Materials,0.2114666666666667,0.2294
2021-07-26,RealEstate,0.743,0.148
2021-07-26,Tech,0.562,0.013499999999999998
2021-07-26,Utilities,0.661825,0.4979
2021-07-27,Comm,0.24080000000000001,0.03914999999999999
2021-07-27,Consumer,0.501425,0.421225
2021-07-27,Energy,0.0,0.05265000000000003
2021-07-27,Financials,0.6616500000000001,0.1136
2021-07-27,Healthcare,-0.24164999999999998,0.49163333333333337
2021-07-27,Industrials,0.4731666666666667,-0.31970000000000004
2021-07-27,Materials,0.33393333333333336,0.2114666666666667
2021-07-27,RealEstate,0.743,0.743
2021-07-27,Tech,0.13166666666666668,0.562
2021-07-27,Utilities,0.0,0.661825
2021-07-28,Comm,0.14135,0.24080000000000001
2021-07-28,Consumer,0.649025,0.501425
2021-07-28,Energy,0.4135,0.0
2021-07-28,Financials,0.29344000000000003,0.6616500000000001
2021-07-28,Healthcare,0.03197500000000003,-0.24164999999999998
2021-07-28,Industrials,0.52235,0.4731666666666667
2021-07-28,Materials,0.33393333333333336,0.33393333333333336
2021-07-28,RealEstate,0.148,0.743
2021-07-28,Tech,0.7345333333333333,0.13166666666666668
2021-07-28,Utilities,0.0,0.0
2021-07-29,Comm,0.6589,0.14135
2021-07-29,Consumer,0.43072,0.649025
2021-07-29,Energy,0.14684999999999998,0.4135
2021-07-29,Financials,0.42795,0.29344000000000003
2021-07-29,Healthcare,0.27881999999999996,0.03197500000000003
2021-07-29,Industrials,0.3281,0.52235
2021-07-29,Materials,0.2837,0.33393333333333336
2021-07-29,RealEstate,-0.11333333333333334,0.148
2021-07-29,Tech,0.2202,0.7345333333333333
2021-07-29,Utilities,0.16463333333333333,0.0
2021-07-30,Comm,0.07543333333333334,0.6589
2021-07-30,Consumer,0.0723,0.43072
2021-07-30,Energy,0.9240999999999999,0.14684999999999998
2021-07-30,Financials,-0.0772,0.42795
2021-07-30,Healthcare,0.42546666666666666,0.27881999999999996
2021-07-30,Industrials,0.5166333333333334,0.3281
2021-07-30,Materials,0.296,0.2837
2021-07-30,RealEstate,0.0,-0.11333333333333334
2021-07-30,Tech,0.4646,0.2202
2021-07-30,Utilities,0.0,0.16463333333333333
2021-08-02,Comm,0.29225,0.07543333333333334
2021-08-02,Consumer,0.43355,0.0723
2021-08-02,Energy,0.17628,0.9240999999999999
2021-08-02,Financials,0.62244,-0.0772
2021-08-02,Healthcare,0.40743999999999997,0.42546666666666666
2021-08-02,Industrials,0.3647,0.5166333333333334
2021-08-02,Materials,0.0,0.296
2021-08-02,RealEstate,0.17985,0.0
2021-08-02,Tech,0.44566666666666666,0.4646
2021-08-02,Utilities,-0.2263333333333333,0.0
2021-08-03,Comm,0.36795,0.29225
2021-08-03,Consumer,0.328025,0.43355
2021-08-03,Energy,0.456325,0.17628
2021-08-03,Financials,0.2251,0.62244
2021-08-03,Healthcare,0.47893333333333327,0.40743999999999997
2021-08-03,Industrials,0.2023,0.3647
2021-08-03,Materials,0.5673666666666667,0.0
2021-08-03,RealEstate,0.29295,0.17985
2021-08-03,Tech,0.6330666666666667,0.44566666666666666
2021-08-03,Utilities,0.0,-0.2263333333333333
2021-08-04,Comm,0.265675,0.36795
2021-08-04,Consumer,0.11295000000000001,0.328025
2021-08-04,Energy,0.0,0.456325
2021-08-04,Financials,0.20734,0.2251
2021-08-04,Healthcare,0.2931,0.47893333333333327
2021-08-04,Industrials,0.15796666666666667,0.2023
2021-08-04,Materials,0.0,0.5673666666666667
2021-08-04,RealEstate,0.0,0.29295
2021-08-04,Tech,-0.0064333333333333464,0.6330666666666667
2021-08-04,Utilities,0.2732,0.0
2021-08-05,Comm,0.149725,0.265675
2021-08-05,Consumer,0.55828,0.11295000000000001
2021-08-05,Energy,0.6875,0.0
2021-08-05,Financials,-0.29818,0.20734
2021-08-05,Healthcare,0.4280333333333333,0.2931
2021-08-05,Industrials,0.128025,0.15796666666666667
2021-08-05,Materials,0.0,0.0
2021-08-05,RealEstate,0.0,0.0
2021-08-05,Tech,0.401975,-0.0064333333333333464
2021-08-05,Utilities,0.25568,0.2732
2021-08-06,Comm,0.19445,0.149725
2021-08-06,Consumer,0.42125,0.55828
2021-08-06,Energy,0.09537499999999999,0.6875
2021-08-06,Financials,-0.021733333333333344,-0.29818
2021-08-06,Healthcare,0.09545,0.4280333333333333
2021-08-06,Industrials,0.0772,0.128025
2021-08-06,Materials,0.0,0.0
2021-08-06,RealEstate,0.19733333333333333,0.0
2021-08-06,Tech,0.315025,0.401975
2021-08-06,Utilities,0.41125,0.25568
2021-08-09,Comm,0.49901999999999996,0.19445
2021-08-09,Consumer,0.43022,0.42125
2021-08-09,Energy,-0.079375,0.09537499999999999
2021-08-09,Financials,0.49617500000000003,-0.021733333333333344
2021-08-09,Healthcare,0.3524,0.09545
2021-08-09,Industrials,0.40650000000000003,0.0772
2021-08-09,Materials,0.1406,0.0
2021-08-09,RealEstate,-0.05135,0.19733333333333333
2021-08-09,Tech,0.227975,0.315025
2021-08-09,Utilities,0.3525666666666667,0.41125
2021-08-10,Comm,0.074225,0.49901999999999996
2021-08-10,Consumer,0.252625,0.43022
2021-08-10,Energy,-0.43310000000000004,-0.079375
2021-08-10,Financials,0.3371,0.49617500000000003
2021-08-10,Healthcare,0.136125,0.3524
2021-08-10,Industrials,0.2589666666666667,0.40650000000000003
2021-08-10,Materials,0.2732,0.1406
2021-08-10,RealEstate,0.5818,-0.05135
2021-08-10,Tech,0.064,0.227975
2021-08-10,Utilities,0.2436,0.3525666666666667
2021-08-11,Comm,0.04900000000000001,0.074225
2021-08-11,Consumer,0.07625000000000001,0.252625
2021-08-11,Energy,0.362975,-0.43310000000000004
2021-08-11,Financials,0.268575,0.3371
2021-08-11,Healthcare,0.2871666666666667,0.136125
2021-08-11,Industrials,0.092,0.2589666666666667
2021-08-11,Materials,0.13424999999999998,0.2732
2021-08-11,RealEstate,0.4393,0.5818
2021-08-11,Tech,0.0,0.064
2021-08-11,Utilities,0.1366,0.2436
2021-08-12,Comm,0.54556,0.04900000000000001
2021-08-12,Consumer,0.23437999999999998,0.07625000000000001
2021-08-12,Energy,-0.11696,0.362975
2021-08-12,Financials,0.47618,0.268575
2021-08-12,Healthcare,0.31845,0.2871666666666667
2021-08-12,Industrials,0.0,0.092
2021-08-12,Materials,0.13396666666666665,0.13424999999999998
2021-08-12,RealEstate,0.296,0.4393
2021-08-12,Tech,0.6171,0.0
2021-08-12,Utilities,0.12055,0.1366
2021-08-13,Comm,0.4018,0.54556
2021-08-13,Consumer,0.8088799999999999,0.23437999999999998
2021-08-13,Energy,0.09866666666666667,-0.11696
2021-08-13,Financials,0.253575,0.47618
2021-08-13,Healthcare,0.1858,0.31845
2021-08-13,Industrials,-0.148,0.0
2021-08-13,Materials,0.2294,0.13396666666666665
2021-08-13,RealEstate,0.296,0.296
2021-08-13,Tech,0.060733333333333334,0.6171
2021-08-13,Utilities,0.38643333333333335,0.12055
2021-08-16,Comm,-0.3216,0.4018
2021-08-16,Consumer,0.41084,0.8088799999999999
2021-08-16,Energy,0.21328,0.09866666666666667
2021-08-16,Financials,0.2394,0.253575
2021-08-16,Healthcare,0.31252,0.1858
2021-08-16,Industrials,0.18134999999999998,-0.148
2021-08-16,Materials,0.04046,0.2294
2021-08-16,RealEstate,0.16799999999999998,0.296
2021-08-16,Tech,0.15253333333333333,0.060733333333333334
2021-08-16,Utilities,0.3094,0.38643333333333335
2021-08-17,Comm,0.159375,-0.3216
2021-08-17,Consumer,0.5182666666666667,0.41084
2021-08-17,Energy,-0.2823,0.21328
2021-08-17,Financials,0.182825,0.2394
2021-08-17,Healthcare,0.3073,0.31252
2021-08-17,Industrials,0.1858,0.18134999999999998
2021-08-17,Materials,0.35875,0.04046
2021-08-17,RealEstate,0.296,0.16799999999999998
2021-08-17,Tech,-0.06606000000000001,0.15253333333333333
2021-08-17,Utilities,0.296,0.3094
2021-08-18,Comm,0.12464999999999998,0.159375
2021-08-18,Consumer,0.22109999999999996,0.5182666666666667
2021-08-18,Energy,0.06202,-0.2823
2021-08-18,Financials,0.130925,0.182825
2021-08-18,Healthcare,0.436425,0.3073
2021-08-18,Industrials,-0.1212,0.1858
2021-08-18,Materials,0.2049,0.35875
2021-08-18,RealEstate,0.5485,0.296
2021-08-18,Tech,0.5912,-0.06606000000000001
2021-08-18,Utilities,0.296,0.296
2021-08-19,Comm,0.33515,0.12464999999999998
2021-08-19,Consumer,0.5450666666666667,0.22109999999999996
2021-08-19,Energy,0.19567500000000002,0.06202
2021-08-19,Financials,0.44789999999999996,0.130925
2021-08-19,Healthcare,0.07144999999999999,0.436425
2021-08-19,Industrials,0.21075,-0.1212
2021-08-19,Materials,-0.05103333333333334,0.2049
2021-08-19,RealEstate,0.25,0.5485
2021-08-19,Tech,0.27880000000000005,0.5912
2021-08-19,Utilities,0.296,0.296
2021-08-20,Comm,0.25723333333333337,0.33515
2021-08-20,Consumer,0.3546,0.5450666666666667
2021-08-20,Energy,-0.5980333333333333,0.19567500000000002
2021-08-20,Financials,-0.21989999999999998,0.44789999999999996
2021-08-20,Healthcare,0.17,0.07144999999999999
2021-08-20,Industrials,-0.523,0.21075
2021-08-20,Materials,0.02034999999999998,-0.05103333333333334
2021-08-20,RealEstate,0.296,0.25
2021-08-20,Tech,-0.37423333333333336,0.27880000000000005
2021-08-20,Utilities,0.5144333333333333,0.296
2021-08-23,Comm,0.3525,0.25723333333333337
2021-08-23,Consumer,0.0512,0.3546
2021-08-23,Energy,0.52102,-0.5980333333333333
2021-08-23,Financials,0.35991999999999996,-0.21989999999999998
2021-08-23,Healthcare,0.07967500000000001,0.17
2021-08-23,Industrials,0.4903666666666666,-0.523
2021-08-23,Materials,0.20980000000000001,0.02034999999999998
2021-08-23,RealEstate,-0.1027,0.296
2021-08-23,Tech,0.43825000000000003,-0.37423333333333336
2021-08-23,Utilities,-0.13599999999999998,0.5144333333333333
2021-08-24,Comm,0.3845,0.3525
2021-08-24,Consumer,0.1712,0.0512
2021-08-24,Energy,-0.03227500000000001,0.52102
2021-08-24,Financials,0.42715,0.35991999999999996
2021-08-24,Healthcare,0.52205,0.07967500000000001
2021-08-24,Industrials,0.3089,0.4903666666666666
2021-08-24,Materials,0.0,0.20980000000000001
2021-08-24,RealEstate,0.296,-0.1027
2021-08-24,Tech,0.2617,0.43825000000000003
2021-08-24,Utilities,-0.1827,-0.13599999999999998
2021-08-25,Comm,0.4404,0.3845
2021-08-25,Consumer,0.46372500000000005,0.1712
2021-08-25,Energy,0.1366,-0.03227500000000001
2021-08-25,Financials,0.3539333333333334,0.42715
2021-08-25,Healthcare,0.05234,0.52205
2021-08-25,Industrials,0.16463333333333333,0.3089
2021-08-25,Materials,0.0,0.0
2021-08-25,RealEstate,0.37739999999999996,0.296
2021-08-25,Tech,0.0683,0.2617
2021-08-25,Utilities,0.0116,-0.1827
2021-08-26,Comm,0.4111666666666667,0.4404
2021-08-26,Consumer,0.37808,0.46372500000000005
2021-08-26,Energy,0.0516,0.1366
2021-08-26,Financials,-0.14192,0.3539333333333334
2021-08-26,Healthcare,0.10957500000000003,0.05234
2021-08-26,Industrials,0.0,0.16463333333333333
2021-08-26,Materials,0.296,0.0
2021-08-26,RealEstate,0.37739999999999996,0.37739999999999996
2021-08-26,Tech,0.8311999999999999,0.0683
2021-08-26,Utilities,0.0116,0.0116
2021-08-27,Comm,0.724025,0.4111666666666667
2021-08-27,Consumer,0.32306666666666667,0.37808
2021-08-27,Energy,-0.04825,0.0516
2021-08-27,Financials,0.4563,-0.14192
2021-08-27,Healthcare,0.419875,0.10957500000000003
2021-08-27,Industrials,0.82685,0.0
2021-08-27,Materials,0.24695,0.296
2021-08-27,RealEstate,0.10115,0.37739999999999996
2021-08-27,Tech,0.008749999999999994,0.8311999999999999
2021-08-27,Utilities,0.0,0.0116
2021-08-30,Comm,0.34005,0.724025
2021-08-30,Consumer,0.53316,0.32306666666666667
2021-08-30,Energy,-0.36778000000000005,-0.04825
2021-08-30,Financials,0.10115,0.4563
2021-08-30,Healthcare,0.38887499999999997,0.419875
2021-08-30,Industrials,0.16463333333333333,0.82685
2021-08-30,Materials,0.13935,0.24695
2021-08-30,RealEstate,-0.128,0.10115
2021-08-30,Tech,0.7636,0.008749999999999994
2021-08-30,Utilities,0.5337000000000001,0.0
2021-08-31,Comm,0.03815,0.34005
2021-08-31,Consumer,0.25498,0.53316
2021-08-31,Energy,0.13772,-0.36778000000000005
2021-08-31,Financials,0.392,0.10115
2021-08-31,Healthcare,-0.0903,0.38887499999999997
2021-08-31,Industrials,0.633,0.16463333333333333
2021-08-31,Materials,0.17,0.13935
2021-08-31,RealEstate,0.0,-0.128
2021-08-31,Tech,-0.03620000000000001,0.7636
2021-08-31,Utilities,-0.2732,0.5337000000000001
2021-09-01,Comm,0.03815,0.03815
2021-09-01,Consumer,0.5386599999999999,0.25498
2021-09-01,Energy,-0.42745,0.13772
2021-09-01,Financials,0.295775,0.392
2021-09-01,Healthcare,0.26605,-0.0903
2021-09-01,Industrials,0.0,0.633
2021-09-01,Materials,0.0,0.17
2021-09-01,RealEstate,0.2732,0.0
2021-09-01,Tech,0.10166666666666667,-0.03620000000000001
2021-09-01,Utilities,0.3664333333333334,-0.2732
2021-09-02,Comm,0.2563666666666667,0.03815
2021-09-02,Consumer,0.138625,0.5386599999999999
2021-09-02,Energy,0.74786,-0.42745
2021-09-02,Financials,0.48,0.295775
2021-09-02,Healthcare,0.431875,0.26605
2021-09-02,Industrials,0.12896666666666665,0.0
2021-09-02,Materials,0.0,0.0
2021-09-02,RealEstate,0.2732,0.2732
2021-09-02,Tech,0.539925,0.10166666666666667
2021-09-02,Utilities,0.29569999999999996,0.3664333333333334
2021-09-03,Comm,0.44593333333333335,0.2563666666666667
2021-09-03,Consumer,0.567275,0.138625
2021-09-03,Energy,0.089675,0.74786
2021-09-03,Financials,0.2749,0.48
2021-09-03,Healthcare,0.431875,0.431875
2021-09-03,Industrials,0.08233333333333331,0.12896666666666665
2021-09-03,Materials,0.0,0.0
2021-09-03,RealEstate,0.0516,0.2732
2021-09-03,Tech,0.27605,0.539925
2021-09-03,Utilities,0.0,0.29569999999999996
2021-09-07,Comm,0.6572666666666667,0.44593333333333335
2021-09-07,Consumer,0.5182,0.567275
2021-09-07,Energy,0.19268,0.089675
2021-09-07,Financials,0.08647999999999997,0.2749
2021-09-07,Healthcare,0.09620000000000002,0.431875
2021-09-07,Industrials,0.39097499999999996,0.08233333333333331
2021-09-07,Materials,0.4019,0.0
2021-09-07,RealEstate,0.32037499999999997,0.0516
2021-09-07,Tech,0.62366,0.27605
2021-09-07,Utilities,0.08975,0.0
2021-09-08,Comm,0.403925,0.6572666666666667
2021-09-08,Consumer,0.42847999999999997,0.5182
2021-09-08,Energy,0.391425,0.19268
2021-09-08,Financials,0.25382,0.08647999999999997
2021-09-08,Healthcare,-0.030080000000000003,0.09620000000000002
2021-09-08,Industrials,0.4678333333333333,0.39097499999999996
2021-09-08,Materials,-0.2594666666666667,0.4019
2021-09-08,RealEstate,0.10115,0.32037499999999997
2021-09-08,Tech,0.431525,0.62366
2021-09-08,Utilities,0.0,0.08975
2021-09-09,Comm,-0.22534,0.403925
2021-09-09,Consumer,0.18531999999999998,0.42847999999999997
2021-09-09,Energy,0.5195000000000001,0.391425
2021-09-09,Financials,-0.297,0.25382
2021-09-09,Healthcare,0.09616000000000004,-0.030080000000000003
2021-09-09,Industrials,0.0,0.4678333333333333
2021-09-09,Materials,-0.07694999999999999,-0.2594666666666667
2021-09-09,RealEstate,0.0,0.10115
2021-09-09,Tech,0.43818,0.431525
2021-09-09,Utilities,0.0,0.0
2021-09-10,Comm,0.21967499999999998,-0.22534
2021-09-10,Consumer,0.47262499999999996,0.18531999999999998
2021-09-10,Energy,-0.18980000000000002,0.5195000000000001
2021-09-10,Financials,-0.285875,-0.297
2021-09-10,Healthcare,-0.1591,0.09616000000000004
2021-09-10,Industrials,-0.0749,0.0
2021-09-10,Materials,0.0,-0.07694999999999999
2021-09-10,RealEstate,0.46745,0.0
2021-09-10,Tech,-0.16978,0.43818
2021-09-10,Utilities,0.42955,0.0
2021-09-13,Comm,0.4859,0.21967499999999998
2021-09-13,Consumer,0.54158,0.47262499999999996
2021-09-13,Energy,0.585675,-0.18980000000000002
2021-09-13,Financials,0.30835,-0.285875
2021-09-13,Healthcare,0.73094,-0.1591
2021-09-13,Industrials,0.2612333333333333,-0.0749
2021-09-13,Materials,0.08670000000000001,0.0
2021-09-13,RealEstate,0.0,0.46745
2021-09-13,Tech,0.26514,-0.16978
2021-09-13,Utilities,0.31245,0.42955
2021-09-14,Comm,0.3896,0.4859
2021-09-14,Consumer,0.51098,0.54158
2021-09-14,Energy,0.022499999999999992,0.585675
2021-09-14,Financials,0.10714000000000001,0.30835
2021-09-14,Healthcare,0.42974999999999997,0.73094
2021-09-14,Industrials,0.09866666666666667,0.2612333333333333
2021-09-14,Materials,0.12726666666666667,0.08670000000000001
2021-09-14,RealEstate,0.34040000000000004,0.0
2021-09-14,Tech,0.41074,0.26514
2021-09-14,Utilities,0.2294,0.31245
2021-09-15,Comm,-0.1608,0.3896
2021-09-15,Consumer,0.15910000000000002,0.51098
2021-09-15,Energy,-0.17875000000000002,0.022499999999999992
2021-09-15,Financials,0.53078,0.10714000000000001
2021-09-15,Healthcare,0.5145,0.42974999999999997
2021-09-15,Industrials,0.08789999999999999,0.09866666666666667
2021-09-15,Materials,0.12726666666666667,0.12726666666666667
2021-09-15,RealEstate,0.0,0.34040000000000004
2021-09-15,Tech,0.30025,0.41074
2021-09-15,Utilities,0.5488500000000001,0.2294
2021-09-16,Comm,0.1119,-0.1608
2021-09-16,Consumer,0.2081,0.15910000000000002
2021-09-16,Energy,-0.22693333333333332,-0.17875000000000002
2021-09-16,Financials,0.159,0.53078
2021-09-16,Healthcare,0.45552499999999996,0.5145
2021-09-16,Industrials,0.36755,0.08789999999999999
2021-09-16,Materials,0.26335,0.12726666666666667
2021-09-16,RealEstate,0.023500000000000004,0.0
2021-09-16,Tech,0.33444,0.30025
2021-09-16,Utilities,0.17020000000000002,0.5488500000000001
2021-09-17,Comm,0.34152499999999997,0.1119
2021-09-17,Consumer,0.43665,0.2081
2021-09-17,Energy,0.4576,-0.22693333333333332
2021-09-17,Financials,0.27718000000000004,0.159
2021-09-17,Healthcare,0.09772,0.45552499999999996
2021-09-17,Industrials,0.0,0.36755
2021-09-17,Materials,0.3062,0.26335
2021-09-17,RealEstate,0.0,0.023500000000000004
2021-09-17,Tech,0.07526000000000001,0.33444
2021-09-17,Utilities,-0.3182,0.17020000000000002
2021-09-20,Comm,0.70692,0.34152499999999997
2021-09-20,Consumer,0.41303999999999996,0.43665
2021-09-20,Energy,0.256075,0.4576
2021-09-20,Financials,-0.16558,0.27718000000000004
2021-09-20,Healthcare,0.08114000000000003,0.09772
2021-09-20,Industrials,-0.03637499999999999,0.0
2021-09-20,Materials,0.40475,0.3062
2021-09-20,RealEstate,0.146475,0.0
2021-09-20,Tech,0.8287599999999999,0.07526000000000001
2021-09-20,Utilities,0.2263,-0.3182
2021-09-21,Comm,0.13373333333333334,0.70692
2021-09-21,Consumer,0.18808,0.41303999999999996
2021-09-21,Energy,0.22388,0.256075
2021-09-21,Financials,0.09470000000000002,-0.16558
2021-09-21,Healthcare,0.15253333333333333,0.08114000000000003
2021-09-21,Industrials,-0.07543333333333334,-0.03637499999999999
2021-09-21,Materials,0.0,0.40475
2021-09-21,RealEstate,0.34,0.146475
2021-09-21,Tech,0.45538,0.8287599999999999
2021-09-21,Utilities,0.8481,0.2263
2021-09-22,Comm,0.07492,0.13373333333333334
2021-09-22,Consumer,0.49329999999999996,0.18808
2021-09-22,Energy,0.31174,0.22388
2021-09-22,Financials,0.189175,0.09470000000000002
2021-09-22,Healthcare,-0.07669999999999999,0.15253333333333333
2021-09-22,Industrials,0.1101,-0.07543333333333334
2021-09-22,Materials,0.07315999999999999,0.0
2021-09-22,RealEstate,0.2023,0.34
2021-09-22,Tech,0.21627999999999997,0.45538
2021-09-22,Utilities,0.8481,0.8481
2021-09-23,Comm,0.10781999999999999,0.07492
2021-09-23,Consumer,0.6545,0.49329999999999996
2021-09-23,Energy,0.45316,0.31174
2021-09-23,Financials,0.1114,0.189175
2021-09-23,Healthcare,0.288875,-0.07669999999999999
2021-09-23,Industrials,0.5342,0.1101
2021-09-23,Materials,0.0,0.07315999999999999
2021-09-23,RealEstate,0.0,0.2023
2021-09-23,Tech,-0.09934000000000001,0.21627999999999997
2021-09-23,Utilities,0.5022500000000001,0.8481
2021-09-24,Comm,0.26843333333333336,0.10781999999999999
2021-09-24,Consumer,-0.013325000000000031,0.6545
2021-09-24,Energy,0.1761,0.45316
2021-09-24,Financials,0.24102,0.1114
2021-09-24,Healthcare,0.1812,0.288875
2021-09-24,Industrials,0.042666666666666665,0.5342
2021-09-24,Materials,0.0,0.0
2021-09-24,RealEstate,0.0,0.0
2021-09-24,Tech,0.31955999999999996,-0.09934000000000001
2021-09-24,Utilities,0.5022500000000001,0.5022500000000001
2021-09-27,Comm,0.3127,0.26843333333333336
2021-09-27,Consumer,0.5786800000000001,-0.013325000000000031
2021-09-27,Energy,-0.08121999999999999,0.1761
2021-09-27,Financials,0.48978,0.24102
2021-09-27,Healthcare,0.48231999999999997,0.1812
2021-09-27,Industrials,0.14525,0.042666666666666665
2021-09-27,Materials,0.20095,0.0
2021-09-27,RealEstate,0.3743666666666667,0.0
2021-09-27,Tech,0.50454,0.31955999999999996
2021-09-27,Utilities,0.556775,0.5022500000000001
2021-09-28,Comm,0.43222000000000005,0.3127
2021-09-28,Consumer,0.3996,0.5786800000000001
2021-09-28,Energy,0.017479999999999985,-0.08121999999999999
2021-09-28,Financials,0.5522,0.48978
2021-09-28,Healthcare,0.31355999999999995,0.48231999999999997
2021-09-28,Industrials,0.7783,0.14525
2021-09-28,Materials,0.0,0.20095
2021-09-28,RealEstate,0.5267,0.3743666666666667
2021-09-28,Tech,0.37832,0.50454
2021-09-28,Utilities,-0.03423333333333333,0.556775
2021-09-29,Comm,-0.110975,0.43222000000000005
2021-09-29,Consumer,0.364775,0.3996
2021-09-29,Energy,0.4237,0.017479999999999985
2021-09-29,Financials,0.08895,0.5522
2021-09-29,Healthcare,0.4606,0.31355999999999995
2021-09-29,Industrials,0.21075,0.7783
2021-09-29,Materials,0.0,0.0
2021-09-29,RealEstate,0.0,0.5267
2021-09-29,Tech,0.58725,0.37832
2021-09-29,Utilities,0.5267,-0.03423333333333333
2021-09-30,Comm,0.03111999999999999,-0.110975
2021-09-30,Consumer,0.04012,0.364775
2021-09-30,Energy,0.28064,0.4237
2021-09-30,Financials,0.16696,0.08895
2021-09-30,Healthcare,0.16215,0.4606
2021-09-30,Industrials,0.2394,0.21075
2021-09-30,Materials,0.2083,0.0
2021-09-30,RealEstate,0.3021,0.0
2021-09-30,Tech,0.39346000000000003,0.58725
2021-09-30,Utilities,-0.22416666666666665,0.5267
2021-10-01,Comm,0.283875,0.03111999999999999
2021-10-01,Consumer,0.6352249999999999,0.04012
2021-10-01,Energy,0.66645,0.28064
2021-10-01,Financials,0.49533333333333335,0.16696
2021-10-01,Healthcare,0.3953,0.16215
2021-10-01,Industrials,0.21075,0.2394
2021-10-01,Materials,0.0,0.2083
2021-10-01,RealEstate,0.0,0.3021
2021-10-01,Tech,-0.15126,0.39346000000000003
2021-10-01,Utilities,0.0,-0.22416666666666665
2021-10-04,Comm,0.03148000000000002,0.283875
2021-10-04,Consumer,0.6745,0.6352249999999999
2021-10-04,Energy,0.4001333333333334,0.66645
2021-10-04,Financials,0.2122,0.49533333333333335
2021-10-04,Healthcare,0.59245,0.3953
2021-10-04,Industrials,0.123725,0.21075
2021-10-04,Materials,0.0,0.0
2021-10-04,RealEstate,0.0,0.0
2021-10-04,Tech,0.5644199999999999,-0.15126
2021-10-04,Utilities,-0.34735,0.0
2021-10-05,Comm,0.183275,0.03148000000000002
2021-10-05,Consumer,-0.07121999999999999,0.6745
2021-10-05,Energy,0.3657,0.4001333333333334
2021-10-05,Financials,0.31067999999999996,0.2122
2021-10-05,Healthcare,0.25915,0.59245
2021-10-05,Industrials,0.074,0.123725
2021-10-05,Materials,-0.00686666666666665,0.0
2021-10-05,RealEstate,0.0,0.0
2021-10-05,Tech,0.36188000000000003,0.5644199999999999
2021-10-05,Utilities,0.2732,-0.34735
2021-10-06,Comm,0.15995,0.183275
2021-10-06,Consumer,0.62442,-0.07121999999999999
2021-10-06,Energy,0.4847333333333334,0.3657
2021-10-06,Financials,0.08169999999999998,0.31067999999999996
2021-10-06,Healthcare,0.3873333333333333,0.25915
2021-10-06,Industrials,-0.7132333333333333,0.074
2021-10-06,Materials,0.28443333333333337,-0.00686666666666665
2021-10-06,RealEstate,0.4971,0.0
2021-10-06,Tech,0.473475,0.36188000000000003
2021-10-06,Utilities,0.2732,0.2732
2021-10-07,Comm,0.41702000000000006,0.15995
2021-10-07,Consumer,0.023375000000000007,0.62442
2021-10-07,Energy,0.07143999999999995,0.4847333333333334
2021-10-07,Financials,0.26890000000000003,0.08169999999999998
2021-10-07,Healthcare,0.5253333333333333,0.3873333333333333
2021-10-07,Industrials,0.0,-0.7132333333333333
2021-10-07,Materials,0.21230000000000002,0.28443333333333337
2021-10-07,RealEstate,0.0,0.4971
2021-10-07,Tech,0.029459999999999997,0.473475
2021-10-07,Utilities,0.4939,0.2732
2021-10-08,Comm,-0.1573,0.41702000000000006
2021-10-08,Consumer,0.007825000000000006,0.023375000000000007
2021-10-08,Energy,0.1936,0.07143999999999995
2021-10-08,Financials,0.3174,0.26890000000000003
2021-10-08,Healthcare,0.18746666666666667,0.5253333333333333
2021-10-08,Industrials,0.25715,0.0
2021-10-08,Materials,0.22199999999999998,0.21230000000000002
2021-10-08,RealEstate,0.50935,0.0
2021-10-08,Tech,0.23097999999999996,0.029459999999999997
2021-10-08,Utilities,0.4939,0.4939
2021-10-11,Comm,0.39358,-0.1573
2021-10-11,Consumer,0.49139999999999995,0.007825000000000006
2021-10-11,Energy,0.007525000000000004,0.1936
2021-10-11,Financials,0.73088,0.3174
2021-10-11,Healthcare,0.048275,0.18746666666666667
2021-10-11,Industrials,0.5391,0.25715
2021-10-11,Materials,0.22708,0.22199999999999998
2021-10-11,RealEstate,0.100475,0.50935
2021-10-11,Tech,0.2394666666666667,0.23097999999999996
2021-10-11,Utilities,0.36236,0.4939
2021-10-12,Comm,0.6056,0.39358
2021-10-12,Consumer,0.4679,0.49139999999999995
2021-10-12,Energy,0.4704,0.007525000000000004
2021-10-12,Financials,0.082225,0.73088
2021-10-12,Healthcare,0.45074000000000003,0.048275
2021-10-12,Industrials,0.0,0.5391
2021-10-12,Materials,-0.6808,0.22708
2021-10-12,RealEstate,0.0,0.100475
2021-10-12,Tech,0.70782,0.2394666666666667
2021-10-12,Utilities,0.0,0.36236
2021-10-13,Comm,-0.11080000000000001,0.6056
2021-10-13,Consumer,0.2465,0.4679
2021-10-13,Energy,0.4219,0.4704
2021-10-13,Financials,0.53528,0.082225
2021-10-13,Healthcare,-0.05957500000000002,0.45074000000000003
2021-10-13,Industrials,0.137375,0.0
2021-10-13,Materials,0.14486666666666667,-0.6808
2021-10-13,RealEstate,0.6483,0.0
2021-10-13,Tech,0.39484,0.70782
2021-10-13,Utilities,-0.06589999999999999,0.0
2021-10-14,Comm,-0.0181,-0.11080000000000001
2021-10-14,Consumer,0.7336750000000001,0.2465
2021-10-14,Energy,0.43743333333333334,0.4219
2021-10-14,Financials,0.71052,0.53528
2021-10-14,Healthcare,0.0,-0.05957500000000002
2021-10-14,Industrials,0.4062333333333334,0.137375
2021-10-14,Materials,-0.21075,0.14486666666666667
2021-10-14,RealEstate,0.10873333333333335,0.6483
2021-10-14,Tech,0.454175,0.39484
2021-10-14,Utilities,-0.1027,-0.06589999999999999
2021-10-15,Comm,0.7875000000000001,-0.0181
2021-10-15,Consumer,0.5565333333333333,0.7336750000000001
2021-10-15,Energy,0.40952,0.43743333333333334
2021-10-15,Financials,0.7480399999999999,0.71052
2021-10-15,Healthcare,0.30222499999999997,0.0
2021-10-15,Industrials,0.443,0.4062333333333334
2021-10-15,Materials,0.148,-0.21075
2021-10-15,RealEstate,0.3028,0.10873333333333335
2021-10-15,Tech,0.3034,0.454175
2021-10-15,Utilities,0.2772,-0.1027
2021-10-18,Comm,0.4646333333333333,0.7875000000000001
2021-10-18,Consumer,0.39744999999999997,0.5565333333333333
2021-10-18,Energy,0.15458,0.40952
2021-10-18,Financials,0.13667999999999997,0.7480399999999999
2021-10-18,Healthcare,0.5590200000000001,0.30222499999999997
2021-10-18,Industrials,0.26365,0.443
2021-10-18,Materials,0.31245,0.148
2021-10-18,RealEstate,0.0,0.3028
2021-10-18,Tech,0.28637999999999997,0.3034
2021-10-18,Utilities,0.08895000000000003,0.2772
2021-10-19,Comm,0.17514999999999997,0.4646333333333333
2021-10-19,Consumer,0.385425,0.39744999999999997
2021-10-19,Energy,0.3414,0.15458
2021-10-19,Financials,-0.09476666666666668,0.13667999999999997
2021-10-19,Healthcare,0.27647499999999997,0.5590200000000001
2021-10-19,Industrials,0.255,0.26365
2021-10-19,Materials,0.0,0.31245
2021-10-19,RealEstate,0.1909,0.0
2021-10-19,Tech,0.63956,0.28637999999999997
2021-10-19,Utilities,0.07224,0.08895000000000003
2021-10-20,Comm,0.32135,0.17514999999999997
2021-10-20,Consumer,0.2955,0.385425
2021-10-20,Energy,0.2797,0.3414
2021-10-20,Financials,-0.034650000000000014,-0.09476666666666668
2021-10-20,Healthcare,0.30496,0.27647499999999997
2021-10-20,Industrials,-0.030799999999999994,0.255
2021-10-20,Materials,-0.044475,0.0
2021-10-20,RealEstate,0.125,0.1909
2021-10-20,Tech,0.3961,0.63956
2021-10-20,Utilities,0.4859,0.07224
2021-10-21,Comm,0.28578000000000003,0.32135
2021-10-21,Consumer,0.12938,0.2955
2021-10-21,Energy,0.14582499999999998,0.2797
2021-10-21,Financials,0.09708,-0.034650000000000014
2021-10-21,Healthcare,0.39956,0.30496
2021-10-21,Industrials,-0.012325000000000003,-0.030799999999999994
2021-10-21,Materials,0.23929999999999998,-0.044475
2021-10-21,RealEstate,0.164,0.125
2021-10-21,Tech,0.38439999999999996,0.3961
2021-10-21,Utilities,0.4859,0.4859
2021-10-22,Comm,0.278875,0.28578000000000003
2021-10-22,Consumer,0.34590000000000004,0.12938
2021-10-22,Energy,0.51368,0.14582499999999998
2021-10-22,Financials,-0.1583,0.09708
2021-10-22,Healthcare,0.1796,0.39956
2021-10-22,Industrials,0.2083,-0.012325000000000003
2021-10-22,Materials,0.13396666666666665,0.23929999999999998
2021-10-22,RealEstate,0.7184,0.164
2021-10-22,Tech,0.5659666666666666,0.38439999999999996
2021-10-22,Utilities,0.4094,0.4859
2021-10-25,Comm,0.5764750000000001,0.278875
2021-10-25,Consumer,0.542,0.34590000000000004
2021-10-25,Energy,0.597425,0.51368
2021-10-25,Financials,0.18402000000000002,-0.1583
2021-10-25,Healthcare,0.12145,0.1796
2021-10-25,Industrials,0.12440000000000001,0.2083
2021-10-25,Materials,0.1585,0.13396666666666665
2021-10-25,RealEstate,0.2023,0.7184
2021-10-25,Tech,-0.13319999999999999,0.5659666666666666
2021-10-25,Utilities,0.5243,0.4094
2021-10-26,Comm,0.39878,0.5764750000000001
2021-10-26,Consumer,0.10533999999999999,0.542
2021-10-26,Energy,0.5343,0.597425
2021-10-26,Financials,0.50205,0.18402000000000002
2021-10-26,Healthcare,0.014033333333333328,0.12145
2021-10-26,Industrials,0.422475,0.12440000000000001
2021-10-26,Materials,-0.07655,0.1585
2021-10-26,RealEstate,0.5028,0.2023
2021-10-26,Tech,0.47224000000000005,-0.13319999999999999
2021-10-26,Utilities,0.1366,0.5243
2021-10-27,Comm,0.35875,0.39878
2021-10-27,Consumer,0.39748,0.10533999999999999
2021-10-27,Energy,0.054459999999999995,0.5343
2021-10-27,Financials,0.30315000000000003,0.50205
2021-10-27,Healthcare,0.298375,0.014033333333333328
2021-10-27,Industrials,0.04137499999999998,0.422475
2021-10-27,Materials,0.26335,-0.07655
2021-10-27,RealEstate,0.2023,0.5028
2021-10-27,Tech,0.1739,0.47224000000000005
2021-10-27,Utilities,0.1468,0.1366
2021-10-28,Comm,0.25972500000000004,0.35875
2021-10-28,Consumer,0.1384,0.39748
2021-10-28,Energy,0.48825,0.054459999999999995
2021-10-28,Financials,0.61815,0.30315000000000003
2021-10-28,Healthcare,0.31492,0.298375
2021-10-28,Industrials,0.5605249999999999,0.04137499999999998
2021-10-28,Materials,0.08895,0.26335
2021-10-28,RealEstate,0.09126666666666666,0.2023
2021-10-28,Tech,0.49412,0.1739
2021-10-28,Utilities,-0.4118,0.1468
2021-10-29,Comm,0.512,0.25972500000000004
2021-10-29,Consumer,0.23657499999999998,0.1384
2021-10-29,Energy,0.6484,0.48825
2021-10-29,Financials,0.48967499999999997,0.61815
2021-10-29,Healthcare,0.21450000000000002,0.31492
2021-10-29,Industrials,0.11713333333333333,0.5605249999999999
2021-10-29,Materials,0.0,0.08895
2021-10-29,RealEstate,0.31283333333333335,0.09126666666666666
2021-10-29,Tech,0.30379999999999996,0.49412
2021-10-29,Utilities,0.2732,-0.4118
2021-11-01,Comm,-0.01056666666666665,0.512
2021-11-01,Consumer,0.2598,0.23657499999999998
2021-11-01,Energy,0.36785,0.6484
2021-11-01,Financials,0.514775,0.48967499999999997
2021-11-01,Healthcare,0.48196000000000006,0.21450000000000002
2021-11-01,Industrials,0.7351,0.11713333333333333
2021-11-01,Materials,0.0,0.0
2021-11-01,RealEstate,0.0,0.31283333333333335
2021-11-01,Tech,0.56088,0.30379999999999996
2021-11-01,Utilities,0.2936,0.2732
2021-11-02,Comm,0.4787,-0.01056666666666665
2021-11-02,Consumer,0.42577999999999994,0.2598
2021-11-02,Energy,-0.0069666666666666766,0.36785
2021-11-02,Financials,0.016225000000000003,0.514775
2021-11-02,Healthcare,0.49935,0.48196000000000006
2021-11-02,Industrials,0.1673,0.7351
2021-11-02,Materials,0.109525,0.0
2021-11-02,RealEstate,0.10115,0.0
2021-11-02,Tech,0.3552,0.56088
2021-11-02,Utilities,0.0,0.2936
2021-11-03,Comm,0.43708,0.4787
2021-11-03,Consumer,0.54976,0.42577999999999994
2021-11-03,Energy,-0.09505,-0.0069666666666666766
2021-11-03,Financials,0.38549999999999995,0.016225000000000003
2021-11-03,Healthcare,0.507525,0.49935
2021-11-03,Industrials,0.18076666666666666,0.1673
2021-11-03,Materials,0.109525,0.109525
2021-11-03,RealEstate,0.0,0.10115
2021-11-03,Tech,0.6993,0.3552
2021-11-03,Utilities,0.05103333333333334,0.0
2021-11-04,Comm,0.45118,0.43708
2021-11-04,Consumer,0.26604,0.54976
2021-11-04,Energy,0.5389,-0.09505
2021-11-04,Financials,0.4984,0.38549999999999995
2021-11-04,Healthcare,0.40712499999999996,0.507525
2021-11-04,Industrials,-0.05654999999999999,0.18076666666666666
2021-11-04,Materials,0.0,0.109525
2021-11-04,RealEstate,0.27253333333333335,0.0
2021-11-04,Tech,0.76034,0.6993
2021-11-04,Utilities,0.255,0.05103333333333334
2021-11-05,Comm,0.376175,0.45118
2021-11-05,Consumer,0.5105999999999999,0.26604
2021-11-05,Energy,0.5171333333333333,0.5389
2021-11-05,Financials,0.12786666666666666,0.4984
2021-11-05,Healthcare,0.7011,0.40712499999999996
2021-11-05,Industrials,0.4465,-0.05654999999999999
2021-11-05,Materials,0.16236666666666666,0.0
2021-11-05,RealEstate,0.27253333333333335,0.27253333333333335
2021-11-05,Tech,0.13566000000000003,0.76034
2021-11-05,Utilities,0.39225,0.255
2021-11-08,Comm,-0.23626,0.376175
2021-11-08,Consumer,0.38788,0.5105999999999999
2021-11-08,Energy,0.41432,0.5171333333333333
2021-11-08,Financials,-0.1075,0.12786666666666666
2021-11-08,Healthcare,0.41559999999999997,0.7011
2021-11-08,Industrials,0.016574999999999993,0.4465
2021-11-08,Materials,0.29675,0.16236666666666666
2021-11-08,RealEstate,0.03423333333333333,0.27253333333333335
2021-11-08,Tech,0.36418,0.13566000000000003
2021-11-08,Utilities,0.16463333333333333,0.39225
2021-11-09,Comm,0.131675,-0.23626
2021-11-09,Consumer,0.4343,0.38788
2021-11-09,Energy,0.192925,0.41432
2021-11-09,Financials,-0.008374999999999994,-0.1075
2021-11-09,Healthcare,0.4384666666666666,0.41559999999999997
2021-11-09,Industrials,0.479525,0.016574999999999993
2021-11-09,Materials,0.296,0.29675
2021-11-09,RealEstate,0.5207499999999999,0.03423333333333333
2021-11-09,Tech,0.42335,0.36418
2021-11-09,Utilities,0.018400000000000007,0.16463333333333333
2021-11-10,Comm,-0.055899999999999984,0.131675
2021-11-10,Consumer,0.17138000000000003,0.4343
2021-11-10,Energy,-0.06809999999999998,0.192925
2021-11-10,Financials,-0.04680000000000001,-0.008374999999999994
2021-11-10,Healthcare,-0.064625,0.4384666666666666
2021-11-10,Industrials,-0.06744999999999998,0.479525
2021-11-10,Materials,0.8611,0.296
2021-11-10,RealEstate,0.5207499999999999,0.5207499999999999
2021-11-10,Tech,0.33762,0.42335
2021-11-10,Utilities,0.0,0.018400000000000007
2021-11-11,Comm,0.2592,-0.055899999999999984
2021-11-11,Consumer,0.23521999999999998,0.17138000000000003
2021-11-11,Energy,0.11383999999999998,-0.06809999999999998
2021-11-11,Financials,0.05109999999999998,-0.04680000000000001
2021-11-11,Healthcare,0.2902,-0.064625
2021-11-11,Industrials,0.068475,-0.06744999999999998
2021-11-11,Materials,-0.2023,0.8611
2021-11-11,RealEstate,0.36673333333333336,0.5207499999999999
2021-11-11,Tech,0.52895,0.33762
2021-11-11,Utilities,-0.1468,0.0
2021-11-12,Comm,0.08552499999999999,0.2592
2021-11-12,Consumer,0.07508,0.23521999999999998
2021-11-12,Energy,0.11383999999999998,0.11383999999999998
2021-11-12,Financials,0.5423,0.05109999999999998
2021-11-12,Healthcare,0.287925,0.2902
2021-11-12,Industrials,0.40465,0.068475
2021-11-12,Materials,0.30393333333333333,-0.2023
2021-11-12,RealEstate,0.2294,0.36673333333333336
2021-11-12,Tech,0.015075000000000005,0.52895
2021-11-12,Utilities,0.4215,-0.1468
2021-11-15,Comm,0.33262,0.08552499999999999
2021-11-15,Consumer,0.26924000000000003,0.07508
2021-11-15,Energy,0.163875,0.11383999999999998
2021-11-15,Financials,0.52875,0.5423
2021-11-15,Healthcare,0.229725,0.287925
2021-11-15,Industrials,0.498375,0.40465
2021-11-15,Materials,0.31845,0.30393333333333333
2021-11-15,RealEstate,0.5273,0.2294
2021-11-15,Tech,0.519325,0.015075000000000005
2021-11-15,Utilities,0.6196333333333333,0.4215
2021-11-16,Comm,0.10295,0.33262
2021-11-16,Consumer,0.542325,0.26924000000000003
2021-11-16,Energy,0.007249999999999979,0.163875
2021-11-16,Financials,0.33398,0.52875
2021-11-16,Healthcare,0.41913333333333336,0.229725
2021-11-16,Industrials,0.366575,0.498375
2021-11-16,Materials,0.111925,0.31845
2021-11-16,RealEstate,0.0,0.5273
2021-11-16,Tech,0.95865,0.519325
2021-11-16,Utilities,0.11315,0.6196333333333333
2021-11-17,Comm,0.07543333333333334,0.10295
2021-11-17,Consumer,0.57218,0.542325
2021-11-17,Energy,0.23835,0.007249999999999979
2021-11-17,Financials,0.023419999999999996,0.33398
2021-11-17,Healthcare,0.7728666666666667,0.41913333333333336
2021-11-17,Industrials,0.25175000000000003,0.366575
2021-11-17,Materials,-0.0382,0.111925
2021-11-17,RealEstate,0.2023,0.0
2021-11-17,Tech,0.4599666666666667,0.95865
2021-11-17,Utilities,0.31845,0.11315
2021-11-18,Comm,0.25944,0.07543333333333334
2021-11-18,Consumer,0.5269199999999999,0.57218
2021-11-18,Energy,0.013819999999999994,0.23835
2021-11-18,Financials,0.54108,0.023419999999999996
2021-11-18,Healthcare,-0.09347500000000002,0.7728666666666667
2021-11-18,Industrials,0.06275,0.25175000000000003
2021-11-18,Materials,0.0,-0.0382
2021-11-18,RealEstate,0.48536666666666667,0.2023
2021-11-18,Tech,0.5699,0.4599666666666667
2021-11-18,Utilities,0.09866666666666667,0.31845
2021-11-19,Comm,0.190775,0.25944
2021-11-19,Consumer,0.31454,0.5269199999999999
2021-11-19,Energy,0.20156666666666667,0.013819999999999994
2021-11-19,Financials,0.3916,0.54108
2021-11-19,Healthcare,0.2966,-0.09347500000000002
2021-11-19,Industrials,-0.16555,0.06275
2021-11-19,Materials,0.0,0.0
2021-11-19,RealEstate,0.48536666666666667,0.48536666666666667
2021-11-19,Tech,0.364725,0.5699
2021-11-19,Utilities,0.29295,0.09866666666666667
2021-11-22,Comm,0.5768,0.190775
2021-11-22,Consumer,0.54576,0.31454
2021-11-22,Energy,0.02100000000000002,0.20156666666666667
2021-11-22,Financials,0.777425,0.3916
2021-11-22,Healthcare,0.014124999999999999,0.2966
2021-11-22,Industrials,0.0852,-0.16555
2021-11-22,Materials,0.40991999999999995,0.0
2021-11-22,RealEstate,0.4667,0.48536666666666667
2021-11-22,Tech,0.6378199999999999,0.364725
2021-11-22,Utilities,0.4936,0.29295
2021-11-23,Comm,0.27126,0.5768
2021-11-23,Consumer,0.372825,0.54576
2021-11-23,Energy,0.6469,0.02100000000000002
2021-11-23,Financials,0.01477500000000001,0.777425
2021-11-23,Healthcare,0.343275,0.014124999999999999
2021-11-23,Industrials,0.2288,0.0852
2021-11-23,Materials,0.12695,0.40991999999999995
2021-11-23,RealEstate,0.4667,0.4667
2021-11-23,Tech,0.49566,0.6378199999999999
2021-11-23,Utilities,0.0,0.4936
2021-11-24,Comm,0.288675,0.27126
2021-11-24,Consumer,0.20095,0.372825
2021-11-24,Energy,0.09106666666666667,0.6469
2021-11-24,Financials,0.059349999999999986,0.01477500000000001
2021-11-24,Healthcare,-0.06769999999999997,0.343275
2021-11-24,Industrials,0.0,0.2288
2021-11-24,Materials,0.0,0.12695
2021-11-24,RealEstate,0.296,0.4667
2021-11-24,Tech,0.08992499999999999,0.49566
2021-11-24,Utilities,0.34,0.0
2021-11-26,Comm,0.04157999999999999,0.288675
2021-11-26,Consumer,0.72628,0.20095
2021-11-26,Energy,-0.305975,0.09106666666666667
2021-11-26,Financials,-0.28514,0.059349999999999986
2021-11-26,Healthcare,-0.26626666666666665,-0.06769999999999997
2021-11-26,Industrials,-0.12824999999999998,0.0
2021-11-26,Materials,0.0,0.0
2021-11-26,RealEstate,0.6369,0.296
2021-11-26,Tech,0.06586666666666667,0.08992499999999999
2021-11-26,Utilities,0.34,0.34
2021-11-29,Comm,-0.12613333333333335,0.04157999999999999
2021-11-29,Consumer,0.05995999999999999,0.72628
2021-11-29,Energy,0.093525,-0.305975
2021-11-29,Financials,0.08782499999999999,-0.28514
2021-11-29,Healthcare,0.46925,-0.26626666666666665
2021-11-29,Industrials,0.025325,-0.12824999999999998
2021-11-29,Materials,0.0,0.0
2021-11-29,RealEstate,0.156225,0.6369
2021-11-29,Tech,0.55176,0.06586666666666667
2021-11-29,Utilities,0.7351,0.34
2021-11-30,Comm,0.286,-0.12613333333333335
2021-11-30,Consumer,0.22575,0.05995999999999999
2021-11-30,Energy,-0.008050000000000002,0.093525
2021-11-30,Financials,0.542525,0.08782499999999999
2021-11-30,Healthcare,0.2873,0.46925
2021-11-30,Industrials,0.30995,0.025325
2021-11-30,Materials,0.3021,0.0
2021-11-30,RealEstate,0.0,0.156225
2021-11-30,Tech,0.35603999999999997,0.55176
2021-11-30,Utilities,0.5594,0.7351
2021-12-01,Comm,0.42242500000000005,0.286
2021-12-01,Consumer,-0.3519,0.22575
2021-12-01,Energy,0.3114,-0.008050000000000002
2021-12-01,Financials,-0.1147,0.542525
2021-12-01,Healthcare,-0.046599999999999975,0.2873
2021-12-01,Industrials,-0.2152333333333333,0.30995
2021-12-01,Materials,-0.5994,0.3021
2021-12-01,RealEstate,0.10115,0.0
2021-12-01,Tech,0.06262000000000001,0.35603999999999997
2021-12-01,Utilities,0.09106666666666667,0.5594
2021-12-02,Comm,-0.07680000000000001,0.42242500000000005
2021-12-02,Consumer,0.574325,-0.3519
2021-12-02,Energy,0.51036,0.3114
2021-12-02,Financials,0.30448000000000003,-0.1147
2021-12-02,Healthcare,-0.0833,-0.046599999999999975
2021-12-02,Industrials,-0.008499999999999999,-0.2152333333333333
2021-12-02,Materials,-0.1763,-0.5994
2021-12-02,RealEstate,0.7071,0.10115
2021-12-02,Tech,0.51142,0.06262000000000001
2021-12-02,Utilities,0.0,0.09106666666666667
2021-12-03,Comm,-0.06835,-0.07680000000000001
2021-12-03,Consumer,0.729625,0.574325
2021-12-03,Energy,-0.012650000000000002,0.51036
2021-12-03,Financials,0.309325,0.30448000000000003
2021-12-03,Healthcare,0.402225,-0.0833
2021-12-03,Industrials,0.21230000000000002,-0.008499999999999999
2021-12-03,Materials,-0.10115,-0.1763
2021-12-03,RealEstate,-0.09106666666666667,0.7071
2021-12-03,Tech,0.716325,0.51142
2021-12-03,Utilities,0.5445,0.0
2021-12-06,Comm,0.235575,-0.06835
2021-12-06,Consumer,0.57696,0.729625
2021-12-06,Energy,0.20322,-0.012650000000000002
2021-12-06,Financials,0.30985,0.309325
2021-12-06,Healthcare,0.21364,0.402225
2021-12-06,Industrials,0.8070999999999999,0.21230000000000002
2021-12-06,Materials,0.23835,-0.10115
2021-12-06,RealEstate,0.06743333333333333,-0.09106666666666667
2021-12-06,Tech,0.71076,0.716325
2021-12-06,Utilities,0.2612333333333333,0.5445
2021-12-07,Comm,0.4738,0.235575
2021-12-07,Consumer,-0.09076,0.57696
2021-12-07,Energy,0.384575,0.20322
2021-12-07,Financials,0.15442,0.30985
2021-12-07,Healthcare,0.3538333333333334,0.21364
2021-12-07,Industrials,0.335475,0.8070999999999999
2021-12-07,Materials,0.0,0.23835
2021-12-07,RealEstate,0.0,0.06743333333333333
2021-12-07,Tech,0.8439399999999999,0.71076
2021-12-07,Utilities,0.60875,0.2612333333333333
2021-12-08,Comm,0.5085500000000001,0.4738
2021-12-08,Consumer,0.13985,-0.09076
2021-12-08,Energy,0.289,0.384575
2021-12-08,Financials,0.14006,0.15442
2021-12-08,Healthcare,0.30160000000000003,0.3538333333333334
2021-12-08,Industrials,0.09743333333333333,0.335475
2021-12-08,Materials,0.2202,0.0
2021-12-08,RealEstate,0.011499999999999996,0.0
2021-12-08,Tech,0.1397,0.8439399999999999
2021-12-08,Utilities,-0.2732,0.60875
2021-12-09,Comm,0.016399999999999998,0.5085500000000001
2021-12-09,Consumer,0.30062,0.13985
2021-12-09,Energy,0.07165,0.289
2021-12-09,Financials,0.5985199999999999,0.14006
2021-12-09,Healthcare,0.032,0.30160000000000003
2021-12-09,Industrials,0.27446666666666664,0.09743333333333333
2021-12-09,Materials,0.23471999999999998,0.2202
2021-12-09,RealEstate,0.3243,0.011499999999999996
2021-12-09,Tech,0.61944,0.1397
2021-12-09,Utilities,-0.2732,-0.2732
2021-12-10,Comm,0.23676,0.016399999999999998
2021-12-10,Consumer,0.09975,0.30062
2021-12-10,Energy,0.4491666666666667,0.07165
2021-12-10,Financials,0.078175,0.5985199999999999
2021-12-10,Healthcare,-0.041180000000000015,0.032
2021-12-10,Industrials,0.3235,0.27446666666666664
2021-12-10,Materials,0.34,0.23471999999999998
2021-12-10,RealEstate,0.18130000000000002,0.3243
2021-12-10,Tech,0.49796666666666667,0.61944
2021-12-10,Utilities,0.296,-0.2732
2021-12-13,Comm,0.06592,0.23676
2021-12-13,Consumer,0.22687999999999997,0.09975
2021-12-13,Energy,0.281525,0.4491666666666667
2021-12-13,Financials,0.72568,0.078175
2021-12-13,Healthcare,0.5015000000000001,-0.041180000000000015
2021-12-13,Industrials,-0.0499,0.3235
2021-12-13,Materials,0.0,0.34
2021-12-13,RealEstate,0.04046,0.18130000000000002
2021-12-13,Tech,0.42988,0.49796666666666667
2021-12-13,Utilities,0.5698,0.296
2021-12-14,Comm,0.19496666666666665,0.06592
2021-12-14,Consumer,0.37506,0.22687999999999997
2021-12-14,Energy,0.3961333333333334,0.281525
2021-12-14,Financials,0.23865,0.72568
2021-12-14,Healthcare,0.17472000000000001,0.5015000000000001
2021-12-14,Industrials,0.3795,-0.0499
2021-12-14,Materials,0.41273333333333334,0.0
2021-12-14,RealEstate,0.5714,0.04046
2021-12-14,Tech,0.11532,0.42988
2021-12-14,Utilities,0.1815,0.5698
2021-12-15,Comm,-0.09573333333333332,0.19496666666666665
2021-12-15,Consumer,0.7824199999999999,0.37506
2021-12-15,Energy,0.3333,0.3961333333333334
2021-12-15,Financials,0.16935,0.23865
2021-12-15,Healthcare,0.044575000000000004,0.17472000000000001
2021-12-15,Industrials,0.0,0.3795
2021-12-15,Materials,0.37063333333333337,0.41273333333333334
2021-12-15,RealEstate,0.2023,0.5714
2021-12-15,Tech,0.5760799999999999,0.11532
2021-12-15,Utilities,0.09106666666666667,0.1815
2021-12-16,Comm,0.37754,-0.09573333333333332
2021-12-16,Consumer,0.5695250000000001,0.7824199999999999
2021-12-16,Energy,0.08779999999999999,0.3333
2021-12-16,Financials,-0.0887,0.16935
2021-12-16,Healthcare,0.12394000000000001,0.044575000000000004
2021-12-16,Industrials,-0.30034,0.0
2021-12-16,Materials,0.08524999999999999,0.37063333333333337
2021-12-16,RealEstate,0.1531,0.2023
2021-12-16,Tech,0.44323999999999997,0.5760799999999999
2021-12-16,Utilities,0.0,0.09106666666666667
2021-12-17,Comm,0.07875,0.37754
2021-12-17,Consumer,0.46719999999999995,0.5695250000000001
2021-12-17,Energy,0.5163000000000001,0.08779999999999999
2021-12-17,Financials,0.19594,-0.0887
2021-12-17,Healthcare,0.6085333333333334,0.12394000000000001
2021-12-17,Industrials,0.038650000000000004,-0.30034
2021-12-17,Materials,0.0,0.08524999999999999
2021-12-17,RealEstate,0.25565,0.1531
2021-12-17,Tech,-0.26833999999999997,0.44323999999999997
2021-12-17,Utilities,0.0,0.0
2021-12-20,Comm,0.31672,0.07875
2021-12-20,Consumer,0.24686,0.46719999999999995
2021-12-20,Energy,-0.05499999999999997,0.5163000000000001
2021-12-20,Financials,-0.24063333333333334,0.19594
2021-12-20,Healthcare,0.31958,0.6085333333333334
2021-12-20,Industrials,-0.017200000000000003,0.038650000000000004
2021-12-20,Materials,0.054266666666666664,0.0
2021-12-20,RealEstate,0.26415,0.25565
2021-12-20,Tech,0.42942,-0.26833999999999997
2021-12-20,Utilities,0.3712,0.0
2021-12-21,Comm,0.18869999999999998,0.31672
2021-12-21,Consumer,0.4639,0.24686
2021-12-21,Energy,0.0,-0.05499999999999997
2021-12-21,Financials,0.5088,-0.24063333333333334
2021-12-21,Healthcare,0.4558400000000001,0.31958
2021-12-21,Industrials,0.41509999999999997,-0.017200000000000003
2021-12-21,Materials,0.054266666666666664,0.054266666666666664
2021-12-21,RealEstate,0.3446,0.26415
2021-12-21,Tech,0.48613999999999996,0.42942
2021-12-21,Utilities,0.5794,0.3712
2021-12-22,Comm,0.6880999999999999,0.18869999999999998
2021-12-22,Consumer,-0.038500000000000006,0.4639
2021-12-22,Energy,0.13396666666666665,0.0
2021-12-22,Financials,0.23052499999999998,0.5088
2021-12-22,Healthcare,0.0027750000000000274,0.4558400000000001
2021-12-22,Industrials,0.487775,0.41509999999999997
2021-12-22,Materials,0.054266666666666664,0.054266666666666664
2021-12-22,RealEstate,0.0,0.3446
2021-12-22,Tech,0.88778,0.48613999999999996
2021-12-22,Utilities,0.0,0.5794
2021-12-23,Comm,0.4257666666666666,0.6880999999999999
2021-12-23,Consumer,0.28624,-0.038500000000000006
2021-12-23,Energy,-0.09534000000000001,0.13396666666666665
2021-12-23,Financials,0.20271999999999996,0.23052499999999998
2021-12-23,Healthcare,0.44821999999999995,0.0027750000000000274
2021-12-23,Industrials,0.2235,0.487775
2021-12-23,Materials,0.24504,0.054266666666666664
2021-12-23,RealEstate,0.0,0.0
2021-12-23,Tech,0.42650000000000005,0.88778
2021-12-23,Utilities,0.4576,0.0
2021-12-27,Comm,0.9347,0.4257666666666666
2021-12-27,Consumer,0.51928,0.28624
2021-12-27,Energy,0.55165,-0.09534000000000001
2021-12-27,Financials,0.44106000000000006,0.20271999999999996
2021-12-27,Healthcare,0.749525,0.44821999999999995
2021-12-27,Industrials,0.4753,0.2235
2021-12-27,Materials,-0.1027,0.24504
2021-12-27,RealEstate,-0.0039000000000000146,0.0
2021-12-27,Tech,0.524075,0.42650000000000005
2021-12-27,Utilities,-0.2023,0.4576
2021-12-28,Comm,0.3978,0.9347
2021-12-28,Consumer,0.18917499999999998,0.51928
2021-12-28,Energy,-0.10483333333333333,0.55165
2021-12-28,Financials,0.12040000000000001,0.44106000000000006
2021-12-28,Healthcare,0.26399999999999996,0.749525
2021-12-28,Industrials,-0.16463333333333333,0.4753
2021-12-28,Materials,0.42135,-0.1027
2021-12-28,RealEstate,0.21075,-0.0039000000000000146
2021-12-28,Tech,0.7192000000000001,0.524075
2021-12-28,Utilities,-0.01056666666666665,-0.2023
2021-12-29,Comm,0.10115,0.3978
2021-12-29,Consumer,0.38875,0.18917499999999998
2021-12-29,Energy,0.32205,-0.10483333333333333
2021-12-29,Financials,-0.09898,0.12040000000000001
2021-12-29,Healthcare,0.6662,0.26399999999999996
2021-12-29,Industrials,0.2757,-0.16463333333333333
2021-12-29,Materials,0.6369,0.42135
2021-12-29,RealEstate,0.28446666666666665,0.21075
2021-12-29,Tech,0.4717666666666666,0.7192000000000001
2021-12-29,Utilities,0.3035666666666667,-0.01056666666666665
2021-12-30,Comm,0.49397500000000005,0.10115
2021-12-30,Consumer,0.32064,0.38875
2021-12-30,Energy,0.038275,0.32205
2021-12-30,Financials,0.62295,-0.09898
2021-12-30,Healthcare,0.539275,0.6662
2021-12-30,Industrials,0.105375,0.2757
2021-12-30,Materials,0.20095,0.6369
2021-12-30,RealEstate,0.3067333333333333,0.28446666666666665
2021-12-30,Tech,0.34459999999999996,0.4717666666666666
2021-12-30,Utilities,0.56015,0.3035666666666667
2021-12-31,Comm,0.2009,0.49397500000000005
2021-12-31,Consumer,0.06518,0.32064
2021-12-31,Energy,0.5715333333333333,0.038275
2021-12-31,Financials,0.30701999999999996,0.62295
2021-12-31,Healthcare,0.20775,0.539275
2021-12-31,Industrials,0.0,0.105375
2021-12-31,Materials,0.20095,0.20095
2021-12-31,RealEstate,0.04684999999999999,0.3067333333333333
2021-12-31,Tech,0.5755399999999999,0.34459999999999996
2021-12-31,Utilities,0.24695,0.56015
2022-01-03,Comm,-0.08365,0.2009
2022-01-03,Consumer,0.31222000000000005,0.06518
2022-01-03,Energy,0.30368,0.5715333333333333
2022-01-03,Financials,0.17277499999999998,0.30701999999999996
2022-01-03,Healthcare,0.59712,0.20775
2022-01-03,Industrials,0.32608000000000004,0.0
2022-01-03,Materials,0.10115,0.20095
2022-01-03,RealEstate,0.3327,0.04684999999999999
2022-01-03,Tech,0.784175,0.5755399999999999
2022-01-03,Utilities,0.05983333333333333,0.24695
2022-01-04,Comm,0.5530999999999999,-0.08365
2022-01-04,Consumer,0.18076666666666666,0.31222000000000005
2022-01-04,Energy,0.16904999999999998,0.30368
2022-01-04,Financials,0.45621999999999996,0.17277499999999998
2022-01-04,Healthcare,0.148375,0.59712
2022-01-04,Industrials,0.435775,0.32608000000000004
2022-01-04,Materials,0.0,0.10115
2022-01-04,RealEstate,0.46645000000000003,0.3327
2022-01-04,Tech,0.4913,0.784175
2022-01-04,Utilities,0.20779999999999998,0.05983333333333333
2022-01-05,Comm,0.401225,0.5530999999999999
2022-01-05,Consumer,0.22918,0.18076666666666666
2022-01-05,Energy,0.4540666666666667,0.16904999999999998
2022-01-05,Financials,0.318275,0.45621999999999996
2022-01-05,Healthcare,-0.011149999999999981,0.148375
2022-01-05,Industrials,0.32236666666666663,0.435775
2022-01-05,Materials,0.2732,0.0
2022-01-05,RealEstate,0.1468,0.46645000000000003
2022-01-05,Tech,0.60788,0.4913
2022-01-05,Utilities,0.20395000000000002,0.20779999999999998
2022-01-06,Comm,0.50346,0.401225
2022-01-06,Consumer,0.39269999999999994,0.22918
2022-01-06,Energy,0.2069,0.4540666666666667
2022-01-06,Financials,0.42002000000000006,0.318275
2022-01-06,Healthcare,0.41626,-0.011149999999999981
2022-01-06,Industrials,0.06743333333333333,0.32236666666666663
2022-01-06,Materials,0.27973333333333333,0.2732
2022-01-06,RealEstate,0.27423333333333333,0.1468
2022-01-06,Tech,0.31368,0.60788
2022-01-06,Utilities,0.296,0.20395000000000002
2022-01-07,Comm,0.33912,0.50346
2022-01-07,Consumer,0.14862,0.39269999999999994
2022-01-07,Energy,0.47384000000000004,0.2069
2022-01-07,Financials,0.14395000000000002,0.42002000000000006
2022-01-07,Healthcare,0.18346666666666667,0.41626
2022-01-07,Industrials,0.29752500000000004,0.06743333333333333
2022-01-07,Materials,0.4019,0.27973333333333333
2022-01-07,RealEstate,0.0,0.27423333333333333
2022-01-07,Tech,-0.03990000000000001,0.31368
2022-01-07,Utilities,0.14880000000000002,0.296
2022-01-10,Comm,0.34768,0.33912
2022-01-10,Consumer,0.38576,0.14862
2022-01-10,Energy,0.6705333333333333,0.47384000000000004
2022-01-10,Financials,0.50794,0.14395000000000002
2022-01-10,Healthcare,0.51868,0.18346666666666667
2022-01-10,Industrials,0.49850000000000005,0.29752500000000004
2022-01-10,Materials,0.148,0.4019
2022-01-10,RealEstate,0.31845,0.0
2022-01-10,Tech,0.27696,-0.03990000000000001
2022-01-10,Utilities,0.6503,0.14880000000000002
2022-01-11,Comm,0.39561999999999997,0.34768
2022-01-11,Consumer,0.12204000000000001,0.38576
2022-01-11,Energy,0.32816666666666666,0.6705333333333333
2022-01-11,Financials,0.33212,0.50794
2022-01-11,Healthcare,0.24766666666666667,0.51868
2022-01-11,Industrials,0.18827499999999997,0.49850000000000005
2022-01-11,Materials,0.0,0.148
2022-01-11,RealEstate,-0.1657666666666667,0.31845
2022-01-11,Tech,0.50946,0.27696
2022-01-11,Utilities,0.148,0.6503
2022-01-12,Comm,0.36016,0.39561999999999997
2022-01-12,Consumer,0.19934000000000002,0.12204000000000001
2022-01-12,Energy,0.614475,0.32816666666666666
2022-01-12,Financials,0.6258,0.33212
2022-01-12,Healthcare,0.32880000000000004,0.24766666666666667
2022-01-12,Industrials,0.540375,0.18827499999999997
2022-01-12,Materials,0.0,0.0
2022-01-12,RealEstate,0.024500000000000008,-0.1657666666666667
2022-01-12,Tech,0.72534,0.50946
2022-01-12,Utilities,0.0,0.148
2022-01-13,Comm,0.627025,0.36016
2022-01-13,Consumer,0.52088,0.19934000000000002
2022-01-13,Energy,0.46338,0.614475
2022-01-13,Financials,0.70172,0.6258
2022-01-13,Healthcare,0.30486,0.32880000000000004
2022-01-13,Industrials,0.0641,0.540375
2022-01-13,Materials,0.48845000000000005,0.0
2022-01-13,RealEstate,0.11333333333333334,0.024500000000000008
2022-01-13,Tech,0.671,0.72534
2022-01-13,Utilities,0.33370000000000005,0.0
2022-01-14,Comm,0.136,0.627025
2022-01-14,Consumer,-0.11042,0.52088
2022-01-14,Energy,0.384025,0.46338
2022-01-14,Financials,0.31307999999999997,0.70172
2022-01-14,Healthcare,0.41018,0.30486
2022-01-14,Industrials,0.494675,0.0641
2022-01-14,Materials,0.318,0.48845000000000005
2022-01-14,RealEstate,0.16463333333333333,0.11333333333333334
2022-01-14,Tech,0.54534,0.671
2022-01-14,Utilities,0.227425,0.33370000000000005
2022-01-18,Comm,-0.3288,0.136
2022-01-18,Consumer,0.0927,-0.11042
2022-01-18,Energy,0.7627200000000001,0.384025
2022-01-18,Financials,0.54486,0.31307999999999997
2022-01-18,Healthcare,0.65722,0.41018
2022-01-18,Industrials,0.1559,0.494675
2022-01-18,Materials,0.08856666666666668,0.318
2022-01-18,RealEstate,-0.100475,0.16463333333333333
2022-01-18,Tech,0.7962,0.54534
2022-01-18,Utilities,0.6049800000000001,0.227425
2022-01-19,Comm,0.41646,-0.3288
2022-01-19,Consumer,0.28872,0.0927
2022-01-19,Energy,0.2432,0.7627200000000001
2022-01-19,Financials,0.5488,0.54486
2022-01-19,Healthcare,0.20064,0.65722
2022-01-19,Industrials,0.4402333333333333,0.1559
2022-01-19,Materials,0.3237,0.08856666666666668
2022-01-19,RealEstate,0.4406666666666667,-0.100475
2022-01-19,Tech,0.86775,0.7962
2022-01-19,Utilities,0.29050000000000004,0.6049800000000001
2022-01-20,Comm,0.8035666666666668,0.41646
2022-01-20,Consumer,0.35758,0.28872
2022-01-20,Energy,0.457225,0.2432
2022-01-20,Financials,0.38658000000000003,0.5488
2022-01-20,Healthcare,0.05716,0.20064
2022-01-20,Industrials,0.4091,0.4402333333333333
2022-01-20,Materials,0.3005,0.3237
2022-01-20,RealEstate,0.41468,0.4406666666666667
2022-01-20,Tech,0.85602,0.86775
2022-01-20,Utilities,0.457925,0.29050000000000004
2022-01-21,Comm,0.526575,0.8035666666666668
2022-01-21,Consumer,0.31748000000000004,0.35758
2022-01-21,Energy,0.466275,0.457225
2022-01-21,Financials,0.6459400000000001,0.38658000000000003
2022-01-21,Healthcare,-0.223,0.05716
2022-01-21,Industrials,0.1101,0.4091
2022-01-21,Materials,0.203875,0.3005
2022-01-21,RealEstate,0.31415,0.41468
2022-01-21,Tech,0.5479499999999999,0.85602
2022-01-21,Utilities,0.37995999999999996,0.457925
2022-01-24,Comm,0.44514,0.526575
2022-01-24,Consumer,0.38445999999999997,0.31748000000000004
2022-01-24,Energy,0.14548,0.466275
2022-01-24,Financials,0.715875,0.6459400000000001
2022-01-24,Healthcare,0.07812,-0.223
2022-01-24,Industrials,0.50542,0.1101
2022-01-24,Materials,0.35851999999999995,0.203875
2022-01-24,RealEstate,0.12954,0.31415
2022-01-24,Tech,0.46596000000000004,0.5479499999999999
2022-01-24,Utilities,0.04829999999999999,0.37995999999999996
2022-01-25,Comm,0.011950000000000016,0.44514
2022-01-25,Consumer,0.27552,0.38445999999999997
2022-01-25,Energy,0.36105,0.14548
2022-01-25,Financials,0.74572,0.715875
2022-01-25,Healthcare,-0.238375,0.07812
2022-01-25,Industrials,0.30812,0.50542
2022-01-25,Materials,0.100475,0.35851999999999995
2022-01-25,RealEstate,0.4596,0.12954
2022-01-25,Tech,0.29344,0.46596000000000004
2022-01-25,Utilities,0.57535,0.04829999999999999
2022-01-26,Comm,0.54396,0.011950000000000016
2022-01-26,Consumer,0.284,0.27552
2022-01-26,Energy,0.6436,0.36105
2022-01-26,Financials,0.24047999999999997,0.74572
2022-01-26,Healthcare,0.479675,-0.238375
2022-01-26,Industrials,0.30434,0.30812
2022-01-26,Materials,0.06743333333333333,0.100475
2022-01-26,RealEstate,0.4404,0.4596
2022-01-26,Tech,0.70118,0.29344
2022-01-26,Utilities,0.3340666666666667,0.57535
2022-01-27,Comm,0.6205,0.54396
2022-01-27,Consumer,0.10242,0.284
2022-01-27,Energy,0.39964,0.6436
2022-01-27,Financials,0.72952,0.24047999999999997
2022-01-27,Healthcare,0.53,0.479675
2022-01-27,Industrials,0.456875,0.30434
2022-01-27,Materials,0.44846,0.06743333333333333
2022-01-27,RealEstate,0.55486,0.4404
2022-01-27,Tech,0.45475,0.70118
2022-01-27,Utilities,0.41712499999999997,0.3340666666666667
2022-01-28,Comm,-0.15094000000000002,0.6205
2022-01-28,Consumer,-0.047525,0.10242
2022-01-28,Energy,0.724225,0.39964
2022-01-28,Financials,0.55738,0.72952
2022-01-28,Healthcare,0.26374,0.53
2022-01-28,Industrials,0.50882,0.456875
2022-01-28,Materials,0.0,0.44846
2022-01-28,RealEstate,-0.05525000000000002,0.55486
2022-01-28,Tech,0.65868,0.45475
2022-01-28,Utilities,0.31544,0.41712499999999997
2022-01-31,Comm,0.3889,-0.15094000000000002
2022-01-31,Consumer,0.62252,-0.047525
2022-01-31,Energy,0.44189999999999996,0.724225
2022-01-31,Financials,0.21269999999999997,0.55738
2022-01-31,Healthcare,0.5724600000000001,0.26374
2022-01-31,Industrials,0.18416,0.50882
2022-01-31,Materials,-0.18316666666666667,0.0
2022-01-31,RealEstate,0.4279,-0.05525000000000002
2022-01-31,Tech,0.6315000000000001,0.65868
2022-01-31,Utilities,0.3412,0.31544
2022-02-01,Comm,0.18872,0.3889
2022-02-01,Consumer,-0.24245999999999998,0.62252
2022-02-01,Energy,0.473475,0.44189999999999996
2022-02-01,Financials,0.22056,0.21269999999999997
2022-02-01,Healthcare,0.16999999999999998,0.5724600000000001
2022-02-01,Industrials,-0.04354999999999998,0.18416
2022-02-01,Materials,0.4202333333333333,-0.18316666666666667
2022-02-01,RealEstate,0.5719,0.4279
2022-02-01,Tech,0.57012,0.6315000000000001
2022-02-01,Utilities,0.5656,0.3412
2022-02-02,Comm,0.35114,0.18872
2022-02-02,Consumer,0.045699999999999984,-0.24245999999999998
2022-02-02,Energy,0.5306599999999999,0.473475
2022-02-02,Financials,0.62174,0.22056
2022-02-02,Healthcare,0.2704,0.16999999999999998
2022-02-02,Industrials,0.32225,-0.04354999999999998
2022-02-02,Materials,0.13696666666666668,0.4202333333333333
2022-02-02,RealEstate,0.113925,0.5719
2022-02-02,Tech,0.76816,0.57012
2022-02-02,Utilities,0.4434,0.5656
2022-02-03,Comm,0.48694,0.35114
2022-02-03,Consumer,0.32994,0.045699999999999984
2022-02-03,Energy,0.23998,0.5306599999999999
2022-02-03,Financials,0.28764,0.62174
2022-02-03,Healthcare,0.23508,0.2704
2022-02-03,Industrials,0.23412500000000003,0.32225
2022-02-03,Materials,-0.1468,0.13696666666666668
2022-02-03,RealEstate,0.26335,0.113925
2022-02-03,Tech,0.41492000000000007,0.76816
2022-02-03,Utilities,0.5435,0.4434
2022-02-04,Comm,0.13113999999999998,0.48694
2022-02-04,Consumer,0.2992,0.32994
2022-02-04,Energy,0.19202,0.23998
2022-02-04,Financials,0.44952499999999995,0.28764
2022-02-04,Healthcare,-0.05264,0.23508
2022-02-04,Industrials,0.5405000000000001,0.23412500000000003
2022-02-04,Materials,0.17,-0.1468
2022-02-04,RealEstate,0.0,0.26335
2022-02-04,Tech,0.3438,0.41492000000000007
2022-02-04,Utilities,0.530325,0.5435
2022-02-07,Comm,0.5707800000000001,0.13113999999999998
2022-02-07,Consumer,0.4845,0.2992
2022-02-07,Energy,0.46353999999999995,0.19202
2022-02-07,Financials,-0.04212499999999998,0.44952499999999995
2022-02-07,Healthcare,0.738625,-0.05264
2022-02-07,Industrials,0.333525,0.5405000000000001
2022-02-07,Materials,0.1591,0.17
2022-02-07,RealEstate,0.156225,0.0
2022-02-07,Tech,0.23748,0.3438
2022-02-07,Utilities,0.31548,0.530325
2022-02-08,Comm,0.1877,0.5707800000000001
2022-02-08,Consumer,0.70362,0.4845
2022-02-08,Energy,0.877425,0.46353999999999995
2022-02-08,Financials,0.45346000000000003,-0.04212499999999998
2022-02-08,Healthcare,0.5261,0.738625
2022-02-08,Industrials,0.310075,0.333525
2022-02-08,Materials,0.38495,0.1591
2022-02-08,RealEstate,0.2779666666666667,0.156225
2022-02-08,Tech,0.79452,0.23748
2022-02-08,Utilities,0.5494666666666667,0.31548
2022-02-09,Comm,0.28868,0.1877
2022-02-09,Consumer,0.25460000000000005,0.70362
2022-02-09,Energy,0.449,0.877425
2022-02-09,Financials,0.4726,0.45346000000000003
2022-02-09,Healthcare,0.62824,0.5261
2022-02-09,Industrials,0.10115,0.310075
2022-02-09,Materials,0.20095,0.38495
2022-02-09,RealEstate,0.071,0.2779666666666667
2022-02-09,Tech,0.40872,0.79452
2022-02-09,Utilities,0.5905,0.5494666666666667
2022-02-10,Comm,0.712625,0.28868
2022-02-10,Consumer,0.46343999999999996,0.25460000000000005
2022-02-10,Energy,0.14216,0.449
2022-02-10,Financials,0.111975,0.4726
2022-02-10,Healthcare,-0.04735999999999998,0.62824
2022-02-10,Industrials,0.10411999999999999,0.10115
2022-02-10,Materials,-0.12040000000000001,0.20095
2022-02-10,RealEstate,0.3334,0.071
2022-02-10,Tech,0.34778000000000003,0.40872
2022-02-10,Utilities,0.44821999999999995,0.5905
2022-02-11,Comm,0.06476,0.712625
2022-02-11,Consumer,0.04246000000000001,0.46343999999999996
2022-02-11,Energy,0.6096666666666667,0.14216
2022-02-11,Financials,0.0073200000000000045,0.111975
2022-02-11,Healthcare,0.56026,-0.04735999999999998
2022-02-11,Industrials,0.20972,0.10411999999999999
2022-02-11,Materials,0.47875,-0.12040000000000001
2022-02-11,RealEstate,0.10115,0.3334
2022-02-11,Tech,0.0753,0.34778000000000003
2022-02-11,Utilities,0.25692,0.44821999999999995
2022-02-14,Comm,0.35853999999999997,0.06476
2022-02-14,Consumer,0.8229,0.04246000000000001
2022-02-14,Energy,0.5461,0.6096666666666667
2022-02-14,Financials,-0.08579999999999999,0.0073200000000000045
2022-02-14,Healthcare,-0.14656,0.56026
2022-02-14,Industrials,-0.42464999999999997,0.20972
2022-02-14,Materials,0.17,0.47875
2022-02-14,RealEstate,0.7006,0.10115
2022-02-14,Tech,0.30169999999999997,0.0753
2022-02-14,Utilities,0.4502,0.25692
2022-02-15,Comm,0.33555,0.35853999999999997
2022-02-15,Consumer,0.37588,0.8229
2022-02-15,Energy,0.29732,0.5461
2022-02-15,Financials,0.32538,-0.08579999999999999
2022-02-15,Healthcare,0.17725,-0.14656
2022-02-15,Industrials,0.13543333333333332,-0.42464999999999997
2022-02-15,Materials,0.0,0.17
2022-02-15,RealEstate,0.2779666666666667,0.7006
2022-02-15,Tech,0.59744,0.30169999999999997
2022-02-15,Utilities,0.35656,0.4502
2022-02-16,Comm,0.13486666666666666,0.33555
2022-02-16,Consumer,0.37898,0.37588
2022-02-16,Energy,0.5006,0.29732
2022-02-16,Financials,0.22563333333333335,0.32538
2022-02-16,Healthcare,0.5469999999999999,0.17725
2022-02-16,Industrials,0.0058,0.13543333333333332
2022-02-16,Materials,-0.04680000000000001,0.0
2022-02-16,RealEstate,0.32313333333333333,0.2779666666666667
2022-02-16,Tech,0.6834800000000001,0.59744
2022-02-16,Utilities,0.202825,0.35656
2022-02-17,Comm,0.3375,0.13486666666666666
2022-02-17,Consumer,0.23796,0.37898
2022-02-17,Energy,0.16335,0.5006
2022-02-17,Financials,-0.30834,0.22563333333333335
2022-02-17,Healthcare,0.2946,0.5469999999999999
2022-02-17,Industrials,0.23149999999999998,0.0058
2022-02-17,Materials,0.0,-0.04680000000000001
2022-02-17,RealEstate,0.12498000000000001,0.32313333333333333
2022-02-17,Tech,0.31976000000000004,0.6834800000000001
2022-02-17,Utilities,0.37176,0.202825
2022-02-18,Comm,0.0,0.3375
2022-02-18,Consumer,-0.0015199999999999992,0.23796
2022-02-18,Energy,-0.173925,0.16335
2022-02-18,Financials,0.17115999999999998,-0.30834
2022-02-18,Healthcare,0.38996000000000003,0.2946
2022-02-18,Industrials,0.048260000000000004,0.23149999999999998
2022-02-18,Materials,-0.23420000000000002,0.0
2022-02-18,RealEstate,-0.0593,0.12498000000000001
2022-02-18,Tech,0.42942,0.31976000000000004
2022-02-18,Utilities,0.0542,0.37176
2022-02-22,Comm,-0.08056666666666666,0.0
2022-02-22,Consumer,0.4025,-0.0015199999999999992
2022-02-22,Energy,0.440425,-0.173925
2022-02-22,Financials,-0.094775,0.17115999999999998
2022-02-22,Healthcare,0.29266000000000003,0.38996000000000003
2022-02-22,Industrials,0.370275,0.048260000000000004
2022-02-22,Materials,0.57435,-0.23420000000000002
2022-02-22,RealEstate,0.41675,-0.0593
2022-02-22,Tech,0.6633,0.42942
2022-02-22,Utilities,0.26017999999999997,0.0542
2022-02-23,Comm,-0.10242499999999999,-0.08056666666666666
2022-02-23,Consumer,0.07642000000000002,0.4025
2022-02-23,Energy,0.38100000000000006,0.440425
2022-02-23,Financials,-0.09945,-0.094775
2022-02-23,Healthcare,0.203875,0.29266000000000003
2022-02-23,Industrials,-0.06895,0.370275
2022-02-23,Materials,0.1702,0.57435
2022-02-23,RealEstate,0.20424000000000003,0.41675
2022-02-23,Tech,0.5481,0.6633
2022-02-23,Utilities,0.2822,0.26017999999999997
2022-02-24,Comm,-0.10703333333333333,-0.10242499999999999
2022-02-24,Consumer,0.10904,0.07642000000000002
2022-02-24,Energy,-0.2524,0.38100000000000006
2022-02-24,Financials,0.06577999999999998,-0.09945
2022-02-24,Healthcare,0.4224333333333334,0.203875
2022-02-24,Industrials,0.1621,-0.06895
2022-02-24,Materials,-0.296,0.1702
2022-02-24,RealEstate,0.5318666666666666,0.20424000000000003
2022-02-24,Tech,0.35026,0.5481
2022-02-24,Utilities,0.13342500000000002,0.2822
2022-02-25,Comm,0.100475,-0.10703333333333333
2022-02-25,Consumer,0.19664,0.10904
2022-02-25,Energy,0.56345,-0.2524
2022-02-25,Financials,-0.11522500000000001,0.06577999999999998
2022-02-25,Healthcare,-0.06364,0.4224333333333334
2022-02-25,Industrials,0.18892,0.1621
2022-02-25,Materials,0.0,-0.296
2022-02-25,RealEstate,0.172875,0.5318666666666666
2022-02-25,Tech,0.10660000000000003,0.35026
2022-02-25,Utilities,0.1591,0.13342500000000002
2022-02-28,Comm,0.467675,0.100475
2022-02-28,Consumer,0.7180799999999999,0.19664
2022-02-28,Energy,0.43064,0.56345
2022-02-28,Financials,0.05985000000000001,-0.11522500000000001
2022-02-28,Healthcare,0.6829666666666667,-0.06364
2022-02-28,Industrials,0.08675,0.18892
2022-02-28,Materials,0.0,0.0
2022-02-28,RealEstate,0.3887666666666667,0.172875
2022-02-28,Tech,0.5265000000000001,0.10660000000000003
2022-02-28,Utilities,0.4708666666666666,0.1591
2022-03-01,Comm,0.12160000000000001,0.467675
2022-03-01,Consumer,-0.029059999999999996,0.7180799999999999
2022-03-01,Energy,-0.0407,0.43064
2022-03-01,Financials,-0.11582499999999998,0.05985000000000001
2022-03-01,Healthcare,0.13713999999999998,0.6829666666666667
2022-03-01,Industrials,0.20685000000000003,0.08675
2022-03-01,Materials,0.32313333333333333,0.0
2022-03-01,RealEstate,0.050575,0.3887666666666667
2022-03-01,Tech,0.19139999999999996,0.5265000000000001
2022-03-01,Utilities,0.25595,0.4708666666666666
2022-03-02,Comm,0.5141,0.12160000000000001
2022-03-02,Consumer,0.5427799999999999,-0.029059999999999996
2022-03-02,Energy,0.68364,-0.0407
2022-03-02,Financials,0.41725,-0.11582499999999998
2022-03-02,Healthcare,0.171325,0.13713999999999998
2022-03-02,Industrials,0.22062500000000002,0.20685000000000003
2022-03-02,Materials,0.6705,0.32313333333333333
2022-03-02,RealEstate,0.13194,0.050575
2022-03-02,Tech,0.32105,0.19139999999999996
2022-03-02,Utilities,0.0,0.25595
2022-03-03,Comm,0.08782000000000001,0.5141
2022-03-03,Consumer,0.35312,0.5427799999999999
2022-03-03,Energy,0.5494399999999999,0.68364
2022-03-03,Financials,0.364375,0.41725
2022-03-03,Healthcare,-0.11720000000000003,0.171325
2022-03-03,Industrials,0.565175,0.22062500000000002
2022-03-03,Materials,0.0,0.6705
2022-03-03,RealEstate,0.30525,0.13194
2022-03-03,Tech,0.07626000000000001,0.32105
2022-03-03,Utilities,0.148,0.0
2022-03-04,Comm,0.13935,0.08782000000000001
2022-03-04,Consumer,0.38204000000000005,0.35312
2022-03-04,Energy,0.47304999999999997,0.5494399999999999
2022-03-04,Financials,0.2739,0.364375
2022-03-04,Healthcare,0.21231999999999998,-0.11720000000000003
2022-03-04,Industrials,0.28166,0.565175
2022-03-04,Materials,-0.05097499999999999,0.0
2022-03-04,RealEstate,0.7427,0.30525
2022-03-04,Tech,0.17365999999999998,0.07626000000000001
2022-03-04,Utilities,0.28415,0.148
2022-03-07,Comm,0.12430000000000002,0.13935
2022-03-07,Consumer,0.46482,0.38204000000000005
2022-03-07,Energy,0.05606,0.47304999999999997
2022-03-07,Financials,-0.07139999999999999,0.2739
2022-03-07,Healthcare,0.37766,0.21231999999999998
2022-03-07,Industrials,0.35625,0.28166
2022-03-07,Materials,0.056575,-0.05097499999999999
2022-03-07,RealEstate,0.2591666666666667,0.7427
2022-03-07,Tech,0.19786,0.17365999999999998
2022-03-07,Utilities,0.4298,0.28415
2022-03-08,Comm,0.07336666666666665,0.12430000000000002
2022-03-08,Consumer,0.39058000000000004,0.46482
2022-03-08,Energy,0.6502600000000001,0.05606
2022-03-08,Financials,0.36845,-0.07139999999999999
2022-03-08,Healthcare,-0.12342,0.37766
2022-03-08,Industrials,-0.08394,0.35625
2022-03-08,Materials,0.3177,0.056575
2022-03-08,RealEstate,0.17,0.2591666666666667
2022-03-08,Tech,0.6285999999999999,0.19786
2022-03-08,Utilities,-0.03260000000000002,0.4298
2022-03-09,Comm,0.16058,0.07336666666666665
2022-03-09,Consumer,0.2273,0.39058000000000004
2022-03-09,Energy,0.48222,0.6502600000000001
2022-03-09,Financials,0.37726,0.36845
2022-03-09,Healthcare,0.22718,-0.12342
2022-03-09,Industrials,0.34692,-0.08394
2022-03-09,Materials,0.09316666666666668,0.3177
2022-03-09,RealEstate,-0.05643333333333333,0.17
2022-03-09,Tech,0.5530999999999999,0.6285999999999999
2022-03-09,Utilities,0.0772,-0.03260000000000002
2022-03-10,Comm,0.279575,0.16058
2022-03-10,Consumer,0.29246,0.2273
2022-03-10,Energy,0.19982000000000003,0.48222
2022-03-10,Financials,0.04840000000000001,0.37726
2022-03-10,Healthcare,0.0669,0.22718
2022-03-10,Industrials,0.042720000000000015,0.34692
2022-03-10,Materials,0.21654,0.09316666666666668
2022-03-10,RealEstate,0.085,-0.05643333333333333
2022-03-10,Tech,0.85924,0.5530999999999999
2022-03-10,Utilities,0.07008,0.0772
2022-03-11,Comm,0.297,0.279575
2022-03-11,Consumer,0.35438000000000003,0.29246
2022-03-11,Energy,0.5571200000000001,0.19982000000000003
2022-03-11,Financials,0.12197499999999999,0.04840000000000001
2022-03-11,Healthcare,0.27348,0.0669
2022-03-11,Industrials,0.17732,0.042720000000000015
2022-03-11,Materials,0.2779666666666667,0.21654
2022-03-11,RealEstate,0.5682,0.085
2022-03-11,Tech,0.2448,0.85924
2022-03-11,Utilities,0.5574,0.07008
2022-03-14,Comm,0.4779333333333333,0.297
2022-03-14,Consumer,0.36218,0.35438000000000003
2022-03-14,Energy,0.6760200000000001,0.5571200000000001
2022-03-14,Financials,0.5673199999999999,0.12197499999999999
2022-03-14,Healthcare,0.360925,0.27348
2022-03-14,Industrials,0.40862,0.17732
2022-03-14,Materials,0.125,0.2779666666666667
2022-03-14,RealEstate,0.23288000000000003,0.5682
2022-03-14,Tech,0.67978,0.2448
2022-03-14,Utilities,0.193925,0.5574
2022-03-15,Comm,0.1984,0.4779333333333333
2022-03-15,Consumer,0.45252,0.36218
2022-03-15,Energy,0.51348,0.6760200000000001
2022-03-15,Financials,-0.053739999999999996,0.5673199999999999
2022-03-15,Healthcare,-0.14706000000000002,0.360925
2022-03-15,Industrials,0.583425,0.40862
2022-03-15,Materials,0.3902,0.125
2022-03-15,RealEstate,0.510325,0.23288000000000003
2022-03-15,Tech,0.5448799999999999,0.67978
2022-03-15,Utilities,0.23775000000000002,0.193925
2022-03-16,Comm,0.1366,0.1984
2022-03-16,Consumer,0.454,0.45252
2022-03-16,Energy,0.3679,0.51348
2022-03-16,Financials,0.6563666666666667,-0.053739999999999996
2022-03-16,Healthcare,0.06652,-0.14706000000000002
2022-03-16,Industrials,0.1456666666666667,0.583425
2022-03-16,Materials,0.4967,0.3902
2022-03-16,RealEstate,0.34505,0.510325
2022-03-16,Tech,0.71105,0.5448799999999999
2022-03-16,Utilities,0.228975,0.23775000000000002
2022-03-17,Comm,-0.010524999999999996,0.1366
2022-03-17,Consumer,0.03316000000000002,0.454
2022-03-17,Energy,0.7711749999999999,0.3679
2022-03-17,Financials,0.502675,0.6563666666666667
2022-03-17,Healthcare,-0.11103333333333336,0.06652
2022-03-17,Industrials,0.350775,0.1456666666666667
2022-03-17,Materials,0.17,0.4967
2022-03-17,RealEstate,0.0,0.34505
2022-03-17,Tech,0.32562,0.71105
2022-03-17,Utilities,0.27115,0.228975
2022-03-18,Comm,0.29354,-0.010524999999999996
2022-03-18,Consumer,0.3356,0.03316000000000002
2022-03-18,Energy,0.24834,0.7711749999999999
2022-03-18,Financials,0.1888,0.502675
2022-03-18,Healthcare,0.43756666666666666,-0.11103333333333336
2022-03-18,Industrials,0.18366666666666667,0.350775
2022-03-18,Materials,0.22512500000000002,0.17
2022-03-18,RealEstate,0.14006000000000002,0.0
2022-03-18,Tech,0.47526,0.32562
2022-03-18,Utilities,0.4019,0.27115
2022-03-21,Comm,0.23995,0.29354
2022-03-21,Consumer,0.60472,0.3356
2022-03-21,Energy,0.17906,0.24834
2022-03-21,Financials,0.012360000000000015,0.1888
2022-03-21,Healthcare,0.49101999999999996,0.43756666666666666
2022-03-21,Industrials,-0.16450000000000004,0.18366666666666667
2022-03-21,Materials,0.270475,0.22512500000000002
2022-03-21,RealEstate,0.26152000000000003,0.14006000000000002
2022-03-21,Tech,0.5021599999999999,0.47526
2022-03-21,Utilities,0.0465,0.4019
2022-03-22,Comm,-0.030866666666666653,0.23995
2022-03-22,Consumer,0.48150000000000004,0.60472
2022-03-22,Energy,0.7038599999999999,0.17906
2022-03-22,Financials,0.43085,0.012360000000000015
2022-03-22,Healthcare,-0.14317999999999997,0.49101999999999996
2022-03-22,Industrials,-0.44125,-0.16450000000000004
2022-03-22,Materials,0.14049999999999999,0.270475
2022-03-22,RealEstate,-0.00789999999999999,0.26152000000000003
2022-03-22,Tech,0.44051999999999997,0.5021599999999999
2022-03-22,Utilities,0.59625,0.0465
2022-03-23,Comm,0.283475,-0.030866666666666653
2022-03-23,Consumer,0.340675,0.48150000000000004
2022-03-23,Energy,0.11084000000000001,0.7038599999999999
2022-03-23,Financials,0.7031,0.43085
2022-03-23,Healthcare,0.22873333333333332,-0.14317999999999997
2022-03-23,Industrials,0.1875,-0.44125
2022-03-23,Materials,0.0,0.14049999999999999
2022-03-23,RealEstate,0.4404,-0.00789999999999999
2022-03-23,Tech,0.39615999999999996,0.44051999999999997
2022-03-23,Utilities,0.2732,0.59625
2022-03-24,Comm,0.297875,0.283475
2022-03-24,Consumer,-0.10714000000000001,0.340675
2022-03-24,Energy,0.6242000000000001,0.11084000000000001
2022-03-24,Financials,-0.06634999999999999,0.7031
2022-03-24,Healthcare,0.2077,0.22873333333333332
2022-03-24,Industrials,-0.12743333333333332,0.1875
2022-03-24,Materials,0.33185000000000003,0.0
2022-03-24,RealEstate,0.1858,0.4404
2022-03-24,Tech,0.80152,0.39615999999999996
2022-03-24,Utilities,0.2732,0.2732
2022-03-25,Comm,-0.5423,0.297875
2022-03-25,Consumer,0.34218000000000004,-0.10714000000000001
2022-03-25,Energy,0.7395799999999999,0.6242000000000001
2022-03-25,Financials,0.33849999999999997,-0.06634999999999999
2022-03-25,Healthcare,0.005433333333333327,0.2077
2022-03-25,Industrials,0.33204999999999996,-0.12743333333333332
2022-03-25,Materials,0.53345,0.33185000000000003
2022-03-25,RealEstate,0.21033333333333334,0.1858
2022-03-25,Tech,0.50674,0.80152
2022-03-25,Utilities,-0.0516,0.2732
2022-03-28,Comm,0.479925,-0.5423
2022-03-28,Consumer,0.6500999999999999,0.34218000000000004
2022-03-28,Energy,0.78024,0.7395799999999999
2022-03-28,Financials,0.03066,0.33849999999999997
2022-03-28,Healthcare,0.036025,0.005433333333333327
2022-03-28,Industrials,0.370475,0.33204999999999996
2022-03-28,Materials,0.4939,0.53345
2022-03-28,RealEstate,0.12060000000000003,0.21033333333333334
2022-03-28,Tech,0.84974,0.50674
2022-03-28,Utilities,0.5633666666666667,-0.0516
2022-03-29,Comm,0.235425,0.479925
2022-03-29,Consumer,0.28308,0.6500999999999999
2022-03-29,Energy,0.37028,0.78024
2022-03-29,Financials,0.053500000000000006,0.03066
2022-03-29,Healthcare,0.23302,0.036025
2022-03-29,Industrials,0.19342,0.370475
2022-03-29,Materials,-0.12386666666666667,0.4939
2022-03-29,RealEstate,0.33965,0.12060000000000003
2022-03-29,Tech,0.649675,0.84974
2022-03-29,Utilities,0.2423,0.5633666666666667
2022-03-30,Comm,0.20413333333333336,0.235425
2022-03-30,Consumer,0.30005,0.28308
2022-03-30,Energy,0.690375,0.37028
2022-03-30,Financials,0.33370000000000005,0.053500000000000006
2022-03-30,Healthcare,0.152975,0.23302
2022-03-30,Industrials,0.5287999999999999,0.19342
2022-03-30,Materials,0.11333333333333334,-0.12386666666666667
2022-03-30,RealEstate,0.6376333333333334,0.33965
2022-03-30,Tech,0.45953999999999995,0.649675
2022-03-30,Utilities,0.6808,0.2423
2022-03-31,Comm,0.44955,0.20413333333333336
2022-03-31,Consumer,0.24738,0.30005
2022-03-31,Energy,-0.07776000000000001,0.690375
2022-03-31,Financials,-0.0317,0.33370000000000005
2022-03-31,Healthcare,0.104075,0.152975
2022-03-31,Industrials,0.3225,0.5287999999999999
2022-03-31,Materials,0.4915333333333334,0.11333333333333334
2022-03-31,RealEstate,-0.034175,0.6376333333333334
2022-03-31,Tech,0.61048,0.45953999999999995
2022-03-31,Utilities,0.40025,0.6808
2022-04-01,Comm,0.16306666666666667,0.44955
2022-04-01,Consumer,0.17685,0.24738
2022-04-01,Energy,0.39344,-0.07776000000000001
2022-04-01,Financials,0.40665,-0.0317
2022-04-01,Healthcare,0.473725,0.104075
2022-04-01,Industrials,-0.08537499999999999,0.3225
2022-04-01,Materials,0.31806666666666666,0.4915333333333334
2022-04-01,RealEstate,0.41960000000000003,-0.034175
2022-04-01,Tech,0.5586800000000001,0.61048
2022-04-01,Utilities,0.7906,0.40025
2022-04-04,Comm,0.4888,0.16306666666666667
2022-04-04,Consumer,0.46824000000000005,0.17685
2022-04-04,Energy,0.44428,0.39344
2022-04-04,Financials,-0.077475,0.40665
2022-04-04,Healthcare,0.18966,0.473725
2022-04-04,Industrials,0.37286,-0.08537499999999999
2022-04-04,Materials,-0.016399999999999998,0.31806666666666666
2022-04-04,RealEstate,0.26234999999999997,0.41960000000000003
2022-04-04,Tech,0.5968600000000001,0.5586800000000001
2022-04-04,Utilities,0.1858,0.7906
2022-04-05,Comm,-0.012199999999999999,0.4888
2022-04-05,Consumer,0.061980000000000014,0.46824000000000005
2022-04-05,Energy,0.02903999999999999,0.44428
2022-04-05,Financials,0.46958,-0.077475
2022-04-05,Healthcare,0.42203999999999997,0.18966
2022-04-05,Industrials,0.10658000000000004,0.37286
2022-04-05,Materials,0.29235,-0.016399999999999998
2022-04-05,RealEstate,0.347,0.26234999999999997
2022-04-05,Tech,0.3819,0.5968600000000001
2022-04-05,Utilities,0.27115,0.1858
2022-04-06,Comm,0.1806,-0.012199999999999999
2022-04-06,Consumer,0.23148,0.061980000000000014
2022-04-06,Energy,0.43895,0.02903999999999999
2022-04-06,Financials,0.32682500000000003,0.46958
2022-04-06,Healthcare,0.13486666666666666,0.42203999999999997
2022-04-06,Industrials,0.524575,0.10658000000000004
2022-04-06,Materials,0.28097500000000003,0.29235
2022-04-06,RealEstate,0.38876666666666665,0.347
2022-04-06,Tech,0.65742,0.3819
2022-04-06,Utilities,0.49173333333333336,0.27115
2022-04-07,Comm,0.07744999999999999,0.1806
2022-04-07,Consumer,-0.10325999999999999,0.23148
2022-04-07,Energy,0.54075,0.43895
2022-04-07,Financials,0.28786,0.32682500000000003
2022-04-07,Healthcare,0.194575,0.13486666666666666
2022-04-07,Industrials,0.1543,0.524575
2022-04-07,Materials,0.148,0.28097500000000003
2022-04-07,RealEstate,0.09008,0.38876666666666665
2022-04-07,Tech,0.7928,0.65742
2022-04-07,Utilities,0.13996666666666666,0.49173333333333336
2022-04-08,Comm,0.46745,0.07744999999999999
2022-04-08,Consumer,0.37421999999999994,-0.10325999999999999
2022-04-08,Energy,0.831,0.54075
2022-04-08,Financials,0.19785999999999998,0.28786
2022-04-08,Healthcare,0.57184,0.194575
2022-04-08,Industrials,0.3202333333333333,0.1543
2022-04-08,Materials,0.0593,0.148
2022-04-08,RealEstate,0.09866666666666667,0.09008
2022-04-08,Tech,0.78,0.7928
2022-04-08,Utilities,0.13996666666666666,0.13996666666666666
2022-04-11,Comm,0.3102333333333333,0.46745
2022-04-11,Consumer,0.52796,0.37421999999999994
2022-04-11,Energy,0.849475,0.831
2022-04-11,Financials,0.11240000000000001,0.19785999999999998
2022-04-11,Healthcare,0.33592,0.57184
2022-04-11,Industrials,0.13182500000000003,0.3202333333333333
2022-04-11,Materials,0.63385,0.0593
2022-04-11,RealEstate,-0.06375,0.09866666666666667
2022-04-11,Tech,0.8428000000000001,0.78
2022-04-11,Utilities,0.34040000000000004,0.13996666666666666
2022-04-12,Comm,0.5846,0.3102333333333333
2022-04-12,Consumer,0.3086333333333333,0.52796
2022-04-12,Energy,0.5213599999999999,0.849475
2022-04-12,Financials,0.30779999999999996,0.11240000000000001
2022-04-12,Healthcare,0.32708000000000004,0.33592
2022-04-12,Industrials,0.014600000000000016,0.13182500000000003
2022-04-12,Materials,0.45740000000000003,0.63385
2022-04-12,RealEstate,0.42694,-0.06375
2022-04-12,Tech,0.13166,0.8428000000000001
2022-04-12,Utilities,0.284875,0.34040000000000004
2022-04-13,Comm,0.51675,0.5846
2022-04-13,Consumer,0.12320000000000002,0.3086333333333333
2022-04-13,Energy,0.777925,0.5213599999999999
2022-04-13,Financials,0.6199600000000001,0.30779999999999996
2022-04-13,Healthcare,0.01758000000000001,0.32708000000000004
2022-04-13,Industrials,0.09163333333333334,0.014600000000000016
2022-04-13,Materials,0.51375,0.45740000000000003
2022-04-13,RealEstate,-0.009199999999999986,0.42694
2022-04-13,Tech,0.47796000000000005,0.13166
2022-04-13,Utilities,0.0,0.284875
2022-04-14,Comm,0.030550000000000008,0.51675
2022-04-14,Consumer,0.22027999999999998,0.12320000000000002
2022-04-14,Energy,0.44855,0.777925
2022-04-14,Financials,0.76562,0.6199600000000001
2022-04-14,Healthcare,0.03192499999999998,0.01758000000000001
2022-04-14,Industrials,0.19063333333333332,0.09163333333333334
2022-04-14,Materials,0.31886000000000003,0.51375
2022-04-14,RealEstate,0.6468666666666667,-0.009199999999999986
2022-04-14,Tech,0.09436,0.47796000000000005
2022-04-14,Utilities,0.22555,0.0
2022-04-18,Comm,-0.057819999999999996,0.030550000000000008
2022-04-18,Consumer,0.38228,0.22027999999999998
2022-04-18,Energy,0.644325,0.44855
2022-04-18,Financials,0.63392,0.76562
2022-04-18,Healthcare,0.13486666666666666,0.03192499999999998
2022-04-18,Industrials,0.019674999999999998,0.19063333333333332
2022-04-18,Materials,0.22313999999999998,0.31886000000000003
2022-04-18,RealEstate,0.26203333333333334,0.6468666666666667
2022-04-18,Tech,0.31526,0.09436
2022-04-18,Utilities,0.5524,0.22555
2022-04-19,Comm,-0.031080000000000007,-0.057819999999999996
2022-04-19,Consumer,0.3205,0.38228
2022-04-19,Energy,0.43364,0.644325
2022-04-19,Financials,0.45587999999999995,0.63392
2022-04-19,Healthcare,0.15072000000000002,0.13486666666666666
2022-04-19,Industrials,0.27490000000000003,0.019674999999999998
2022-04-19,Materials,0.262175,0.22313999999999998
2022-04-19,RealEstate,-0.06055999999999999,0.26203333333333334
2022-04-19,Tech,0.50562,0.31526
2022-04-19,Utilities,0.2612666666666667,0.5524
2022-04-20,Comm,0.4210333333333333,-0.031080000000000007
2022-04-20,Consumer,0.10762000000000001,0.3205
2022-04-20,Energy,0.33766,0.43364
2022-04-20,Financials,0.14186,0.45587999999999995
2022-04-20,Healthcare,0.7205250000000001,0.15072000000000002
2022-04-20,Industrials,0.15352000000000002,0.27490000000000003
2022-04-20,Materials,0.5743333333333334,0.262175
2022-04-20,RealEstate,-0.02783333333333334,-0.06055999999999999
2022-04-20,Tech,0.6131,0.50562
2022-04-20,Utilities,0.0129,0.2612666666666667
2022-04-21,Comm,0.54895,0.4210333333333333
2022-04-21,Consumer,0.57336,0.10762000000000001
2022-04-21,Energy,0.695,0.33766
2022-04-21,Financials,-0.2278,0.14186
2022-04-21,Healthcare,0.36678,0.7205250000000001
2022-04-21,Industrials,0.384,0.15352000000000002
2022-04-21,Materials,0.30541999999999997,0.5743333333333334
2022-04-21,RealEstate,0.20470000000000002,-0.02783333333333334
2022-04-21,Tech,0.31928,0.6131
2022-04-21,Utilities,0.35044,0.0129
2022-04-22,Comm,0.204375,0.54895
2022-04-22,Consumer,0.52016,0.57336
2022-04-22,Energy,0.06790000000000002,0.695
2022-04-22,Financials,0.34158,-0.2278
2022-04-22,Healthcare,0.2675,0.36678
2022-04-22,Industrials,-0.15676,0.384
2022-04-22,Materials,0.3523,0.30541999999999997
2022-04-22,RealEstate,0.10115,0.20470000000000002
2022-04-22,Tech,0.12364,0.31928
2022-04-22,Utilities,0.32712,0.35044
2022-04-25,Comm,0.3617333333333333,0.204375
2022-04-25,Consumer,0.44645999999999997,0.52016
2022-04-25,Energy,0.5907199999999999,0.06790000000000002
2022-04-25,Financials,0.49468000000000006,0.34158
2022-04-25,Healthcare,0.8068799999999999,0.2675
2022-04-25,Industrials,0.46426,-0.15676
2022-04-25,Materials,0.39344,0.3523
2022-04-25,RealEstate,0.12487999999999999,0.10115
2022-04-25,Tech,0.5572,0.12364
2022-04-25,Utilities,0.538975,0.32712
2022-04-26,Comm,0.5524,0.3617333333333333
2022-04-26,Consumer,0.25348000000000004,0.44645999999999997
2022-04-26,Energy,0.5475,0.5907199999999999
2022-04-26,Financials,0.58534,0.49468000000000006
2022-04-26,Healthcare,-0.12974000000000002,0.8068799999999999
2022-04-26,Industrials,-0.26925999999999994,0.46426
2022-04-26,Materials,0.38975000000000004,0.39344
2022-04-26,RealEstate,0.0,0.12487999999999999
2022-04-26,Tech,0.5072,0.5572
2022-04-26,Utilities,0.3597,0.538975
2022-04-27,Comm,0.04809999999999999,0.5524
2022-04-27,Consumer,0.20112000000000002,0.25348000000000004
2022-04-27,Energy,0.77756,0.5475
2022-04-27,Financials,0.284175,0.58534
2022-04-27,Healthcare,0.38482,-0.12974000000000002
2022-04-27,Industrials,0.16426,-0.26925999999999994
2022-04-27,Materials,0.0,0.38975000000000004
2022-04-27,RealEstate,0.233975,0.0
2022-04-27,Tech,0.56792,0.5072
2022-04-27,Utilities,0.03816666666666666,0.3597
2022-04-28,Comm,0.23556,0.04809999999999999
2022-04-28,Consumer,0.3477,0.20112000000000002
2022-04-28,Energy,0.74534,0.77756
2022-04-28,Financials,0.17508,0.284175
2022-04-28,Healthcare,0.35578000000000004,0.38482
2022-04-28,Industrials,-0.044700000000000004,0.16426
2022-04-28,Materials,-0.09106666666666667,0.0
2022-04-28,RealEstate,0.5736,0.233975
2022-04-28,Tech,0.390425,0.56792
2022-04-28,Utilities,0.32236000000000004,0.03816666666666666
2022-04-29,Comm,0.4377,0.23556
2022-04-29,Consumer,0.4615,0.3477
2022-04-29,Energy,-0.0038599999999999967,0.74534
2022-04-29,Financials,0.4027333333333334,0.17508
2022-04-29,Healthcare,0.29678,0.35578000000000004
2022-04-29,Industrials,0.54194,-0.044700000000000004
2022-04-29,Materials,0.0,-0.09106666666666667
2022-04-29,RealEstate,0.34504999999999997,0.5736
2022-04-29,Tech,0.020180000000000003,0.390425
2022-04-29,Utilities,0.5730000000000001,0.32236000000000004
2022-05-02,Comm,0.27376,0.4377
2022-05-02,Consumer,0.31504000000000004,0.4615
2022-05-02,Energy,0.780875,-0.0038599999999999967
2022-05-02,Financials,0.516275,0.4027333333333334
2022-05-02,Healthcare,0.4523400000000001,0.29678
2022-05-02,Industrials,0.19299999999999998,0.54194
2022-05-02,Materials,0.0,0.0
2022-05-02,RealEstate,0.17020000000000002,0.34504999999999997
2022-05-02,Tech,0.30857999999999997,0.020180000000000003
2022-05-02,Utilities,0.6156666666666667,0.5730000000000001
2022-05-03,Comm,-0.049699999999999966,0.27376
2022-05-03,Consumer,0.33212,0.31504000000000004
2022-05-03,Energy,0.6009599999999999,0.780875
2022-05-03,Financials,0.13576000000000002,0.516275
2022-05-03,Healthcare,0.15284999999999999,0.4523400000000001
2022-05-03,Industrials,0.31345,0.19299999999999998
2022-05-03,Materials,-0.5859,0.0
2022-05-03,RealEstate,0.2553,0.17020000000000002
2022-05-03,Tech,0.47894000000000003,0.30857999999999997
2022-05-03,Utilities,0.54418,0.6156666666666667
2022-05-04,Comm,0.030050000000000007,-0.049699999999999966
2022-05-04,Consumer,0.27954,0.33212
2022-05-04,Energy,0.08937500000000001,0.6009599999999999
2022-05-04,Financials,0.0,0.13576000000000002
2022-05-04,Healthcare,0.050575,0.15284999999999999
2022-05-04,Industrials,0.05304,0.31345
2022-05-04,Materials,0.34425000000000006,-0.5859
2022-05-04,RealEstate,0.14375000000000002,0.2553
2022-05-04,Tech,-0.143475,0.47894000000000003
2022-05-04,Utilities,0.0030999999999999917,0.54418
2022-05-05,Comm,-0.047474999999999996,0.030050000000000007
2022-05-05,Consumer,0.026780000000000016,0.27954
2022-05-05,Energy,0.8295,0.08937500000000001
2022-05-05,Financials,0.20564,0.0
2022-05-05,Healthcare,0.19856000000000001,0.050575
2022-05-05,Industrials,-0.12794,0.05304
2022-05-05,Materials,0.38634999999999997,0.34425000000000006
2022-05-05,RealEstate,0.1858,0.14375000000000002
2022-05-05,Tech,0.34584,-0.143475
2022-05-05,Utilities,0.34341999999999995,0.0030999999999999917
2022-05-06,Comm,0.5318799999999999,-0.047474999999999996
2022-05-06,Consumer,0.25498,0.026780000000000016
2022-05-06,Energy,0.6399600000000001,0.8295
2022-05-06,Financials,-0.18722,0.20564
2022-05-06,Healthcare,0.0683,0.19856000000000001
2022-05-06,Industrials,0.1623333333333333,-0.12794
2022-05-06,Materials,0.2630666666666666,0.38634999999999997
2022-05-06,RealEstate,0.08333333333333333,0.1858
2022-05-06,Tech,0.19802000000000003,0.34584
2022-05-06,Utilities,0.27490000000000003,0.34341999999999995
2022-05-09,Comm,-0.22355999999999998,0.5318799999999999
2022-05-09,Consumer,0.48646,0.25498
2022-05-09,Energy,0.5724750000000001,0.6399600000000001
2022-05-09,Financials,0.04477500000000001,-0.18722
2022-05-09,Healthcare,0.26335,0.0683
2022-05-09,Industrials,0.19262,0.1623333333333333
2022-05-09,Materials,0.0,0.2630666666666666
2022-05-09,RealEstate,0.27106,0.08333333333333333
2022-05-09,Tech,0.22396,0.19802000000000003
2022-05-09,Utilities,0.362925,0.27490000000000003
2022-05-10,Comm,0.0481,-0.22355999999999998
2022-05-10,Consumer,0.43066000000000004,0.48646
2022-05-10,Energy,0.3121,0.5724750000000001
2022-05-10,Financials,0.32010000000000005,0.04477500000000001
2022-05-10,Healthcare,0.27392000000000005,0.26335
2022-05-10,Industrials,0.238625,0.19262
2022-05-10,Materials,0.49525,0.0
2022-05-10,RealEstate,0.11896,0.27106
2022-05-10,Tech,0.58538,0.22396
2022-05-10,Utilities,0.0,0.362925
2022-05-11,Comm,0.37646666666666667,0.0481
2022-05-11,Consumer,0.21159999999999995,0.43066000000000004
2022-05-11,Energy,0.820825,0.3121
2022-05-11,Financials,0.21408,0.32010000000000005
2022-05-11,Healthcare,-0.12426000000000001,0.27392000000000005
2022-05-11,Industrials,0.05833999999999998,0.238625
2022-05-11,Materials,0.0,0.49525
2022-05-11,RealEstate,0.02573333333333333,0.11896
2022-05-11,Tech,0.40537999999999996,0.58538
2022-05-11,Utilities,0.17556666666666665,0.0
2022-05-12,Comm,-0.07755,0.37646666666666667
2022-05-12,Consumer,-0.10552000000000002,0.21159999999999995
2022-05-12,Energy,0.45754,0.820825
2022-05-12,Financials,0.2313,0.21408
2022-05-12,Healthcare,0.06334,-0.12426000000000001
2022-05-12,Industrials,0.10089999999999999,0.05833999999999998
2022-05-12,Materials,0.525125,0.0
2022-05-12,RealEstate,0.3930666666666667,0.02573333333333333
2022-05-12,Tech,0.30022000000000004,0.40537999999999996
2022-05-12,Utilities,-0.15653333333333333,0.17556666666666665
2022-05-13,Comm,0.3199,-0.07755
2022-05-13,Consumer,0.09659999999999999,-0.10552000000000002
2022-05-13,Energy,0.60265,0.45754
2022-05-13,Financials,0.31582,0.2313
2022-05-13,Healthcare,-0.075875,0.06334
2022-05-13,Industrials,0.08455000000000001,0.10089999999999999
2022-05-13,Materials,0.31845,0.525125
2022-05-13,RealEstate,0.2023,0.3930666666666667
2022-05-13,Tech,0.47628000000000004,0.30022000000000004
2022-05-13,Utilities,0.5891,-0.15653333333333333
2022-05-16,Comm,-0.0038999999999999777,0.3199
2022-05-16,Consumer,0.24881999999999999,0.09659999999999999
2022-05-16,Energy,0.59188,0.60265
2022-05-16,Financials,0.08152,0.31582
2022-05-16,Healthcare,0.13557999999999998,-0.075875
2022-05-16,Industrials,0.16784000000000002,0.08455000000000001
2022-05-16,Materials,0.3612,0.31845
2022-05-16,RealEstate,0.201675,0.2023
2022-05-16,Tech,0.008599999999999986,0.47628000000000004
2022-05-16,Utilities,0.2732,0.5891
2022-05-17,Comm,0.17334,-0.0038999999999999777
2022-05-17,Consumer,0.4465,0.24881999999999999
2022-05-17,Energy,0.6093999999999999,0.59188
2022-05-17,Financials,0.16097999999999998,0.08152
2022-05-17,Healthcare,-0.14457499999999998,0.13557999999999998
2022-05-17,Industrials,0.12982,0.16784000000000002
2022-05-17,Materials,0.218425,0.3612
2022-05-17,RealEstate,0.58975,0.201675
2022-05-17,Tech,0.5224599999999999,0.008599999999999986
2022-05-17,Utilities,0.31206,0.2732
2022-05-18,Comm,-0.10846,0.17334
2022-05-18,Consumer,0.16478,0.4465
2022-05-18,Energy,0.50332,0.6093999999999999
2022-05-18,Financials,0.14320000000000002,0.16097999999999998
2022-05-18,Healthcare,0.3528,-0.14457499999999998
2022-05-18,Industrials,-0.029699999999999994,0.12982
2022-05-18,Materials,0.296,0.218425
2022-05-18,RealEstate,-0.12326666666666665,0.58975
2022-05-18,Tech,0.5677,0.5224599999999999
2022-05-18,Utilities,0.0,0.31206
2022-05-19,Comm,0.07273333333333332,-0.10846
2022-05-19,Consumer,0.27094,0.16478
2022-05-19,Energy,0.6983,0.50332
2022-05-19,Financials,0.39448,0.14320000000000002
2022-05-19,Healthcare,0.333175,0.3528
2022-05-19,Industrials,0.3683666666666667,-0.029699999999999994
2022-05-19,Materials,0.32256666666666667,0.296
2022-05-19,RealEstate,0.131675,-0.12326666666666665
2022-05-19,Tech,0.7321500000000001,0.5677
2022-05-19,Utilities,0.401,0.0
2022-05-20,Comm,0.1166,0.07273333333333332
2022-05-20,Consumer,0.5476,0.27094
2022-05-20,Energy,0.6593249999999999,0.6983
2022-05-20,Financials,0.364375,0.39448
2022-05-20,Healthcare,-0.08038,0.333175
2022-05-20,Industrials,0.5969666666666666,0.3683666666666667
2022-05-20,Materials,0.2612333333333333,0.32256666666666667
2022-05-20,RealEstate,-0.13512,0.131675
2022-05-20,Tech,0.64796,0.7321500000000001
2022-05-20,Utilities,0.28106666666666663,0.401
2022-05-23,Comm,0.16232500000000002,0.1166
2022-05-23,Consumer,0.20293999999999998,0.5476
2022-05-23,Energy,0.37336,0.6593249999999999
2022-05-23,Financials,-0.039999999999999994,0.364375
2022-05-23,Healthcare,0.40646000000000004,-0.08038
2022-05-23,Industrials,0.21205000000000002,0.5969666666666666
2022-05-23,Materials,0.40116666666666667,0.2612333333333333
2022-05-23,RealEstate,0.35338,-0.13512
2022-05-23,Tech,0.6256,0.64796
2022-05-23,Utilities,0.36012500000000003,0.28106666666666663
2022-05-24,Comm,0.2192,0.16232500000000002
2022-05-24,Consumer,0.51144,0.20293999999999998
2022-05-24,Energy,0.5613400000000001,0.37336
2022-05-24,Financials,0.6011,-0.039999999999999994
2022-05-24,Healthcare,0.055224999999999996,0.40646000000000004
2022-05-24,Industrials,0.5848666666666666,0.21205000000000002
2022-05-24,Materials,-0.14200000000000002,0.40116666666666667
2022-05-24,RealEstate,0.3995,0.35338
2022-05-24,Tech,0.44954,0.6256
2022-05-24,Utilities,0.4455,0.36012500000000003
2022-05-25,Comm,0.32812,0.2192
2022-05-25,Consumer,0.1367,0.51144
2022-05-25,Energy,0.6871,0.5613400000000001
2022-05-25,Financials,0.20413333333333336,0.6011
2022-05-25,Healthcare,-0.458525,0.055224999999999996
2022-05-25,Industrials,0.441525,0.5848666666666666
2022-05-25,Materials,0.12493333333333334,-0.14200000000000002
2022-05-25,RealEstate,0.21905000000000002,0.3995
2022-05-25,Tech,0.29138,0.44954
2022-05-25,Utilities,0.2557,0.4455
2022-05-26,Comm,0.44720000000000004,0.32812
2022-05-26,Consumer,0.36182,0.1367
2022-05-26,Energy,0.6072200000000001,0.6871
2022-05-26,Financials,0.53788,0.20413333333333336
2022-05-26,Healthcare,0.4471200000000001,-0.458525
2022-05-26,Industrials,0.278275,0.441525
2022-05-26,Materials,0.0683,0.12493333333333334
2022-05-26,RealEstate,0.18076666666666666,0.21905000000000002
2022-05-26,Tech,0.6275999999999999,0.29138
2022-05-26,Utilities,-0.011399999999999993,0.2557
2022-05-27,Comm,0.2294,0.44720000000000004
2022-05-27,Consumer,0.23811999999999997,0.36182
2022-05-27,Energy,0.5718,0.6072200000000001
2022-05-27,Financials,0.13572,0.53788
2022-05-27,Healthcare,-0.12099999999999998,0.4471200000000001
2022-05-27,Industrials,0.26866,0.278275
2022-05-27,Materials,-0.1858,0.0683
2022-05-27,RealEstate,0.327975,0.18076666666666666
2022-05-27,Tech,0.11715999999999997,0.6275999999999999
2022-05-27,Utilities,0.3818,-0.011399999999999993
2022-05-31,Comm,0.4015333333333333,0.2294
2022-05-31,Consumer,0.42324,0.23811999999999997
2022-05-31,Energy,0.6949799999999999,0.5718
2022-05-31,Financials,0.2326,0.13572
2022-05-31,Healthcare,0.71604,-0.12099999999999998
2022-05-31,Industrials,0.5454749999999999,0.26866
2022-05-31,Materials,0.09576666666666667,-0.1858
2022-05-31,RealEstate,0.22393333333333332,0.327975
2022-05-31,Tech,0.62434,0.11715999999999997
2022-05-31,Utilities,0.32892,0.3818
2022-06-01,Comm,0.54915,0.4015333333333333
2022-06-01,Consumer,0.1869,0.42324
2022-06-01,Energy,0.55564,0.6949799999999999
2022-06-01,Financials,0.3427,0.2326
2022-06-01,Healthcare,0.23325,0.71604
2022-06-01,Industrials,0.52082,0.5454749999999999
2022-06-01,Materials,0.213875,0.09576666666666667
2022-06-01,RealEstate,0.23835,0.22393333333333332
2022-06-01,Tech,0.571175,0.62434
2022-06-01,Utilities,0.564775,0.32892
2022-06-02,Comm,-0.06510000000000002,0.54915
2022-06-02,Consumer,0.16124000000000002,0.1869
2022-06-02,Energy,0.7813399999999999,0.55564
2022-06-02,Financials,0.028424999999999978,0.3427
2022-06-02,Healthcare,0.0502,0.23325
2022-06-02,Industrials,0.31182499999999996,0.52082
2022-06-02,Materials,0.0086,0.213875
2022-06-02,RealEstate,0.241625,0.23835
2022-06-02,Tech,0.49783999999999995,0.571175
2022-06-02,Utilities,0.65785,0.564775
2022-06-03,Comm,0.26835,-0.06510000000000002
2022-06-03,Consumer,0.18105,0.16124000000000002
2022-06-03,Energy,0.50282,0.7813399999999999
2022-06-03,Financials,-0.24145,0.028424999999999978
2022-06-03,Healthcare,0.273925,0.0502
2022-06-03,Industrials,0.14193333333333333,0.31182499999999996
2022-06-03,Materials,0.10115,0.0086
2022-06-03,RealEstate,0.45455,0.241625
2022-06-03,Tech,0.47514,0.49783999999999995
2022-06-03,Utilities,0.3629,0.65785
2022-06-06,Comm,0.0021600000000000065,0.26835
2022-06-06,Consumer,0.727725,0.18105
2022-06-06,Energy,0.5604,0.50282
2022-06-06,Financials,0.57284,-0.24145
2022-06-06,Healthcare,0.30206,0.273925
2022-06-06,Industrials,0.306425,0.14193333333333333
2022-06-06,Materials,0.14145,0.10115
2022-06-06,RealEstate,0.19693333333333332,0.45455
2022-06-06,Tech,0.33104,0.47514
2022-06-06,Utilities,0.19933333333333333,0.3629
2022-06-07,Comm,0.28595,0.0021600000000000065
2022-06-07,Consumer,0.65486,0.727725
2022-06-07,Energy,0.42295999999999995,0.5604
2022-06-07,Financials,0.31432000000000004,0.57284
2022-06-07,Healthcare,0.6796,0.30206
2022-06-07,Industrials,0.32036000000000003,0.306425
2022-06-07,Materials,0.03877499999999999,0.14145
2022-06-07,RealEstate,0.03414000000000001,0.19693333333333332
2022-06-07,Tech,0.23074000000000003,0.33104
2022-06-07,Utilities,0.2352,0.19933333333333333
2022-06-08,Comm,0.5047333333333334,0.28595
2022-06-08,Consumer,0.5017,0.65486
2022-06-08,Energy,0.64766,0.42295999999999995
2022-06-08,Financials,0.19666666666666668,0.31432000000000004
2022-06-08,Healthcare,0.46862499999999996,0.6796
2022-06-08,Industrials,0.020175,0.32036000000000003
2022-06-08,Materials,0.24695,0.03877499999999999
2022-06-08,RealEstate,0.6535,0.03414000000000001
2022-06-08,Tech,0.443975,0.23074000000000003
2022-06-08,Utilities,0.3246666666666667,0.2352
2022-06-09,Comm,0.30406,0.5047333333333334
2022-06-09,Consumer,-0.05822000000000001,0.5017
2022-06-09,Energy,0.39635,0.64766
2022-06-09,Financials,-0.01360000000000002,0.19666666666666668
2022-06-09,Healthcare,0.050575,0.46862499999999996
2022-06-09,Industrials,0.737775,0.020175
2022-06-09,Materials,0.07674999999999998,0.24695
2022-06-09,RealEstate,0.47355,0.6535
2022-06-09,Tech,0.13346,0.443975
2022-06-09,Utilities,0.2569,0.3246666666666667
2022-06-10,Comm,-0.16604000000000002,0.30406
2022-06-10,Consumer,0.14444,-0.05822000000000001
2022-06-10,Energy,0.3543,0.39635
2022-06-10,Financials,0.3404,-0.01360000000000002
2022-06-10,Healthcare,-0.007300000000000022,0.050575
2022-06-10,Industrials,0.18610000000000002,0.737775
2022-06-10,Materials,-0.1589,0.07674999999999998
2022-06-10,RealEstate,0.434025,0.47355
2022-06-10,Tech,0.2112,0.13346
2022-06-10,Utilities,0.525525,0.2569
2022-06-13,Comm,0.36102,-0.16604000000000002
2022-06-13,Consumer,0.3741,0.14444
2022-06-13,Energy,0.705425,0.3543
2022-06-13,Financials,0.11390000000000003,0.3404
2022-06-13,Healthcare,0.738275,-0.007300000000000022
2022-06-13,Industrials,0.18496,0.18610000000000002
2022-06-13,Materials,0.20413333333333336,-0.1589
2022-06-13,RealEstate,0.36924999999999997,0.434025
2022-06-13,Tech,0.60522,0.2112
2022-06-13,Utilities,0.1707,0.525525
2022-06-14,Comm,0.431275,0.36102
2022-06-14,Consumer,0.08764999999999998,0.3741
2022-06-14,Energy,0.587425,0.705425
2022-06-14,Financials,-0.32288,0.11390000000000003
2022-06-14,Healthcare,-0.061660000000000006,0.738275
2022-06-14,Industrials,0.38106,0.18496
2022-06-14,Materials,0.19595,0.20413333333333336
2022-06-14,RealEstate,0.17357999999999998,0.36924999999999997
2022-06-14,Tech,0.49306,0.60522
2022-06-14,Utilities,0.35423333333333334,0.1707
2022-06-15,Comm,0.2667,0.431275
2022-06-15,Consumer,-0.08502000000000001,0.08764999999999998
2022-06-15,Energy,0.5031800000000001,0.587425
2022-06-15,Financials,0.13044000000000003,-0.32288
2022-06-15,Healthcare,0.05702000000000003,-0.061660000000000006
2022-06-15,Industrials,0.41900000000000004,0.38106
2022-06-15,Materials,0.390575,0.19595
2022-06-15,RealEstate,0.0694,0.17357999999999998
2022-06-15,Tech,0.7517,0.49306
2022-06-15,Utilities,0.0,0.35423333333333334
2022-06-16,Comm,0.10861999999999998,0.2667
2022-06-16,Consumer,0.10230000000000002,-0.08502000000000001
2022-06-16,Energy,0.17572000000000002,0.5031800000000001
2022-06-16,Financials,0.09013999999999998,0.13044000000000003
2022-06-16,Healthcare,0.30465,0.05702000000000003
2022-06-16,Industrials,0.29696,0.41900000000000004
2022-06-16,Materials,0.47065,0.390575
2022-06-16,RealEstate,0.212975,0.0694
2022-06-16,Tech,0.2254,0.7517
2022-06-16,Utilities,0.12662,0.0
2022-06-17,Comm,0.2921,0.10861999999999998
2022-06-17,Consumer,0.34421999999999997,0.10230000000000002
2022-06-17,Energy,0.40722,0.17572000000000002
2022-06-17,Financials,-0.0132,0.09013999999999998
2022-06-17,Healthcare,0.454275,0.30465
2022-06-17,Industrials,0.5436,0.29696
2022-06-17,Materials,0.0761,0.47065
2022-06-17,RealEstate,0.6388666666666667,0.212975
2022-06-17,Tech,0.4723,0.2254
2022-06-17,Utilities,0.19654,0.12662
2022-06-21,Comm,0.2737,0.2921
2022-06-21,Consumer,0.12287999999999999,0.34421999999999997
2022-06-21,Energy,0.57765,0.40722
2022-06-21,Financials,-0.1116,-0.0132
2022-06-21,Healthcare,0.645175,0.454275
2022-06-21,Industrials,0.40793999999999997,0.5436
2022-06-21,Materials,0.18420000000000003,0.0761
2022-06-21,RealEstate,0.596375,0.6388666666666667
2022-06-21,Tech,0.66318,0.4723
2022-06-21,Utilities,0.3861333333333333,0.19654
2022-06-22,Comm,0.36336666666666667,0.2737
2022-06-22,Consumer,0.32802,0.12287999999999999
2022-06-22,Energy,0.0009200000000000319,0.57765
2022-06-22,Financials,0.3807666666666667,-0.1116
2022-06-22,Healthcare,0.24526000000000003,0.645175
2022-06-22,Industrials,-0.16707999999999998,0.40793999999999997
2022-06-22,Materials,0.3080333333333333,0.18420000000000003
2022-06-22,RealEstate,0.58365,0.596375
2022-06-22,Tech,0.48436,0.66318
2022-06-22,Utilities,0.6358,0.3861333333333333
2022-06-23,Comm,0.10666666666666667,0.36336666666666667
2022-06-23,Consumer,0.43957999999999997,0.32802
2022-06-23,Energy,0.56232,0.0009200000000000319
2022-06-23,Financials,0.18441999999999997,0.3807666666666667
2022-06-23,Healthcare,-0.19139999999999996,0.24526000000000003
2022-06-23,Industrials,0.45006,-0.16707999999999998
2022-06-23,Materials,0.22744,0.3080333333333333
2022-06-23,RealEstate,0.35162499999999997,0.58365
2022-06-23,Tech,0.59862,0.48436
2022-06-23,Utilities,0.10206666666666668,0.6358
2022-06-24,Comm,-0.1858,0.10666666666666667
2022-06-24,Consumer,-0.015339999999999982,0.43957999999999997
2022-06-24,Energy,-0.09613999999999999,0.56232
2022-06-24,Financials,0.5909,0.18441999999999997
2022-06-24,Healthcare,0.5834,-0.19139999999999996
2022-06-24,Industrials,0.16406666666666667,0.45006
2022-06-24,Materials,0.148,0.22744
2022-06-24,RealEstate,-0.14959999999999998,0.35162499999999997
2022-06-24,Tech,0.03415999999999999,0.59862
2022-06-24,Utilities,0.1591,0.10206666666666668
2022-06-27,Comm,0.33287500000000003,-0.1858
2022-06-27,Consumer,0.70998,-0.015339999999999982
2022-06-27,Energy,0.36448,-0.09613999999999999
2022-06-27,Financials,0.09176,0.5909
2022-06-27,Healthcare,0.4515,0.5834
2022-06-27,Industrials,0.51696,0.16406666666666667
2022-06-27,Materials,0.5084,0.148
2022-06-27,RealEstate,0.17662,-0.14959999999999998
2022-06-27,Tech,0.5386,0.03415999999999999
2022-06-27,Utilities,0.49429999999999996,0.1591
2022-06-28,Comm,0.204175,0.33287500000000003
2022-06-28,Consumer,-0.025939999999999984,0.70998
2022-06-28,Energy,0.60114,0.36448
2022-06-28,Financials,0.701125,0.09176
2022-06-28,Healthcare,-0.26433333333333336,0.4515
2022-06-28,Industrials,0.18403999999999998,0.51696
2022-06-28,Materials,0.5103333333333334,0.5084
2022-06-28,RealEstate,-0.06914,0.17662
2022-06-28,Tech,0.21760000000000002,0.5386
2022-06-28,Utilities,0.299775,0.49429999999999996
2022-06-29,Comm,0.07445,0.204175
2022-06-29,Consumer,0.30362,-0.025939999999999984
2022-06-29,Energy,0.708725,0.60114
2022-06-29,Financials,0.157325,0.701125
2022-06-29,Healthcare,0.8309500000000001,-0.26433333333333336
2022-06-29,Industrials,0.36278,0.18403999999999998
2022-06-29,Materials,0.17,0.5103333333333334
2022-06-29,RealEstate,0.30425,-0.06914
2022-06-29,Tech,0.66656,0.21760000000000002
2022-06-29,Utilities,0.27344999999999997,0.299775
2022-06-30,Comm,0.45474,0.07445
2022-06-30,Consumer,0.52328,0.30362
2022-06-30,Energy,0.20636000000000002,0.708725
2022-06-30,Financials,0.42452000000000006,0.157325
2022-06-30,Healthcare,0.10683333333333332,0.8309500000000001
2022-06-30,Industrials,0.472175,0.36278
2022-06-30,Materials,0.2463,0.17
2022-06-30,RealEstate,0.17,0.30425
2022-06-30,Tech,0.5416399999999999,0.66656
2022-06-30,Utilities,0.17646,0.27344999999999997
2022-07-01,Comm,0.5895250000000001,0.45474
2022-07-01,Consumer,0.375975,0.52328
2022-07-01,Energy,0.44841999999999993,0.20636000000000002
2022-07-01,Financials,0.10167999999999999,0.42452000000000006
2022-07-01,Healthcare,0.155475,0.10683333333333332
2022-07-01,Industrials,0.22950000000000004,0.472175
2022-07-01,Materials,0.20095,0.2463
2022-07-01,RealEstate,0.13106,0.17
2022-07-01,Tech,0.38432,0.5416399999999999
2022-07-01,Utilities,0.08673333333333332,0.17646
2022-07-05,Comm,0.527225,0.5895250000000001
2022-07-05,Consumer,0.59638,0.375975
2022-07-05,Energy,0.67208,0.44841999999999993
2022-07-05,Financials,0.5536,0.10167999999999999
2022-07-05,Healthcare,0.58306,0.155475
2022-07-05,Industrials,0.600925,0.22950000000000004
2022-07-05,Materials,0.5177499999999999,0.20095
2022-07-05,RealEstate,0.281475,0.13106
2022-07-05,Tech,0.6941,0.38432
2022-07-05,Utilities,0.423,0.08673333333333332
2022-07-06,Comm,-0.029799999999999976,0.527225
2022-07-06,Consumer,0.31038,0.59638
2022-07-06,Energy,0.80446,0.67208
2022-07-06,Financials,0.1224,0.5536
2022-07-06,Healthcare,0.22942,0.58306
2022-07-06,Industrials,0.36978,0.600925
2022-07-06,Materials,0.23322500000000002,0.5177499999999999
2022-07-06,RealEstate,0.049875,0.281475
2022-07-06,Tech,0.56868,0.6941
2022-07-06,Utilities,0.4448666666666667,0.423
2022-07-07,Comm,0.0,-0.029799999999999976
2022-07-07,Consumer,0.20908000000000002,0.31038
2022-07-07,Energy,0.64134,0.80446
2022-07-07,Financials,0.37934,0.1224
2022-07-07,Healthcare,0.256,0.22942
2022-07-07,Industrials,0.18064,0.36978
2022-07-07,Materials,-0.00789999999999999,0.23322500000000002
2022-07-07,RealEstate,0.275225,0.049875
2022-07-07,Tech,0.39455999999999997,0.56868
2022-07-07,Utilities,0.5151333333333333,0.4448666666666667
2022-07-08,Comm,0.36755,0.0
2022-07-08,Consumer,-0.09407499999999998,0.20908000000000002
2022-07-08,Energy,0.419925,0.64134
2022-07-08,Financials,-0.12869999999999998,0.37934
2022-07-08,Healthcare,0.4095000000000001,0.256
2022-07-08,Industrials,0.31845,0.18064
2022-07-08,Materials,0.32985,-0.00789999999999999
2022-07-08,RealEstate,0.33956666666666663,0.275225
2022-07-08,Tech,0.2142,0.39455999999999997
2022-07-08,Utilities,0.3412,0.5151333333333333
2022-07-11,Comm,0.5446799999999999,0.36755
2022-07-11,Consumer,0.545125,-0.09407499999999998
2022-07-11,Energy,0.5314,0.419925
2022-07-11,Financials,0.24339999999999998,-0.12869999999999998
2022-07-11,Healthcare,0.21574,0.4095000000000001
2022-07-11,Industrials,0.29852500000000004,0.31845
2022-07-11,Materials,0.05246000000000001,0.32985
2022-07-11,RealEstate,0.41986,0.33956666666666663
2022-07-11,Tech,0.68782,0.2142
2022-07-11,Utilities,0.293625,0.3412
2022-07-12,Comm,0.28144,0.5446799999999999
2022-07-12,Consumer,0.44001999999999997,0.545125
2022-07-12,Energy,0.5638,0.5314
2022-07-12,Financials,-0.11125000000000002,0.24339999999999998
2022-07-12,Healthcare,0.14832,0.21574
2022-07-12,Industrials,-0.06434999999999999,0.29852500000000004
2022-07-12,Materials,0.0,0.05246000000000001
2022-07-12,RealEstate,-0.00645,0.41986
2022-07-12,Tech,0.4955,0.68782
2022-07-12,Utilities,0.293625,0.293625
2022-07-13,Comm,-0.02372500000000001,0.28144
2022-07-13,Consumer,0.42092,0.44001999999999997
2022-07-13,Energy,0.4622400000000001,0.5638
2022-07-13,Financials,-0.15628,-0.11125000000000002
2022-07-13,Healthcare,0.19116000000000002,0.14832
2022-07-13,Industrials,0.3576,-0.06434999999999999
2022-07-13,Materials,0.1829,0.0
2022-07-13,RealEstate,0.31143333333333334,-0.00645
2022-07-13,Tech,0.18688,0.4955
2022-07-13,Utilities,0.13396666666666665,0.293625
2022-07-14,Comm,0.27066666666666667,-0.02372500000000001
2022-07-14,Consumer,0.54878,0.42092
2022-07-14,Energy,0.60656,0.4622400000000001
2022-07-14,Financials,-0.381975,-0.15628
2022-07-14,Healthcare,-0.10419999999999999,0.19116000000000002
2022-07-14,Industrials,0.24102,0.3576
2022-07-14,Materials,0.250325,0.1829
2022-07-14,RealEstate,0.26353333333333334,0.31143333333333334
2022-07-14,Tech,0.31318,0.18688
2022-07-14,Utilities,0.18823333333333334,0.13396666666666665
2022-07-15,Comm,-0.12386666666666667,0.27066666666666667
2022-07-15,Consumer,0.17908,0.54878
2022-07-15,Energy,0.7786,0.60656
2022-07-15,Financials,0.60014,-0.381975
2022-07-15,Healthcare,0.18906,-0.10419999999999999
2022-07-15,Industrials,0.06945,0.24102
2022-07-15,Materials,-0.5423,0.250325
2022-07-15,RealEstate,-0.1771,0.26353333333333334
2022-07-15,Tech,0.44711999999999996,0.31318
2022-07-15,Utilities,0.4928333333333333,0.18823333333333334
2022-07-18,Comm,0.35707500000000003,-0.12386666666666667
2022-07-18,Consumer,0.5996400000000001,0.17908
2022-07-18,Energy,0.81946,0.7786
2022-07-18,Financials,0.37034,0.60014
2022-07-18,Healthcare,0.27362000000000003,0.18906
2022-07-18,Industrials,0.6632666666666667,0.06945
2022-07-18,Materials,0.4088,-0.5423
2022-07-18,RealEstate,0.19915,-0.1771
2022-07-18,Tech,0.2543,0.44711999999999996
2022-07-18,Utilities,0.41594,0.4928333333333333
2022-07-19,Comm,0.442675,0.35707500000000003
2022-07-19,Consumer,0.29013999999999995,0.5996400000000001
2022-07-19,Energy,0.7337,0.81946
2022-07-19,Financials,0.030860000000000044,0.37034
2022-07-19,Healthcare,0.01749999999999998,0.27362000000000003
2022-07-19,Industrials,0.11309999999999998,0.6632666666666667
2022-07-19,Materials,0.183,0.4088
2022-07-19,RealEstate,-0.0812,0.19915
2022-07-19,Tech,0.09038,0.2543
2022-07-19,Utilities,0.375,0.41594
2022-07-20,Comm,-0.058649999999999994,0.442675
2022-07-20,Consumer,0.028219999999999988,0.29013999999999995
2022-07-20,Energy,0.67956,0.7337
2022-07-20,Financials,0.1905,0.030860000000000044
2022-07-20,Healthcare,0.72058,0.01749999999999998
2022-07-20,Industrials,0.139375,0.11309999999999998
2022-07-20,Materials,0.20555,0.183
2022-07-20,RealEstate,0.32066,-0.0812
2022-07-20,Tech,0.66362,0.09038
2022-07-20,Utilities,0.112875,0.375
2022-07-21,Comm,0.46778000000000003,-0.058649999999999994
2022-07-21,Consumer,0.13835999999999998,0.028219999999999988
2022-07-21,Energy,0.33304,0.67956
2022-07-21,Financials,0.15152499999999997,0.1905
2022-07-21,Healthcare,-0.3225,0.72058
2022-07-21,Industrials,-0.07873333333333334,0.139375
2022-07-21,Materials,0.345925,0.20555
2022-07-21,RealEstate,0.43829999999999997,0.32066
2022-07-21,Tech,0.5302,0.66362
2022-07-21,Utilities,0.1424,0.112875
2022-07-22,Comm,0.49615,0.46778000000000003
2022-07-22,Consumer,0.34032,0.13835999999999998
2022-07-22,Energy,0.5736800000000001,0.33304
2022-07-22,Financials,0.09079999999999998,0.15152499999999997
2022-07-22,Healthcare,0.5249,-0.3225
2022-07-22,Industrials,0.0011499999999999982,-0.07873333333333334
2022-07-22,Materials,-0.03356666666666667,0.345925
2022-07-22,RealEstate,0.5010333333333333,0.43829999999999997
2022-07-22,Tech,0.66634,0.5302
2022-07-22,Utilities,0.19876,0.1424
2022-07-25,Comm,-0.09002,0.49615
2022-07-25,Consumer,0.21525999999999995,0.34032
2022-07-25,Energy,0.9302400000000001,0.5736800000000001
2022-07-25,Financials,0.18122,0.09079999999999998
2022-07-25,Healthcare,0.123,0.5249
2022-07-25,Industrials,0.23829999999999998,0.0011499999999999982
2022-07-25,Materials,0.40522,-0.03356666666666667
2022-07-25,RealEstate,0.4282,0.5010333333333333
2022-07-25,Tech,0.37973999999999997,0.66634
2022-07-25,Utilities,0.4981333333333334,0.19876
2022-07-26,Comm,0.0,-0.09002
2022-07-26,Consumer,-0.23523999999999998,0.21525999999999995
2022-07-26,Energy,0.17494,0.9302400000000001
2022-07-26,Financials,-0.07086666666666668,0.18122
2022-07-26,Healthcare,0.34043999999999996,0.123
2022-07-26,Industrials,0.26637500000000003,0.23829999999999998
2022-07-26,Materials,-0.07955,0.40522
2022-07-26,RealEstate,0.2646,0.4282
2022-07-26,Tech,0.13103333333333333,0.37973999999999997
2022-07-26,Utilities,0.43492,0.4981333333333334
2022-07-27,Comm,0.29028,0.0
2022-07-27,Consumer,0.41657500000000003,-0.23523999999999998
2022-07-27,Energy,0.31566,0.17494
2022-07-27,Financials,0.47316,-0.07086666666666668
2022-07-27,Healthcare,0.10099999999999998,0.34043999999999996
2022-07-27,Industrials,0.0,0.26637500000000003
2022-07-27,Materials,0.0,-0.07955
2022-07-27,RealEstate,0.5427,0.2646
2022-07-27,Tech,0.32994,0.13103333333333333
2022-07-27,Utilities,0.32142,0.43492
2022-07-28,Comm,0.39866666666666667,0.29028
2022-07-28,Consumer,-0.08628000000000002,0.41657500000000003
2022-07-28,Energy,0.70912,0.31566
2022-07-28,Financials,-0.062459999999999995,0.47316
2022-07-28,Healthcare,0.34662000000000004,0.10099999999999998
2022-07-28,Industrials,0.3111,0.0
2022-07-28,Materials,0.49173333333333336,0.0
2022-07-28,RealEstate,0.19045,0.5427
2022-07-28,Tech,0.393875,0.32994
2022-07-28,Utilities,0.54738,0.32142
2022-07-29,Comm,0.1144,0.39866666666666667
2022-07-29,Consumer,0.26924000000000003,-0.08628000000000002
2022-07-29,Energy,0.80352,0.70912
2022-07-29,Financials,0.22888000000000003,-0.062459999999999995
2022-07-29,Healthcare,0.234925,0.34662000000000004
2022-07-29,Industrials,0.20095,0.3111
2022-07-29,Materials,0.0,0.49173333333333336
2022-07-29,RealEstate,0.26866,0.19045
2022-07-29,Tech,0.74456,0.393875
2022-07-29,Utilities,0.51476,0.54738
2022-08-01,Comm,0.40759999999999996,0.1144
2022-08-01,Consumer,0.45926,0.26924000000000003
2022-08-01,Energy,0.48588000000000003,0.80352
2022-08-01,Financials,0.29416000000000003,0.22888000000000003
2022-08-01,Healthcare,0.36728,0.234925
2022-08-01,Industrials,0.7054750000000001,0.20095
2022-08-01,Materials,0.0,0.0
2022-08-01,RealEstate,0.640475,0.26866
2022-08-01,Tech,0.68364,0.74456
2022-08-01,Utilities,0.3829666666666667,0.51476
2022-08-02,Comm,-0.04682499999999999,0.40759999999999996
2022-08-02,Consumer,0.032380000000000006,0.45926
2022-08-02,Energy,0.661725,0.48588000000000003
2022-08-02,Financials,0.305125,0.29416000000000003
2022-08-02,Healthcare,0.40359999999999996,0.36728
2022-08-02,Industrials,-0.13897500000000002,0.7054750000000001
2022-08-02,Materials,0.41996666666666665,0.0
2022-08-02,RealEstate,0.4319,0.640475
2022-08-02,Tech,-0.23572,0.68364
2022-08-02,Utilities,0.592,0.3829666666666667
2022-08-03,Comm,0.15211999999999998,-0.04682499999999999
2022-08-03,Consumer,0.40005,0.032380000000000006
2022-08-03,Energy,0.63884,0.661725
2022-08-03,Financials,0.2616,0.305125
2022-08-03,Healthcare,0.29934,0.40359999999999996
2022-08-03,Industrials,0.1866,-0.13897500000000002
2022-08-03,Materials,0.17596666666666663,0.41996666666666665
2022-08-03,RealEstate,-0.0317,0.4319
2022-08-03,Tech,0.605075,-0.23572
2022-08-03,Utilities,0.31073999999999996,0.592
2022-08-04,Comm,0.127625,0.15211999999999998
2022-08-04,Consumer,0.22769999999999999,0.40005
2022-08-04,Energy,0.69866,0.63884
2022-08-04,Financials,0.2147,0.2616
2022-08-04,Healthcare,-0.05954999999999999,0.29934
2022-08-04,Industrials,0.0,0.1866
2022-08-04,Materials,0.10977999999999999,0.17596666666666663
2022-08-04,RealEstate,0.258625,-0.0317
2022-08-04,Tech,0.24115999999999999,0.605075
2022-08-04,Utilities,0.64968,0.31073999999999996
2022-08-05,Comm,0.337375,0.127625
2022-08-05,Consumer,0.11667500000000003,0.22769999999999999
2022-08-05,Energy,0.609725,0.69866
2022-08-05,Financials,0.424,0.2147
2022-08-05,Healthcare,0.363975,-0.05954999999999999
2022-08-05,Industrials,0.22206666666666666,0.0
2022-08-05,Materials,0.23835,0.10977999999999999
2022-08-05,RealEstate,0.4676666666666667,0.258625
2022-08-05,Tech,0.37320000000000003,0.24115999999999999
2022-08-05,Utilities,0.365025,0.64968
2022-08-08,Comm,-0.20838,0.337375
2022-08-08,Consumer,0.36412000000000005,0.11667500000000003
2022-08-08,Energy,0.7884666666666668,0.609725
2022-08-08,Financials,0.38868,0.424
2022-08-08,Healthcare,-0.06659999999999999,0.363975
2022-08-08,Industrials,0.462,0.22206666666666666
2022-08-08,Materials,0.4144,0.23835
2022-08-08,RealEstate,0.31867500000000004,0.4676666666666667
2022-08-08,Tech,0.690225,0.37320000000000003
2022-08-08,Utilities,0.20689999999999997,0.365025
2022-08-09,Comm,0.27025,-0.20838
2022-08-09,Consumer,0.27912,0.36412000000000005
2022-08-09,Energy,0.4243666666666666,0.7884666666666668
2022-08-09,Financials,0.2906,0.38868
2022-08-09,Healthcare,0.34646666666666665,-0.06659999999999999
2022-08-09,Industrials,0.087525,0.462
2022-08-09,Materials,0.0,0.4144
2022-08-09,RealEstate,0.411375,0.31867500000000004
2022-08-09,Tech,0.25438,0.690225
2022-08-09,Utilities,0.272625,0.20689999999999997
2022-08-10,Comm,0.36454,0.27025
2022-08-10,Consumer,0.54205,0.27912
2022-08-10,Energy,0.41708,0.4243666666666666
2022-08-10,Financials,0.57935,0.2906
2022-08-10,Healthcare,-0.01269999999999997,0.34646666666666665
2022-08-10,Industrials,0.3268666666666667,0.087525
2022-08-10,Materials,0.20095,0.0
2022-08-10,RealEstate,0.30116666666666664,0.411375
2022-08-10,Tech,0.21922000000000003,0.25438
2022-08-10,Utilities,0.4417,0.272625
2022-08-11,Comm,0.11776,0.36454
2022-08-11,Consumer,0.41862000000000005,0.54205
2022-08-11,Energy,0.38868,0.41708
2022-08-11,Financials,0.1456,0.57935
2022-08-11,Healthcare,0.025019999999999997,-0.01269999999999997
2022-08-11,Industrials,0.08373333333333334,0.3268666666666667
2022-08-11,Materials,0.20095,0.20095
2022-08-11,RealEstate,0.567675,0.30116666666666664
2022-08-11,Tech,0.41756000000000004,0.21922000000000003
2022-08-11,Utilities,-0.0644,0.4417
2022-08-12,Comm,-0.02513333333333334,0.11776
2022-08-12,Consumer,0.43427999999999994,0.41862000000000005
2022-08-12,Energy,0.554425,0.38868
2022-08-12,Financials,0.48605,0.1456
2022-08-12,Healthcare,-0.17556666666666665,0.025019999999999997
2022-08-12,Industrials,0.4994666666666667,0.08373333333333334
2022-08-12,Materials,0.20095,0.20095
2022-08-12,RealEstate,0.0903,0.567675
2022-08-12,Tech,0.63686,0.41756000000000004
2022-08-12,Utilities,0.7096,-0.0644
2022-08-15,Comm,0.24846,-0.02513333333333334
2022-08-15,Consumer,0.22974,0.43427999999999994
2022-08-15,Energy,0.39542,0.554425
2022-08-15,Financials,0.16872,0.48605
2022-08-15,Healthcare,0.12896666666666665,-0.17556666666666665
2022-08-15,Industrials,0.485975,0.4994666666666667
2022-08-15,Materials,0.24695,0.20095
2022-08-15,RealEstate,0.010950000000000015,0.0903
2022-08-15,Tech,0.29481999999999997,0.63686
2022-08-15,Utilities,0.356775,0.7096
2022-08-16,Comm,0.38756666666666667,0.24846
2022-08-16,Consumer,0.43957999999999997,0.22974
2022-08-16,Energy,0.6873,0.39542
2022-08-16,Financials,0.06743333333333333,0.16872
2022-08-16,Healthcare,0.197325,0.12896666666666665
2022-08-16,Industrials,-0.15630000000000002,0.485975
2022-08-16,Materials,0.0903,0.24695
2022-08-16,RealEstate,0.26283333333333336,0.010950000000000015
2022-08-16,Tech,0.46676,0.29481999999999997
2022-08-16,Utilities,0.3638,0.356775
2022-08-17,Comm,-0.08257500000000001,0.38756666666666667
2022-08-17,Consumer,0.16922,0.43957999999999997
2022-08-17,Energy,0.778675,0.6873
2022-08-17,Financials,0.02495,0.06743333333333333
2022-08-17,Healthcare,0.12726666666666667,0.197325
2022-08-17,Industrials,0.07543333333333334,-0.15630000000000002
2022-08-17,Materials,0.2202,0.0903
2022-08-17,RealEstate,0.450125,0.26283333333333336
2022-08-17,Tech,0.14392500000000003,0.46676
2022-08-17,Utilities,0.3844,0.3638
2022-08-18,Comm,0.04832499999999999,-0.08257500000000001
2022-08-18,Consumer,0.42745999999999995,0.16922
2022-08-18,Energy,-0.11474000000000002,0.778675
2022-08-18,Financials,0.51174,0.02495
2022-08-18,Healthcare,0.15272,0.12726666666666667
2022-08-18,Industrials,0.15065,0.07543333333333334
2022-08-18,Materials,0.056575,0.2202
2022-08-18,RealEstate,0.05135,0.450125
2022-08-18,Tech,0.20918,0.14392500000000003
2022-08-18,Utilities,0.5596,0.3844
2022-08-19,Comm,-0.0981,0.04832499999999999
2022-08-19,Consumer,0.51944,0.42745999999999995
2022-08-19,Energy,0.7248,-0.11474000000000002
2022-08-19,Financials,0.03155000000000002,0.51174
2022-08-19,Healthcare,-0.008320000000000017,0.15272
2022-08-19,Industrials,0.12726666666666667,0.15065
2022-08-19,Materials,0.056575,0.056575
2022-08-19,RealEstate,0.4505,0.05135
2022-08-19,Tech,0.22002000000000002,0.20918
2022-08-19,Utilities,0.23786666666666667,0.5596
2022-08-22,Comm,0.45787999999999995,-0.0981
2022-08-22,Consumer,0.5722799999999999,0.51944
2022-08-22,Energy,0.5296,0.7248
2022-08-22,Financials,0.11542,0.03155000000000002
2022-08-22,Healthcare,0.42072000000000004,-0.008320000000000017
2022-08-22,Industrials,0.455,0.12726666666666667
2022-08-22,Materials,0.123475,0.056575
2022-08-22,RealEstate,0.596225,0.4505
2022-08-22,Tech,0.82086,0.22002000000000002
2022-08-22,Utilities,0.401575,0.23786666666666667
2022-08-23,Comm,0.43032499999999996,0.45787999999999995
2022-08-23,Consumer,0.33574000000000004,0.5722799999999999
2022-08-23,Energy,0.2849,0.5296
2022-08-23,Financials,0.5027333333333334,0.11542
2022-08-23,Healthcare,0.37986,0.42072000000000004
2022-08-23,Industrials,0.18076666666666666,0.455
2022-08-23,Materials,0.0332,0.123475
2022-08-23,RealEstate,0.13396666666666665,0.596225
2022-08-23,Tech,0.31812,0.82086
2022-08-23,Utilities,0.127425,0.401575
2022-08-24,Comm,0.19585999999999998,0.43032499999999996
2022-08-24,Consumer,0.12578,0.33574000000000004
2022-08-24,Energy,0.10352000000000001,0.2849
2022-08-24,Financials,0.13767999999999997,0.5027333333333334
2022-08-24,Healthcare,0.30265000000000003,0.37986
2022-08-24,Industrials,0.294475,0.18076666666666666
2022-08-24,Materials,0.0,0.0332
2022-08-24,RealEstate,0.28978000000000004,0.13396666666666665
2022-08-24,Tech,0.2363,0.31812
2022-08-24,Utilities,0.51315,0.127425
2022-08-25,Comm,0.1728333333333333,0.19585999999999998
2022-08-25,Consumer,0.07924,0.12578
2022-08-25,Energy,0.42466,0.10352000000000001
2022-08-25,Financials,0.21875999999999998,0.13767999999999997
2022-08-25,Healthcare,0.08487500000000003,0.30265000000000003
2022-08-25,Industrials,0.33016666666666666,0.294475
2022-08-25,Materials,0.00645,0.0
2022-08-25,RealEstate,0.354325,0.28978000000000004
2022-08-25,Tech,0.749125,0.2363
2022-08-25,Utilities,0.45505,0.51315
2022-08-26,Comm,-0.21966000000000002,0.1728333333333333
2022-08-26,Consumer,-0.25529999999999997,0.07924
2022-08-26,Energy,0.5001666666666668,0.42466
2022-08-26,Financials,0.09332499999999998,0.21875999999999998
2022-08-26,Healthcare,0.38425,0.08487500000000003
2022-08-26,Industrials,-0.3118,0.33016666666666666
2022-08-26,Materials,0.0791,0.00645
2022-08-26,RealEstate,0.35150000000000003,0.354325
2022-08-26,Tech,0.5804600000000001,0.749125
2022-08-26,Utilities,0.2732,0.45505
2022-08-29,Comm,0.5297,-0.21966000000000002
2022-08-29,Consumer,0.567075,-0.25529999999999997
2022-08-29,Energy,0.746825,0.5001666666666668
2022-08-29,Financials,0.17015,0.09332499999999998
2022-08-29,Healthcare,0.35402,0.38425
2022-08-29,Industrials,0.01245,-0.3118
2022-08-29,Materials,-0.0892,0.0791
2022-08-29,RealEstate,0.273175,0.35150000000000003
2022-08-29,Tech,0.61006,0.5804600000000001
2022-08-29,Utilities,0.394525,0.2732
2022-08-30,Comm,-0.26335,0.5297
2022-08-30,Consumer,0.4659,0.567075
2022-08-30,Energy,0.31518,0.746825
2022-08-30,Financials,0.007625000000000021,0.17015
2022-08-30,Healthcare,0.1872,0.35402
2022-08-30,Industrials,0.4954,0.01245
2022-08-30,Materials,0.07593333333333334,-0.0892
2022-08-30,RealEstate,0.27115,0.273175
2022-08-30,Tech,0.22968000000000002,0.61006
2022-08-30,Utilities,0.170225,0.394525
2022-08-31,Comm,0.46534,-0.26335
2022-08-31,Consumer,-0.09535999999999999,0.4659
2022-08-31,Energy,0.648025,0.31518
2022-08-31,Financials,0.13191999999999998,0.007625000000000021
2022-08-31,Healthcare,-0.35974,0.1872
2022-08-31,Industrials,0.2930333333333333,0.4954
2022-08-31,Materials,0.0086,0.07593333333333334
2022-08-31,RealEstate,0.329,0.27115
2022-08-31,Tech,0.472775,0.22968000000000002
2022-08-31,Utilities,0.3176333333333334,0.170225
2022-09-01,Comm,0.142975,0.46534
2022-09-01,Consumer,0.56344,-0.09535999999999999
2022-09-01,Energy,0.34762,0.648025
2022-09-01,Financials,0.5107,0.13191999999999998
2022-09-01,Healthcare,0.28172,-0.35974
2022-09-01,Industrials,0.2364,0.2930333333333333
2022-09-01,Materials,0.34505,0.0086
2022-09-01,RealEstate,0.34,0.329
2022-09-01,Tech,-0.12452,0.472775
2022-09-01,Utilities,0.11444000000000001,0.3176333333333334
2022-09-02,Comm,0.31845,0.142975
2022-09-02,Consumer,0.11252,0.56344
2022-09-02,Energy,0.65864,0.34762
2022-09-02,Financials,0.11672000000000002,0.5107
2022-09-02,Healthcare,0.4582,0.28172
2022-09-02,Industrials,0.28845,0.2364
2022-09-02,Materials,0.2288,0.34505
2022-09-02,RealEstate,0.28305,0.34
2022-09-02,Tech,0.69126,-0.12452
2022-09-02,Utilities,0.2283666666666667,0.11444000000000001
2022-09-06,Comm,0.35905,0.31845
2022-09-06,Consumer,0.27432,0.11252
2022-09-06,Energy,0.58785,0.65864
2022-09-06,Financials,0.28702,0.11672000000000002
2022-09-06,Healthcare,0.60645,0.4582
2022-09-06,Industrials,0.6996249999999999,0.28845
2022-09-06,Materials,0.0,0.2288
2022-09-06,RealEstate,0.434175,0.28305
2022-09-06,Tech,0.39561999999999997,0.69126
2022-09-06,Utilities,0.39259999999999995,0.2283666666666667
2022-09-07,Comm,0.24617500000000003,0.35905
2022-09-07,Consumer,0.574125,0.27432
2022-09-07,Energy,0.60594,0.58785
2022-09-07,Financials,0.00998,0.28702
2022-09-07,Healthcare,0.03975000000000001,0.60645
2022-09-07,Industrials,0.21230000000000002,0.6996249999999999
2022-09-07,Materials,0.13265000000000002,0.0
2022-09-07,RealEstate,0.18045,0.434175
2022-09-07,Tech,0.5433199999999999,0.39561999999999997
2022-09-07,Utilities,0.37236,0.39259999999999995
2022-09-08,Comm,0.63256,0.24617500000000003
2022-09-08,Consumer,0.52416,0.574125
2022-09-08,Energy,0.5215,0.60594
2022-09-08,Financials,0.372375,0.00998
2022-09-08,Healthcare,0.5875,0.03975000000000001
2022-09-08,Industrials,0.15772500000000003,0.21230000000000002
2022-09-08,Materials,0.211275,0.13265000000000002
2022-09-08,RealEstate,0.47090000000000004,0.18045
2022-09-08,Tech,0.29214,0.5433199999999999
2022-09-08,Utilities,0.3682,0.37236
2022-09-09,Comm,0.14494,0.63256
2022-09-09,Consumer,0.51932,0.52416
2022-09-09,Energy,0.32586,0.5215
2022-09-09,Financials,0.6002,0.372375
2022-09-09,Healthcare,0.17386,0.5875
2022-09-09,Industrials,0.04800000000000002,0.15772500000000003
2022-09-09,Materials,0.26335,0.211275
2022-09-09,RealEstate,0.5717,0.47090000000000004
2022-09-09,Tech,0.44964000000000004,0.29214
2022-09-09,Utilities,0.356125,0.3682
2022-09-12,Comm,0.431175,0.14494
2022-09-12,Consumer,0.51752,0.51932
2022-09-12,Energy,0.67435,0.32586
2022-09-12,Financials,0.11787499999999998,0.6002
2022-09-12,Healthcare,0.87486,0.17386
2022-09-12,Industrials,0.5569,0.04800000000000002
2022-09-12,Materials,-0.042324999999999995,0.26335
2022-09-12,RealEstate,0.7293,0.5717
2022-09-12,Tech,0.20958000000000002,0.44964000000000004
2022-09-12,Utilities,0.5347999999999999,0.356125
2022-09-13,Comm,0.27280000000000004,0.431175
2022-09-13,Consumer,0.5688000000000001,0.51752
2022-09-13,Energy,0.63106,0.67435
2022-09-13,Financials,0.38127500000000003,0.11787499999999998
2022-09-13,Healthcare,0.12164,0.87486
2022-09-13,Industrials,0.54725,0.5569
2022-09-13,Materials,0.128,-0.042324999999999995
2022-09-13,RealEstate,0.28935,0.7293
2022-09-13,Tech,0.20776000000000003,0.20958000000000002
2022-09-13,Utilities,0.0086,0.5347999999999999
2022-09-14,Comm,0.2732,0.27280000000000004
2022-09-14,Consumer,0.62126,0.5688000000000001
2022-09-14,Energy,0.355,0.63106
2022-09-14,Financials,-0.056459999999999996,0.38127500000000003
2022-09-14,Healthcare,0.10635,0.12164
2022-09-14,Industrials,0.296575,0.54725
2022-09-14,Materials,0.3709,0.128
2022-09-14,RealEstate,0.44576666666666664,0.28935
2022-09-14,Tech,0.37256,0.20776000000000003
2022-09-14,Utilities,0.4164666666666667,0.0086
2022-09-15,Comm,0.31487999999999994,0.2732
2022-09-15,Consumer,0.28825,0.62126
2022-09-15,Energy,0.65644,0.355
2022-09-15,Financials,0.330025,-0.056459999999999996
2022-09-15,Healthcare,6.00000000000038e-05,0.10635
2022-09-15,Industrials,0.0973,0.296575
2022-09-15,Materials,0.053866666666666674,0.3709
2022-09-15,RealEstate,0.407775,0.44576666666666664
2022-09-15,Tech,-0.23011999999999996,0.37256
2022-09-15,Utilities,0.50704,0.4164666666666667
2022-09-16,Comm,0.4718333333333333,0.31487999999999994
2022-09-16,Consumer,0.39382,0.28825
2022-09-16,Energy,0.68272,0.65644
2022-09-16,Financials,0.11608,0.330025
2022-09-16,Healthcare,0.2149,6.00000000000038e-05
2022-09-16,Industrials,-0.16570000000000001,0.0973
2022-09-16,Materials,0.0,0.053866666666666674
2022-09-16,RealEstate,0.570175,0.407775
2022-09-16,Tech,-0.009379999999999989,-0.23011999999999996
2022-09-16,Utilities,0.51264,0.50704
2022-09-19,Comm,0.00034999999999996145,0.4718333333333333
2022-09-19,Consumer,0.6756599999999999,0.39382
2022-09-19,Energy,0.29674,0.68272
2022-09-19,Financials,0.2548,0.11608
2022-09-19,Healthcare,0.08452000000000001,0.2149
2022-09-19,Industrials,0.8115666666666667,-0.16570000000000001
2022-09-19,Materials,-0.18035,0.0
2022-09-19,RealEstate,0.3748666666666667,0.570175
2022-09-19,Tech,0.52766,-0.009379999999999989
2022-09-19,Utilities,0.4039333333333333,0.51264
2022-09-20,Comm,0.19705,0.00034999999999996145
2022-09-20,Consumer,0.012039999999999985,0.6756599999999999
2022-09-20,Energy,0.34836,0.29674
2022-09-20,Financials,0.01767500000000001,0.2548
2022-09-20,Healthcare,-0.10405000000000002,0.08452000000000001
2022-09-20,Industrials,0.34665,0.8115666666666667
2022-09-20,Materials,-0.18035,-0.18035
2022-09-20,RealEstate,0.6879500000000001,0.3748666666666667
2022-09-20,Tech,0.4903,0.52766
2022-09-20,Utilities,0.168775,0.4039333333333333
2022-09-21,Comm,0.4016,0.19705
2022-09-21,Consumer,0.40754999999999997,0.012039999999999985
2022-09-21,Energy,0.653125,0.34836
2022-09-21,Financials,-0.06068,0.01767500000000001
2022-09-21,Healthcare,-0.11324000000000001,-0.10405000000000002
2022-09-21,Industrials,0.18383333333333332,0.34665
2022-09-21,Materials,0.085,-0.18035
2022-09-21,RealEstate,0.43320000000000003,0.6879500000000001
2022-09-21,Tech,0.22666000000000003,0.4903
2022-09-21,Utilities,0.3902,0.168775
2022-09-22,Comm,0.25898,0.4016
2022-09-22,Consumer,0.36079999999999995,0.40754999999999997
2022-09-22,Energy,0.37450000000000006,0.653125
2022-09-22,Financials,-0.22466,-0.06068
2022-09-22,Healthcare,0.43079999999999996,-0.11324000000000001
2022-09-22,Industrials,0.060100000000000015,0.18383333333333332
2022-09-22,Materials,0.39049999999999996,0.085
2022-09-22,RealEstate,0.008939999999999998,0.43320000000000003
2022-09-22,Tech,0.39109999999999995,0.22666000000000003
2022-09-22,Utilities,0.18972500000000003,0.3902
2022-09-23,Comm,0.43755,0.25898
2022-09-23,Consumer,-0.19956000000000002,0.36079999999999995
2022-09-23,Energy,-0.463775,0.37450000000000006
2022-09-23,Financials,0.25602,-0.22466
2022-09-23,Healthcare,0.309025,0.43079999999999996
2022-09-23,Industrials,0.2847,0.060100000000000015
2022-09-23,Materials,0.3919,0.39049999999999996
2022-09-23,RealEstate,0.1998,0.008939999999999998
2022-09-23,Tech,0.10636000000000001,0.39109999999999995
2022-09-23,Utilities,0.3509333333333333,0.18972500000000003
2022-09-26,Comm,0.28628,0.43755
2022-09-26,Consumer,0.75522,-0.19956000000000002
2022-09-26,Energy,0.139175,-0.463775
2022-09-26,Financials,0.46836,0.25602
2022-09-26,Healthcare,0.24247999999999997,0.309025
2022-09-26,Industrials,-0.082725,0.2847
2022-09-26,Materials,0.26626666666666665,0.3919
2022-09-26,RealEstate,0.2911,0.1998
2022-09-26,Tech,0.39358,0.10636000000000001
2022-09-26,Utilities,0.7884,0.3509333333333333
2022-09-27,Comm,0.622475,0.28628
2022-09-27,Consumer,0.18169999999999997,0.75522
2022-09-27,Energy,-0.27416666666666667,0.139175
2022-09-27,Financials,0.024575000000000014,0.46836
2022-09-27,Healthcare,0.32334,0.24247999999999997
2022-09-27,Industrials,0.016399999999999998,-0.082725
2022-09-27,Materials,0.0,0.26626666666666665
2022-09-27,RealEstate,0.4161333333333334,0.2911
2022-09-27,Tech,0.45138,0.39358
2022-09-27,Utilities,0.1585,0.7884
2022-09-28,Comm,0.4835,0.622475
2022-09-28,Consumer,0.10833999999999999,0.18169999999999997
2022-09-28,Energy,0.5635,-0.27416666666666667
2022-09-28,Financials,0.29218,0.024575000000000014
2022-09-28,Healthcare,0.28204,0.32334
2022-09-28,Industrials,0.010933333333333345,0.016399999999999998
2022-09-28,Materials,0.12254999999999999,0.0
2022-09-28,RealEstate,0.0004250000000000226,0.4161333333333334
2022-09-28,Tech,0.059940000000000014,0.45138
2022-09-28,Utilities,-0.13282,0.1585
2022-09-29,Comm,0.280975,0.4835
2022-09-29,Consumer,0.56828,0.10833999999999999
2022-09-29,Energy,0.5713,0.5635
2022-09-29,Financials,0.29772,0.29218
2022-09-29,Healthcare,0.20082499999999998,0.28204
2022-09-29,Industrials,0.1144,0.010933333333333345
2022-09-29,Materials,0.0,0.12254999999999999
2022-09-29,RealEstate,0.25,0.0004250000000000226
2022-09-29,Tech,0.26188,0.059940000000000014
2022-09-29,Utilities,0.3818,-0.13282
2022-09-30,Comm,0.09866666666666667,0.280975
2022-09-30,Consumer,0.42544000000000004,0.56828
2022-09-30,Energy,0.6852,0.5713
2022-09-30,Financials,0.5326666666666666,0.29772
2022-09-30,Healthcare,0.15293333333333334,0.20082499999999998
2022-09-30,Industrials,0.1468,0.1144
2022-09-30,Materials,0.08333333333333333,0.0
2022-09-30,RealEstate,0.48845000000000005,0.25
2022-09-30,Tech,-0.29812000000000005,0.26188
2022-09-30,Utilities,0.1779,0.3818
2022-10-03,Comm,0.49912,0.09866666666666667
2022-10-03,Consumer,0.39136,0.42544000000000004
2022-10-03,Energy,0.44596,0.6852
2022-10-03,Financials,0.506325,0.5326666666666666
2022-10-03,Healthcare,0.25460000000000005,0.15293333333333334
2022-10-03,Industrials,0.3990666666666667,0.1468
2022-10-03,Materials,0.15036666666666668,0.08333333333333333
2022-10-03,RealEstate,0.6629499999999999,0.48845000000000005
2022-10-03,Tech,0.914475,-0.29812000000000005
2022-10-03,Utilities,0.21235,0.1779
2022-10-04,Comm,0.07668,0.49912
2022-10-04,Consumer,-0.017920000000000002,0.39136
2022-10-04,Energy,0.46425,0.44596
2022-10-04,Financials,0.7689999999999999,0.506325
2022-10-04,Healthcare,-0.003100000000000003,0.25460000000000005
2022-10-04,Industrials,0.07095000000000001,0.3990666666666667
2022-10-04,Materials,0.3825,0.15036666666666668
2022-10-04,RealEstate,0.45562,0.6629499999999999
2022-10-04,Tech,0.6889000000000001,0.914475
2022-10-04,Utilities,0.27275,0.21235
2022-10-05,Comm,0.3894666666666667,0.07668
2022-10-05,Consumer,0.07375999999999999,-0.017920000000000002
2022-10-05,Energy,0.6067199999999999,0.46425
2022-10-05,Financials,0.381575,0.7689999999999999
2022-10-05,Healthcare,0.2406,-0.003100000000000003
2022-10-05,Industrials,0.5049333333333333,0.07095000000000001
2022-10-05,Materials,0.09316666666666668,0.3825
2022-10-05,RealEstate,0.412025,0.45562
2022-10-05,Tech,0.3154,0.6889000000000001
2022-10-05,Utilities,0.30532000000000004,0.27275
2022-10-06,Comm,0.28935,0.3894666666666667
2022-10-06,Consumer,0.38704,0.07375999999999999
2022-10-06,Energy,0.52722,0.6067199999999999
2022-10-06,Financials,0.39475999999999994,0.381575
2022-10-06,Healthcare,-0.5264,0.2406
2022-10-06,Industrials,0.22503333333333334,0.5049333333333333
2022-10-06,Materials,-0.25453333333333333,0.09316666666666668
2022-10-06,RealEstate,0.0625,0.412025
2022-10-06,Tech,-0.431025,0.3154
2022-10-06,Utilities,0.249075,0.30532000000000004
2022-10-07,Comm,0.28509999999999996,0.28935
2022-10-07,Consumer,-0.1357,0.38704
2022-10-07,Energy,0.6574199999999999,0.52722
2022-10-07,Financials,0.32052,0.39475999999999994
2022-10-07,Healthcare,0.1652,-0.5264
2022-10-07,Industrials,0.15107500000000001,0.22503333333333334
2022-10-07,Materials,-0.11315,-0.25453333333333333
2022-10-07,RealEstate,0.26735,0.0625
2022-10-07,Tech,0.52952,-0.431025
2022-10-07,Utilities,0.4841399999999999,0.249075
2022-10-10,Comm,0.0,0.28509999999999996
2022-10-10,Consumer,0.49526000000000003,-0.1357
2022-10-10,Energy,0.36978,0.6574199999999999
2022-10-10,Financials,0.21949999999999997,0.32052
2022-10-10,Healthcare,0.72824,0.1652
2022-10-10,Industrials,0.24422500000000003,0.15107500000000001
2022-10-10,Materials,0.24770000000000003,-0.11315
2022-10-10,RealEstate,0.24106,0.26735
2022-10-10,Tech,0.29456,0.52952
2022-10-10,Utilities,0.59545,0.4841399999999999
2022-10-11,Comm,0.32256666666666667,0.0
2022-10-11,Consumer,0.6526,0.49526000000000003
2022-10-11,Energy,0.2081333333333333,0.36978
2022-10-11,Financials,-0.5625600000000001,0.21949999999999997
2022-10-11,Healthcare,0.55264,0.72824
2022-10-11,Industrials,0.4628666666666667,0.24422500000000003
2022-10-11,Materials,0.0,0.24770000000000003
2022-10-11,RealEstate,-0.013233333333333338,0.24106
2022-10-11,Tech,0.09352500000000001,0.29456
2022-10-11,Utilities,0.2722333333333333,0.59545
2022-10-12,Comm,0.22111999999999998,0.32256666666666667
2022-10-12,Consumer,0.60258,0.6526
2022-10-12,Energy,0.47085,0.2081333333333333
2022-10-12,Financials,-0.049775,-0.5625600000000001
2022-10-12,Healthcare,0.58695,0.55264
2022-10-12,Industrials,0.4334,0.4628666666666667
2022-10-12,Materials,0.34,0.0
2022-10-12,RealEstate,0.31245,-0.013233333333333338
2022-10-12,Tech,-0.40176,0.09352500000000001
2022-10-12,Utilities,0.09106666666666667,0.2722333333333333
2022-10-13,Comm,-0.299,0.22111999999999998
2022-10-13,Consumer,0.31464,0.60258
2022-10-13,Energy,0.1376,0.47085
2022-10-13,Financials,0.12247999999999999,-0.049775
2022-10-13,Healthcare,-0.3358,0.58695
2022-10-13,Industrials,0.167625,0.4334
2022-10-13,Materials,0.100475,0.34
2022-10-13,RealEstate,0.0,0.31245
2022-10-13,Tech,0.03707999999999999,-0.40176
2022-10-13,Utilities,0.1366,0.09106666666666667
2022-10-14,Comm,0.0,-0.299
2022-10-14,Consumer,0.13754,0.31464
2022-10-14,Energy,0.5111399999999999,0.1376
2022-10-14,Financials,0.6775800000000001,0.12247999999999999
2022-10-14,Healthcare,0.32558,-0.3358
2022-10-14,Industrials,0.23916666666666667,0.167625
2022-10-14,Materials,0.0,0.100475
2022-10-14,RealEstate,-0.020899999999999974,0.0
2022-10-14,Tech,0.22754000000000002,0.03707999999999999
2022-10-14,Utilities,0.2885,0.1366
2022-10-17,Comm,0.5572,0.0
2022-10-17,Consumer,0.30052,0.13754
2022-10-17,Energy,0.22136,0.5111399999999999
2022-10-17,Financials,0.58674,0.6775800000000001
2022-10-17,Healthcare,-0.009760000000000013,0.32558
2022-10-17,Industrials,-0.0929,0.23916666666666667
2022-10-17,Materials,0.034400000000000014,0.0
2022-10-17,RealEstate,0.277125,-0.020899999999999974
2022-10-17,Tech,0.2343,0.22754000000000002
2022-10-17,Utilities,-0.09018,0.2885
2022-10-18,Comm,0.13872,0.5572
2022-10-18,Consumer,0.28603999999999996,0.30052
2022-10-18,Energy,-0.0991,0.22136
2022-10-18,Financials,0.36538,0.58674
2022-10-18,Healthcare,0.07874,-0.009760000000000013
2022-10-18,Industrials,0.28017499999999995,-0.0929
2022-10-18,Materials,0.2698666666666667,0.034400000000000014
2022-10-18,RealEstate,0.06743333333333333,0.277125
2022-10-18,Tech,0.13828000000000001,0.2343
2022-10-18,Utilities,0.4255,-0.09018
2022-10-19,Comm,0.11715,0.13872
2022-10-19,Consumer,0.43948,0.28603999999999996
2022-10-19,Energy,0.20646,-0.0991
2022-10-19,Financials,0.15494,0.36538
2022-10-19,Healthcare,0.19724,0.07874
2022-10-19,Industrials,-0.1806,0.28017499999999995
2022-10-19,Materials,0.0,0.2698666666666667
2022-10-19,RealEstate,0.311425,0.06743333333333333
2022-10-19,Tech,-0.0669,0.13828000000000001
2022-10-19,Utilities,0.07289999999999999,0.4255
2022-10-20,Comm,0.17390000000000003,0.11715
2022-10-20,Consumer,0.6323000000000001,0.43948
2022-10-20,Energy,0.12722000000000003,0.20646
2022-10-20,Financials,0.15612499999999999,0.15494
2022-10-20,Healthcare,0.21976,0.19724
2022-10-20,Industrials,0.365225,-0.1806
2022-10-20,Materials,0.11800000000000002,0.0
2022-10-20,RealEstate,0.20095,0.311425
2022-10-20,Tech,0.53698,-0.0669
2022-10-20,Utilities,0.19722,0.07289999999999999
2022-10-21,Comm,0.333075,0.17390000000000003
2022-10-21,Consumer,0.23883333333333331,0.6323000000000001
2022-10-21,Energy,0.5202,0.12722000000000003
2022-10-21,Financials,-0.26780000000000004,0.15612499999999999
2022-10-21,Healthcare,0.23826,0.21976
2022-10-21,Industrials,0.6679999999999999,0.365225
2022-10-21,Materials,0.5985,0.11800000000000002
2022-10-21,RealEstate,0.50184,0.20095
2022-10-21,Tech,0.15974000000000002,0.53698
2022-10-21,Utilities,0.28828,0.19722
2022-10-24,Comm,0.49974999999999997,0.333075
2022-10-24,Consumer,0.64864,0.23883333333333331
2022-10-24,Energy,0.6029,0.5202
2022-10-24,Financials,0.05257499999999997,-0.26780000000000004
2022-10-24,Healthcare,0.10894,0.23826
2022-10-24,Industrials,0.4645,0.6679999999999999
2022-10-24,Materials,0.22057500000000002,0.5985
2022-10-24,RealEstate,0.49172000000000005,0.50184
2022-10-24,Tech,-0.12069999999999999,0.15974000000000002
2022-10-24,Utilities,0.24062,0.28828
2022-10-25,Comm,0.2835,0.49974999999999997
2022-10-25,Consumer,0.34938,0.64864
2022-10-25,Energy,0.106675,0.6029
2022-10-25,Financials,0.650675,0.05257499999999997
2022-10-25,Healthcare,0.09963999999999999,0.10894
2022-10-25,Industrials,0.10449999999999998,0.4645
2022-10-25,Materials,0.23763333333333336,0.22057500000000002
2022-10-25,RealEstate,0.09152,0.49172000000000005
2022-10-25,Tech,-0.11660000000000001,-0.12069999999999999
2022-10-25,Utilities,0.22882500000000003,0.24062
2022-10-26,Comm,0.14265,0.2835
2022-10-26,Consumer,0.2984,0.34938
2022-10-26,Energy,0.21095,0.106675
2022-10-26,Financials,0.5081666666666668,0.650675
2022-10-26,Healthcare,0.36036666666666667,0.09963999999999999
2022-10-26,Industrials,0.15649999999999997,0.10449999999999998
2022-10-26,Materials,0.0,0.23763333333333336
2022-10-26,RealEstate,0.244175,0.09152
2022-10-26,Tech,0.45220000000000005,-0.11660000000000001
2022-10-26,Utilities,0.31167500000000004,0.22882500000000003
2022-10-27,Comm,0.7343,0.14265
2022-10-27,Consumer,0.36444,0.2984
2022-10-27,Energy,0.52422,0.21095
2022-10-27,Financials,0.41494,0.5081666666666668
2022-10-27,Healthcare,0.685725,0.36036666666666667
2022-10-27,Industrials,0.538275,0.15649999999999997
2022-10-27,Materials,0.13396666666666665,0.0
2022-10-27,RealEstate,-0.0010000000000000009,0.244175
2022-10-27,Tech,0.07132000000000001,0.45220000000000005
2022-10-27,Utilities,0.29355000000000003,0.31167500000000004
2022-10-28,Comm,0.2291,0.7343
2022-10-28,Consumer,0.36822,0.36444
2022-10-28,Energy,0.60972,0.52422
2022-10-28,Financials,0.11495999999999999,0.41494
2022-10-28,Healthcare,0.28925999999999996,0.685725
2022-10-28,Industrials,0.239825,0.538275
2022-10-28,Materials,0.0,0.13396666666666665
2022-10-28,RealEstate,0.0,-0.0010000000000000009
2022-10-28,Tech,0.6033999999999999,0.07132000000000001
2022-10-28,Utilities,0.339025,0.29355000000000003
2022-10-31,Comm,0.421625,0.2291
2022-10-31,Consumer,0.38094,0.36822
2022-10-31,Energy,0.7024600000000001,0.60972
2022-10-31,Financials,0.4423,0.11495999999999999
2022-10-31,Healthcare,0.0,0.28925999999999996
2022-10-31,Industrials,0.4678333333333333,0.239825
2022-10-31,Materials,0.0,0.0
2022-10-31,RealEstate,0.43346,0.0
2022-10-31,Tech,0.36676000000000003,0.6033999999999999
2022-10-31,Utilities,0.53598,0.339025
2022-11-01,Comm,0.20229999999999998,0.421625
2022-11-01,Consumer,0.32806,0.38094
2022-11-01,Energy,0.422275,0.7024600000000001
2022-11-01,Financials,0.21285000000000004,0.4423
2022-11-01,Healthcare,0.33754,0.0
2022-11-01,Industrials,0.11333333333333334,0.4678333333333333
2022-11-01,Materials,-0.03409999999999999,0.0
2022-11-01,RealEstate,0.10115,0.43346
2022-11-01,Tech,0.36588000000000004,0.36676000000000003
2022-11-01,Utilities,0.4153,0.53598
2022-11-02,Comm,-0.157575,0.20229999999999998
2022-11-02,Consumer,0.73498,0.32806
2022-11-02,Energy,0.6838,0.422275
2022-11-02,Financials,0.348925,0.21285000000000004
2022-11-02,Healthcare,0.07126000000000002,0.33754
2022-11-02,Industrials,0.1909,0.11333333333333334
2022-11-02,Materials,-0.0258,-0.03409999999999999
2022-11-02,RealEstate,0.19469999999999998,0.10115
2022-11-02,Tech,0.59002,0.36588000000000004
2022-11-02,Utilities,0.26425,0.4153
2022-11-03,Comm,0.23651999999999998,-0.157575
2022-11-03,Consumer,0.11696000000000002,0.73498
2022-11-03,Energy,0.68696,0.6838
2022-11-03,Financials,-0.2326,0.348925
2022-11-03,Healthcare,-0.229725,0.07126000000000002
2022-11-03,Industrials,0.08962500000000001,0.1909
2022-11-03,Materials,0.21619999999999998,-0.0258
2022-11-03,RealEstate,-0.05983333333333332,0.19469999999999998
2022-11-03,Tech,0.139625,0.59002
2022-11-03,Utilities,0.34252499999999997,0.26425
2022-11-04,Comm,-0.02535000000000001,0.23651999999999998
2022-11-04,Consumer,0.13591999999999999,0.11696000000000002
2022-11-04,Energy,0.29312,0.68696
2022-11-04,Financials,0.18789999999999998,-0.2326
2022-11-04,Healthcare,0.17592000000000002,-0.229725
2022-11-04,Industrials,0.2535,0.08962500000000001
2022-11-04,Materials,0.21619999999999998,0.21619999999999998
2022-11-04,RealEstate,-0.2732,-0.05983333333333332
2022-11-04,Tech,0.243,0.139625
2022-11-04,Utilities,0.563475,0.34252499999999997
2022-11-07,Comm,-0.07949999999999999,-0.02535000000000001
2022-11-07,Consumer,0.36376,0.13591999999999999
2022-11-07,Energy,0.4053,0.29312
2022-11-07,Financials,0.022040000000000004,0.18789999999999998
2022-11-07,Healthcare,0.06238000000000001,0.17592000000000002
2022-11-07,Industrials,0.0,0.2535
2022-11-07,Materials,0.0,0.21619999999999998
2022-11-07,RealEstate,0.266125,-0.2732
2022-11-07,Tech,0.46040000000000003,0.243
2022-11-07,Utilities,-0.028280000000000007,0.563475
2022-11-08,Comm,0.181975,-0.07949999999999999
2022-11-08,Consumer,0.25873999999999997,0.36376
2022-11-08,Energy,0.59945,0.4053
2022-11-08,Financials,0.09106666666666668,0.022040000000000004
2022-11-08,Healthcare,0.07196,0.06238000000000001
2022-11-08,Industrials,0.11827499999999999,0.0
2022-11-08,Materials,0.17029999999999998,0.0
2022-11-08,RealEstate,0.3119,0.266125
2022-11-08,Tech,0.24672,0.46040000000000003
2022-11-08,Utilities,0.1897333333333333,-0.028280000000000007
2022-11-09,Comm,0.09106666666666667,0.181975
2022-11-09,Consumer,0.269475,0.25873999999999997
2022-11-09,Energy,-0.14147500000000002,0.59945
2022-11-09,Financials,0.27265,0.09106666666666668
2022-11-09,Healthcare,0.2943,0.07196
2022-11-09,Industrials,0.14049999999999999,0.11827499999999999
2022-11-09,Materials,0.0,0.17029999999999998
2022-11-09,RealEstate,0.10115,0.3119
2022-11-09,Tech,0.17847500000000002,0.24672
2022-11-09,Utilities,0.010325000000000015,0.1897333333333333
2022-11-10,Comm,0.04046,0.09106666666666667
2022-11-10,Consumer,-0.16984,0.269475
2022-11-10,Energy,0.36372,-0.14147500000000002
2022-11-10,Financials,0.0256,0.27265
2022-11-10,Healthcare,0.20111999999999997,0.2943
2022-11-10,Industrials,0.06433333333333334,0.14049999999999999
2022-11-10,Materials,0.0,0.0
2022-11-10,RealEstate,0.22555,0.10115
2022-11-10,Tech,0.39098,0.17847500000000002
2022-11-10,Utilities,0.6392,0.010325000000000015
2022-11-11,Comm,0.0,0.04046
2022-11-11,Consumer,0.5727599999999999,-0.16984
2022-11-11,Energy,0.29544000000000004,0.36372
2022-11-11,Financials,0.05267999999999999,0.0256
2022-11-11,Healthcare,0.5267000000000001,0.20111999999999997
2022-11-11,Industrials,0.6514500000000001,0.06433333333333334
2022-11-11,Materials,0.3825,0.0
2022-11-11,RealEstate,0.5327999999999999,0.22555
2022-11-11,Tech,0.38378,0.39098
2022-11-11,Utilities,0.1711,0.6392
2022-11-14,Comm,0.73524,0.0
2022-11-14,Consumer,0.55226,0.5727599999999999
2022-11-14,Energy,0.7920200000000001,0.29544000000000004
2022-11-14,Financials,0.40991999999999995,0.05267999999999999
2022-11-14,Healthcare,0.41773999999999994,0.5267000000000001
2022-11-14,Industrials,0.019274999999999987,0.6514500000000001
2022-11-14,Materials,0.04980000000000001,0.3825
2022-11-14,RealEstate,0.29663333333333336,0.5327999999999999
2022-11-14,Tech,0.44958,0.38378
2022-11-14,Utilities,0.15016000000000002,0.1711
2022-11-15,Comm,-0.077225,0.73524
2022-11-15,Consumer,0.34622,0.55226
2022-11-15,Energy,0.61308,0.7920200000000001
2022-11-15,Financials,0.3354333333333333,0.40991999999999995
2022-11-15,Healthcare,0.43323999999999996,0.41773999999999994
2022-11-15,Industrials,0.1661,0.019274999999999987
2022-11-15,Materials,0.313175,0.04980000000000001
2022-11-15,RealEstate,0.4939,0.29663333333333336
2022-11-15,Tech,0.54785,0.44958
2022-11-15,Utilities,0.2755,0.15016000000000002
2022-11-16,Comm,0.3570666666666667,-0.077225
2022-11-16,Consumer,0.14323999999999998,0.34622
2022-11-16,Energy,0.49673999999999996,0.61308
2022-11-16,Financials,0.13582,0.3354333333333333
2022-11-16,Healthcare,0.22495,0.43323999999999996
2022-11-16,Industrials,0.029950000000000004,0.1661
2022-11-16,Materials,0.313175,0.313175
2022-11-16,RealEstate,0.40796666666666664,0.4939
2022-11-16,Tech,0.14682,0.54785
2022-11-16,Utilities,0.28102499999999997,0.2755
2022-11-17,Comm,-0.038275,0.3570666666666667
2022-11-17,Consumer,0.65772,0.14323999999999998
2022-11-17,Energy,0.258275,0.49673999999999996
2022-11-17,Financials,0.44116,0.13582
2022-11-17,Healthcare,0.05738,0.22495
2022-11-17,Industrials,0.3977333333333333,0.029950000000000004
2022-11-17,Materials,0.7096,0.313175
2022-11-17,RealEstate,0.40796666666666664,0.40796666666666664
2022-11-17,Tech,0.37262,0.14682
2022-11-17,Utilities,0.28102499999999997,0.28102499999999997
2022-11-18,Comm,0.0,-0.038275
2022-11-18,Consumer,0.16770000000000002,0.65772
2022-11-18,Energy,0.35746666666666665,0.258275
2022-11-18,Financials,0.4162333333333333,0.44116
2022-11-18,Healthcare,0.27424,0.05738
2022-11-18,Industrials,-0.128,0.3977333333333333
2022-11-18,Materials,0.3344666666666667,0.7096
2022-11-18,RealEstate,-0.13486666666666666,0.40796666666666664
2022-11-18,Tech,0.579125,0.37262
2022-11-18,Utilities,0.2005,0.28102499999999997
2022-11-21,Comm,0.349225,0.0
2022-11-21,Consumer,0.8505,0.16770000000000002
2022-11-21,Energy,0.5226200000000001,0.35746666666666665
2022-11-21,Financials,0.183725,0.4162333333333333
2022-11-21,Healthcare,0.662575,0.27424
2022-11-21,Industrials,0.3229666666666667,-0.128
2022-11-21,Materials,0.23763333333333336,0.3344666666666667
2022-11-21,RealEstate,0.3889,-0.13486666666666666
2022-11-21,Tech,0.62684,0.579125
2022-11-21,Utilities,0.27507499999999996,0.2005
2022-11-22,Comm,0.886,0.349225
2022-11-22,Consumer,0.26722,0.8505
2022-11-22,Energy,-0.07717500000000001,0.5226200000000001
2022-11-22,Financials,0.2874,0.183725
2022-11-22,Healthcare,0.66528,0.662575
2022-11-22,Industrials,0.28090000000000004,0.3229666666666667
2022-11-22,Materials,0.0,0.23763333333333336
2022-11-22,RealEstate,-0.47209999999999996,0.3889
2022-11-22,Tech,-0.10972,0.62684
2022-11-22,Utilities,0.0,0.27507499999999996
2022-11-23,Comm,0.0129,0.886
2022-11-23,Consumer,0.688575,0.26722
2022-11-23,Energy,0.6613399999999999,-0.07717500000000001
2022-11-23,Financials,0.18656666666666666,0.2874
2022-11-23,Healthcare,0.339825,0.66528
2022-11-23,Industrials,0.0,0.28090000000000004
2022-11-23,Materials,0.296,0.0
2022-11-23,RealEstate,0.2936,-0.47209999999999996
2022-11-23,Tech,0.45767500000000005,-0.10972
2022-11-23,Utilities,0.312525,0.0
2022-11-25,Comm,0.6307333333333333,0.0129
2022-11-25,Consumer,0.6540600000000001,0.688575
2022-11-25,Energy,0.383,0.6613399999999999
2022-11-25,Financials,0.35236,0.18656666666666666
2022-11-25,Healthcare,0.4531,0.339825
2022-11-25,Industrials,0.0,0.0
2022-11-25,Materials,0.0,0.296
2022-11-25,RealEstate,0.43113333333333337,0.2936
2022-11-25,Tech,-0.08239999999999999,0.45767500000000005
2022-11-25,Utilities,0.41005,0.312525
2022-11-28,Comm,0.5923499999999999,0.6307333333333333
2022-11-28,Consumer,0.4596,0.6540600000000001
2022-11-28,Energy,0.023899999999999998,0.383
2022-11-28,Financials,0.17785,0.35236
2022-11-28,Healthcare,0.71472,0.4531
2022-11-28,Industrials,0.05197500000000001,0.0
2022-11-28,Materials,0.2023,0.0
2022-11-28,RealEstate,0.6929,0.43113333333333337
2022-11-28,Tech,0.5877800000000001,-0.08239999999999999
2022-11-28,Utilities,0.2553,0.41005
2022-11-29,Comm,0.4779333333333333,0.5923499999999999
2022-11-29,Consumer,0.387775,0.4596
2022-11-29,Energy,0.29978,0.023899999999999998
2022-11-29,Financials,0.8045,0.17785
2022-11-29,Healthcare,0.53156,0.71472
2022-11-29,Industrials,0.14984999999999998,0.05197500000000001
2022-11-29,Materials,0.0,0.2023
2022-11-29,RealEstate,0.6929,0.6929
2022-11-29,Tech,-0.10976,0.5877800000000001
2022-11-29,Utilities,0.2254666666666667,0.2553
2022-11-30,Comm,0.15253333333333333,0.4779333333333333
2022-11-30,Consumer,0.49595,0.387775
2022-11-30,Energy,0.5984499999999999,0.29978
2022-11-30,Financials,0.1515,0.8045
2022-11-30,Healthcare,0.599,0.53156
2022-11-30,Industrials,0.257275,0.14984999999999998
2022-11-30,Materials,0.22732000000000002,0.0
2022-11-30,RealEstate,0.23116666666666666,0.6929
2022-11-30,Tech,-0.04903999999999999,-0.10976
2022-11-30,Utilities,0.2482,0.2254666666666667
2022-12-01,Comm,0.14838,0.15253333333333333
2022-12-01,Consumer,0.38114,0.49595
2022-12-01,Energy,0.39727999999999997,0.5984499999999999
2022-12-01,Financials,-0.25878,0.1515
2022-12-01,Healthcare,0.31474,0.599
2022-12-01,Industrials,0.40654999999999997,0.257275
2022-12-01,Materials,0.08255,0.22732000000000002
2022-12-01,RealEstate,0.418625,0.23116666666666666
2022-12-01,Tech,0.55682,-0.04903999999999999
2022-12-01,Utilities,0.283575,0.2482
2022-12-02,Comm,0.42024,0.14838
2022-12-02,Consumer,0.6083,0.38114
2022-12-02,Energy,0.6508,0.39727999999999997
2022-12-02,Financials,0.475,-0.25878
2022-12-02,Healthcare,-0.25186,0.31474
2022-12-02,Industrials,0.11016666666666665,0.40654999999999997
2022-12-02,Materials,-0.17,0.08255
2022-12-02,RealEstate,0.1661,0.418625
2022-12-02,Tech,0.3266,0.55682
2022-12-02,Utilities,0.42545,0.283575
2022-12-05,Comm,0.356175,0.42024
2022-12-05,Consumer,0.19524000000000002,0.6083
2022-12-05,Energy,0.6435,0.6508
2022-12-05,Financials,0.45709999999999995,0.475
2022-12-05,Healthcare,0.15285,-0.25186
2022-12-05,Industrials,0.19335000000000002,0.11016666666666665
2022-12-05,Materials,0.0,-0.17
2022-12-05,RealEstate,0.31845,0.1661
2022-12-05,Tech,0.33796,0.3266
2022-12-05,Utilities,0.421675,0.42545
2022-12-06,Comm,0.36005,0.356175
2022-12-06,Consumer,0.4412,0.19524000000000002
2022-12-06,Energy,0.52024,0.6435
2022-12-06,Financials,-0.4665333333333333,0.45709999999999995
2022-12-06,Healthcare,0.036720000000000017,0.15285
2022-12-06,Industrials,-0.3355666666666666,0.19335000000000002
2022-12-06,Materials,0.4201,0.0
2022-12-06,RealEstate,0.39815,0.31845
2022-12-06,Tech,0.12090000000000001,0.33796
2022-12-06,Utilities,-0.07655,0.421675
2022-12-07,Comm,0.26005,0.36005
2022-12-07,Consumer,0.36804,0.4412
2022-12-07,Energy,0.34024,0.52024
2022-12-07,Financials,-0.27837999999999996,-0.4665333333333333
2022-12-07,Healthcare,0.03745000000000001,0.036720000000000017
2022-12-07,Industrials,0.4588,-0.3355666666666666
2022-12-07,Materials,0.4201,0.4201
2022-12-07,RealEstate,0.38005,0.39815
2022-12-07,Tech,0.7146399999999999,0.12090000000000001
2022-12-07,Utilities,0.3615333333333333,-0.07655
2022-12-08,Comm,0.45003333333333334,0.26005
2022-12-08,Consumer,0.56158,0.36804
2022-12-08,Energy,0.44016,0.34024
2022-12-08,Financials,0.23948,-0.27837999999999996
2022-12-08,Healthcare,0.07948000000000002,0.03745000000000001
2022-12-08,Industrials,0.39987500000000004,0.4588
2022-12-08,Materials,0.17,0.4201
2022-12-08,RealEstate,0.0,0.38005
2022-12-08,Tech,0.5266000000000001,0.7146399999999999
2022-12-08,Utilities,-0.11315,0.3615333333333333
2022-12-09,Comm,-0.03557999999999999,0.45003333333333334
2022-12-09,Consumer,0.7501800000000001,0.56158
2022-12-09,Energy,0.28014,0.44016
2022-12-09,Financials,0.0,0.23948
2022-12-09,Healthcare,0.42755,0.07948000000000002
2022-12-09,Industrials,0.18409999999999999,0.39987500000000004
2022-12-09,Materials,0.31845,0.17
2022-12-09,RealEstate,0.48536666666666667,0.0
2022-12-09,Tech,0.41685000000000005,0.5266000000000001
2022-12-09,Utilities,0.1991,-0.11315
2022-12-12,Comm,0.25233333333333335,-0.03557999999999999
2022-12-12,Consumer,0.42454000000000003,0.7501800000000001
2022-12-12,Energy,0.58114,0.28014
2022-12-12,Financials,0.28234,0.0
2022-12-12,Healthcare,0.032319999999999995,0.42755
2022-12-12,Industrials,0.07143333333333333,0.18409999999999999
2022-12-12,Materials,-0.1858,0.31845
2022-12-12,RealEstate,0.06743333333333333,0.48536666666666667
2022-12-12,Tech,0.52068,0.41685000000000005
2022-12-12,Utilities,0.389675,0.1991
2022-12-13,Comm,0.13300000000000003,0.25233333333333335
2022-12-13,Consumer,0.29182,0.42454000000000003
2022-12-13,Energy,0.36836,0.58114
2022-12-13,Financials,0.1941,0.28234
2022-12-13,Healthcare,0.16146000000000002,0.032319999999999995
2022-12-13,Industrials,0.691575,0.07143333333333333
2022-12-13,Materials,0.3395,-0.1858
2022-12-13,RealEstate,0.148,0.06743333333333333
2022-12-13,Tech,0.701375,0.52068
2022-12-13,Utilities,0.23835,0.389675
2022-12-14,Comm,0.19046666666666665,0.13300000000000003
2022-12-14,Consumer,0.244025,0.29182
2022-12-14,Energy,-0.11827999999999998,0.36836
2022-12-14,Financials,0.0024500000000000077,0.1941
2022-12-14,Healthcare,0.17,0.16146000000000002
2022-12-14,Industrials,0.312325,0.691575
2022-12-14,Materials,0.12726666666666667,0.3395
2022-12-14,RealEstate,0.11333333333333334,0.148
2022-12-14,Tech,0.028579999999999994,0.701375
2022-12-14,Utilities,0.0,0.23835
2022-12-15,Comm,0.28208,0.19046666666666665
2022-12-15,Consumer,0.4379,0.244025
2022-12-15,Energy,0.1804,-0.11827999999999998
2022-12-15,Financials,0.6076,0.0024500000000000077
2022-12-15,Healthcare,0.45128,0.17
2022-12-15,Industrials,0.6010666666666666,0.312325
2022-12-15,Materials,0.0,0.12726666666666667
2022-12-15,RealEstate,0.23835,0.11333333333333334
2022-12-15,Tech,-0.29774,0.028579999999999994
2022-12-15,Utilities,0.468775,0.0
2022-12-16,Comm,-0.11909999999999998,0.28208
2022-12-16,Consumer,0.44936,0.4379
2022-12-16,Energy,0.35862499999999997,0.1804
2022-12-16,Financials,-0.3726,0.6076
2022-12-16,Healthcare,0.09556,0.45128
2022-12-16,Industrials,0.18066666666666667,0.6010666666666666
2022-12-16,Materials,-0.6249,0.0
2022-12-16,RealEstate,0.44345,0.23835
2022-12-16,Tech,0.26445,-0.29774
2022-12-16,Utilities,0.7514000000000001,0.468775
2022-12-19,Comm,0.309075,-0.11909999999999998
2022-12-19,Consumer,0.44416,0.44936
2022-12-19,Energy,0.36826,0.35862499999999997
2022-12-19,Financials,-0.08947999999999998,-0.3726
2022-12-19,Healthcare,0.20034000000000002,0.09556
2022-12-19,Industrials,0.4908,0.18066666666666667
2022-12-19,Materials,0.24695,-0.6249
2022-12-19,RealEstate,0.38832000000000005,0.44345
2022-12-19,Tech,0.10768,0.26445
2022-12-19,Utilities,0.46480000000000005,0.7514000000000001
2022-12-20,Comm,0.46013333333333334,0.309075
2022-12-20,Consumer,0.45195,0.44416
2022-12-20,Energy,0.5565599999999999,0.36826
2022-12-20,Financials,0.42466,-0.08947999999999998
2022-12-20,Healthcare,0.50072,0.20034000000000002
2022-12-20,Industrials,0.219425,0.4908
2022-12-20,Materials,0.4112,0.24695
2022-12-20,RealEstate,0.21075,0.38832000000000005
2022-12-20,Tech,0.583725,0.10768
2022-12-20,Utilities,0.648325,0.46480000000000005
2022-12-21,Comm,0.12476666666666668,0.46013333333333334
2022-12-21,Consumer,0.21223999999999998,0.45195
2022-12-21,Energy,0.135575,0.5565599999999999
2022-12-21,Financials,0.25327500000000003,0.42466
2022-12-21,Healthcare,0.44245999999999996,0.50072
2022-12-21,Industrials,0.800775,0.219425
2022-12-21,Materials,0.16973333333333332,0.4112
2022-12-21,RealEstate,0.08713333333333334,0.21075
2022-12-21,Tech,0.5127200000000001,0.583725
2022-12-21,Utilities,0.45505,0.648325
2022-12-22,Comm,0.19636666666666666,0.12476666666666668
2022-12-22,Consumer,0.47192500000000004,0.21223999999999998
2022-12-22,Energy,0.5069600000000001,0.135575
2022-12-22,Financials,0.57472,0.25327500000000003
2022-12-22,Healthcare,0.1237,0.44245999999999996
2022-12-22,Industrials,0.2254,0.800775
2022-12-22,Materials,0.0,0.16973333333333332
2022-12-22,RealEstate,0.08713333333333334,0.08713333333333334
2022-12-22,Tech,-0.5525800000000001,0.5127200000000001
2022-12-22,Utilities,0.0,0.45505
2022-12-23,Comm,0.46715,0.19636666666666666
2022-12-23,Consumer,0.2917,0.47192500000000004
2022-12-23,Energy,0.12765,0.5069600000000001
2022-12-23,Financials,0.451175,0.57472
2022-12-23,Healthcare,0.03510000000000002,0.1237
2022-12-23,Industrials,0.08239999999999999,0.2254
2022-12-23,Materials,0.0,0.0
2022-12-23,RealEstate,0.08713333333333334,0.08713333333333334
2022-12-23,Tech,0.48723333333333335,-0.5525800000000001
2022-12-23,Utilities,0.6124,0.0
2022-12-27,Comm,0.6992666666666666,0.46715
2022-12-27,Consumer,0.79036,0.2917
2022-12-27,Energy,0.72958,0.12765
2022-12-27,Financials,0.4006,0.451175
2022-12-27,Healthcare,0.54518,0.03510000000000002
2022-12-27,Industrials,0.57135,0.08239999999999999
2022-12-27,Materials,0.4253,0.0
2022-12-27,RealEstate,0.45782,0.08713333333333334
2022-12-27,Tech,0.0388,0.48723333333333335
2022-12-27,Utilities,0.20833333333333334,0.6124
2022-12-28,Comm,0.4301333333333333,0.6992666666666666
2022-12-28,Consumer,0.1308,0.79036
2022-12-28,Energy,0.4492333333333333,0.72958
2022-12-28,Financials,0.2909333333333333,0.4006
2022-12-28,Healthcare,0.38108,0.54518
2022-12-28,Industrials,0.23353333333333334,0.57135
2022-12-28,Materials,0.09106666666666667,0.4253
2022-12-28,RealEstate,0.5849,0.45782
2022-12-28,Tech,0.244725,0.0388
2022-12-28,Utilities,0.18213333333333334,0.20833333333333334
2022-12-29,Comm,0.07593333333333335,0.4301333333333333
2022-12-29,Consumer,0.385,0.1308
2022-12-29,Energy,0.3462,0.4492333333333333
2022-12-29,Financials,0.0015599999999999948,0.2909333333333333
2022-12-29,Healthcare,0.390575,0.38108
2022-12-29,Industrials,0.134975,0.23353333333333334
2022-12-29,Materials,0.41795,0.09106666666666667
2022-12-29,RealEstate,0.151725,0.5849
2022-12-29,Tech,0.49646,0.244725
2022-12-29,Utilities,0.015149999999999997,0.18213333333333334
2022-12-30,Comm,0.20773333333333333,0.07593333333333335
2022-12-30,Consumer,0.51668,0.385
2022-12-30,Energy,0.38102,0.3462
2022-12-30,Financials,0.2553,0.0015599999999999948
2022-12-30,Healthcare,0.23653333333333335,0.390575
2022-12-30,Industrials,0.31070000000000003,0.134975
2022-12-30,Materials,-0.3182,0.41795
2022-12-30,RealEstate,0.1591,0.151725
2022-12-30,Tech,0.08636,0.49646
2022-12-30,Utilities,0.07731999999999999,0.015149999999999997
2023-01-03,Comm,-0.015566666666666673,0.20773333333333333
2023-01-03,Consumer,0.45896,0.51668
2023-01-03,Energy,0.90052,0.38102
2023-01-03,Financials,0.19126,0.2553
2023-01-03,Healthcare,0.38236,0.23653333333333335
2023-01-03,Industrials,0.29515,0.31070000000000003
2023-01-03,Materials,0.12765,-0.3182
2023-01-03,RealEstate,0.35885,0.1591
2023-01-03,Tech,0.62356,0.08636
2023-01-03,Utilities,0.135575,0.07731999999999999
2023-01-04,Comm,0.10346666666666669,-0.015566666666666673
2023-01-04,Consumer,0.29078,0.45896
2023-01-04,Energy,0.7430399999999999,0.90052
2023-01-04,Financials,0.542825,0.19126
2023-01-04,Healthcare,0.40365,0.38236
2023-01-04,Industrials,0.38786666666666664,0.29515
2023-01-04,Materials,0.2202,0.12765
2023-01-04,RealEstate,0.1806,0.35885
2023-01-04,Tech,0.09468,0.62356
2023-01-04,Utilities,0.39345,0.135575
2023-01-05,Comm,0.3946,0.10346666666666669
2023-01-05,Consumer,0.4694,0.29078
2023-01-05,Energy,0.6465799999999999,0.7430399999999999
2023-01-05,Financials,0.30301999999999996,0.542825
2023-01-05,Healthcare,0.32616,0.40365
2023-01-05,Industrials,0.22304999999999997,0.38786666666666664
2023-01-05,Materials,0.12264,0.2202
2023-01-05,RealEstate,0.3723,0.1806
2023-01-05,Tech,0.69552,0.09468
2023-01-05,Utilities,0.328075,0.39345
2023-01-06,Comm,0.4345800000000001,0.3946
2023-01-06,Consumer,0.4084,0.4694
2023-01-06,Energy,0.57646,0.6465799999999999
2023-01-06,Financials,0.21415,0.30301999999999996
2023-01-06,Healthcare,0.16534,0.32616
2023-01-06,Industrials,0.10115,0.22304999999999997
2023-01-06,Materials,0.0,0.12264
2023-01-06,RealEstate,0.0,0.3723
2023-01-06,Tech,0.6248199999999999,0.69552
2023-01-06,Utilities,0.2732,0.328075
2023-01-09,Comm,0.51955,0.4345800000000001
2023-01-09,Consumer,0.7555000000000001,0.4084
2023-01-09,Energy,0.55278,0.57646
2023-01-09,Financials,0.48884,0.21415
2023-01-09,Healthcare,0.501,0.16534
2023-01-09,Industrials,0.6086,0.10115
2023-01-09,Materials,0.17214000000000002,0.0
2023-01-09,RealEstate,0.24866666666666667,0.0
2023-01-09,Tech,0.06107999999999999,0.6248199999999999
2023-01-09,Utilities,0.19048000000000004,0.2732
2023-01-10,Comm,0.7328666666666667,0.51955
2023-01-10,Consumer,0.32080000000000003,0.7555000000000001
2023-01-10,Energy,0.17334,0.55278
2023-01-10,Financials,0.4203,0.48884
2023-01-10,Healthcare,0.140875,0.501
2023-01-10,Industrials,0.493475,0.6086
2023-01-10,Materials,0.13396666666666665,0.17214000000000002
2023-01-10,RealEstate,0.085,0.24866666666666667
2023-01-10,Tech,0.49851999999999996,0.06107999999999999
2023-01-10,Utilities,-0.25,0.19048000000000004
2023-01-11,Comm,0.458,0.7328666666666667
2023-01-11,Consumer,0.10318000000000001,0.32080000000000003
2023-01-11,Energy,0.4935666666666667,0.17334
2023-01-11,Financials,0.037075,0.4203
2023-01-11,Healthcare,-0.007520000000000015,0.140875
2023-01-11,Industrials,-0.05643333333333333,0.493475
2023-01-11,Materials,0.55905,0.13396666666666665
2023-01-11,RealEstate,0.12726666666666667,0.085
2023-01-11,Tech,0.23654000000000003,0.49851999999999996
2023-01-11,Utilities,0.2066666666666667,-0.25
2023-01-12,Comm,0.357125,0.458
2023-01-12,Consumer,0.31842000000000004,0.10318000000000001
2023-01-12,Energy,0.28915,0.4935666666666667
2023-01-12,Financials,0.29276,0.037075
2023-01-12,Healthcare,0.218725,-0.007520000000000015
2023-01-12,Industrials,0.44520000000000004,-0.05643333333333333
2023-01-12,Materials,0.28075,0.55905
2023-01-12,RealEstate,0.10517500000000002,0.12726666666666667
2023-01-12,Tech,0.18624000000000002,0.23654000000000003
2023-01-12,Utilities,0.308025,0.2066666666666667
2023-01-13,Comm,0.6997,0.357125
2023-01-13,Consumer,0.42989999999999995,0.31842000000000004
2023-01-13,Energy,0.54655,0.28915
2023-01-13,Financials,0.22440000000000002,0.29276
2023-01-13,Healthcare,0.46485,0.218725
2023-01-13,Industrials,0.163025,0.44520000000000004
2023-01-13,Materials,0.50424,0.28075
2023-01-13,RealEstate,0.06743333333333333,0.10517500000000002
2023-01-13,Tech,0.2862,0.18624000000000002
2023-01-13,Utilities,0.38516666666666666,0.308025
2023-01-17,Comm,0.389075,0.6997
2023-01-17,Consumer,0.8767799999999999,0.42989999999999995
2023-01-17,Energy,0.4298,0.54655
2023-01-17,Financials,0.7481199999999999,0.22440000000000002
2023-01-17,Healthcare,0.80658,0.46485
2023-01-17,Industrials,0.6035,0.163025
2023-01-17,Materials,0.3706666666666667,0.50424
2023-01-17,RealEstate,0.318575,0.06743333333333333
2023-01-17,Tech,0.8130000000000001,0.2862
2023-01-17,Utilities,0.41564999999999996,0.38516666666666666
2023-01-18,Comm,0.0,0.389075
2023-01-18,Consumer,0.64076,0.8767799999999999
2023-01-18,Energy,0.6480400000000001,0.4298
2023-01-18,Financials,0.65852,0.7481199999999999
2023-01-18,Healthcare,0.16725,0.80658
2023-01-18,Industrials,-0.056425,0.6035
2023-01-18,Materials,0.2679333333333333,0.3706666666666667
2023-01-18,RealEstate,-0.03423333333333333,0.318575
2023-01-18,Tech,0.5929800000000001,0.8130000000000001
2023-01-18,Utilities,0.2732,0.41564999999999996
2023-01-19,Comm,0.16689999999999997,0.0
2023-01-19,Consumer,-0.019879999999999995,0.64076
2023-01-19,Energy,0.18614999999999998,0.6480400000000001
2023-01-19,Financials,0.25598,0.65852
2023-01-19,Healthcare,-0.175075,0.16725
2023-01-19,Industrials,0.126825,-0.056425
2023-01-19,Materials,0.2867,0.2679333333333333
2023-01-19,RealEstate,0.213525,-0.03423333333333333
2023-01-19,Tech,0.14943333333333333,0.5929800000000001
2023-01-19,Utilities,0.16392,0.2732
2023-01-20,Comm,-0.34850000000000003,0.16689999999999997
2023-01-20,Consumer,0.06244000000000001,-0.019879999999999995
2023-01-20,Energy,0.76895,0.18614999999999998
2023-01-20,Financials,0.4333600000000001,0.25598
2023-01-20,Healthcare,0.04352,-0.175075
2023-01-20,Industrials,-0.01053333333333332,0.126825
2023-01-20,Materials,0.3172333333333333,0.2867
2023-01-20,RealEstate,0.33290000000000003,0.213525
2023-01-20,Tech,0.18319999999999997,0.14943333333333333
2023-01-20,Utilities,0.3615333333333333,0.16392
2023-01-23,Comm,0.42883333333333334,-0.34850000000000003
2023-01-23,Consumer,0.65364,0.06244000000000001
2023-01-23,Energy,0.50544,0.76895
2023-01-23,Financials,0.05034000000000001,0.4333600000000001
2023-01-23,Healthcare,0.71082,0.04352
2023-01-23,Industrials,0.76555,-0.01053333333333332
2023-01-23,Materials,0.3747,0.3172333333333333
2023-01-23,RealEstate,0.31688,0.33290000000000003
2023-01-23,Tech,0.78574,0.18319999999999997
2023-01-23,Utilities,0.39974,0.3615333333333333
2023-01-24,Comm,-0.10888,0.42883333333333334
2023-01-24,Consumer,0.51356,0.65364
2023-01-24,Energy,0.55152,0.50544
2023-01-24,Financials,0.25608,0.05034000000000001
2023-01-24,Healthcare,0.16087500000000002,0.71082
2023-01-24,Industrials,-0.033525,0.76555
2023-01-24,Materials,0.29886666666666667,0.3747
2023-01-24,RealEstate,0.4079,0.31688
2023-01-24,Tech,0.71885,0.78574
2023-01-24,Utilities,0.567325,0.39974
2023-01-25,Comm,-0.1026,-0.10888
2023-01-25,Consumer,0.45405999999999996,0.51356
2023-01-25,Energy,0.77162,0.55152
2023-01-25,Financials,0.261275,0.25608
2023-01-25,Healthcare,-0.3538,0.16087500000000002
2023-01-25,Industrials,0.09866666666666667,-0.033525
2023-01-25,Materials,-0.033099999999999984,0.29886666666666667
2023-01-25,RealEstate,0.238,0.4079
2023-01-25,Tech,0.28864,0.71885
2023-01-25,Utilities,0.4148,0.567325
2023-01-26,Comm,0.658975,-0.1026
2023-01-26,Consumer,0.4399,0.45405999999999996
2023-01-26,Energy,0.8563000000000001,0.77162
2023-01-26,Financials,0.60436,0.261275
2023-01-26,Healthcare,0.32211999999999996,-0.3538
2023-01-26,Industrials,0.196525,0.09866666666666667
2023-01-26,Materials,0.26692,-0.033099999999999984
2023-01-26,RealEstate,0.0258,0.238
2023-01-26,Tech,0.2051,0.28864
2023-01-26,Utilities,0.45594,0.4148
2023-01-27,Comm,0.19878,0.658975
2023-01-27,Consumer,0.33693999999999996,0.4399
2023-01-27,Energy,0.6053,0.8563000000000001
2023-01-27,Financials,0.707025,0.60436
2023-01-27,Healthcare,0.06699999999999999,0.32211999999999996
2023-01-27,Industrials,0.42063333333333336,0.196525
2023-01-27,Materials,0.3286,0.26692
2023-01-27,RealEstate,0.3066,0.0258
2023-01-27,Tech,-0.07365,0.2051
2023-01-27,Utilities,0.26995,0.45594
2023-01-30,Comm,0.13613333333333333,0.19878
2023-01-30,Consumer,0.20826000000000003,0.33693999999999996
2023-01-30,Energy,0.57062,0.6053
2023-01-30,Financials,0.44132,0.707025
2023-01-30,Healthcare,0.24596,0.06699999999999999
2023-01-30,Industrials,-0.031275,0.42063333333333336
2023-01-30,Materials,0.5932,0.3286
2023-01-30,RealEstate,0.53925,0.3066
2023-01-30,Tech,0.51582,-0.07365
2023-01-30,Utilities,0.29396666666666665,0.26995
2023-01-31,Comm,-0.13534,0.13613333333333333
2023-01-31,Consumer,0.23647999999999997,0.20826000000000003
2023-01-31,Energy,0.4808,0.57062
2023-01-31,Financials,0.20734999999999998,0.44132
2023-01-31,Healthcare,0.01239999999999999,0.24596
2023-01-31,Industrials,0.7525666666666666,-0.031275
2023-01-31,Materials,0.14636666666666667,0.5932
2023-01-31,RealEstate,0.3018,0.53925
2023-01-31,Tech,-0.08202500000000001,0.51582
2023-01-31,Utilities,0.424625,0.29396666666666665
2023-02-01,Comm,0.15149999999999997,-0.13534
2023-02-01,Consumer,0.44673999999999997,0.23647999999999997
2023-02-01,Energy,-0.32961999999999997,0.4808
2023-02-01,Financials,0.0,0.20734999999999998
2023-02-01,Healthcare,0.32283999999999996,0.01239999999999999
2023-02-01,Industrials,0.1602,0.7525666666666666
2023-02-01,Materials,0.0,0.14636666666666667
2023-02-01,RealEstate,0.40255,0.3018
2023-02-01,Tech,0.03834,-0.08202500000000001
2023-02-01,Utilities,0.08302,0.424625
2023-02-02,Comm,0.28844000000000003,0.15149999999999997
2023-02-02,Consumer,0.44086,0.44673999999999997
2023-02-02,Energy,0.54504,-0.32961999999999997
2023-02-02,Financials,0.44548,0.0
2023-02-02,Healthcare,0.7497,0.32283999999999996
2023-02-02,Industrials,0.22227499999999997,0.1602
2023-02-02,Materials,0.11333333333333334,0.0
2023-02-02,RealEstate,0.26935000000000003,0.40255
2023-02-02,Tech,0.49032,0.03834
2023-02-02,Utilities,0.377,0.08302
2023-02-03,Comm,0.23820000000000002,0.28844000000000003
2023-02-03,Consumer,0.5458399999999999,0.44086
2023-02-03,Energy,0.1123,0.54504
2023-02-03,Financials,0.385725,0.44548
2023-02-03,Healthcare,-0.3391333333333333,0.7497
2023-02-03,Industrials,0.41374999999999995,0.22227499999999997
2023-02-03,Materials,0.10130000000000002,0.11333333333333334
2023-02-03,RealEstate,0.25806666666666667,0.26935000000000003
2023-02-03,Tech,0.020100000000000007,0.49032
2023-02-03,Utilities,0.61005,0.377
2023-02-06,Comm,-0.26626000000000005,0.23820000000000002
2023-02-06,Consumer,0.1775,0.5458399999999999
2023-02-06,Energy,0.25382000000000005,0.1123
2023-02-06,Financials,-0.029725000000000015,0.385725
2023-02-06,Healthcare,0.07232000000000001,-0.3391333333333333
2023-02-06,Industrials,0.33630000000000004,0.41374999999999995
2023-02-06,Materials,-0.10642500000000002,0.10130000000000002
2023-02-06,RealEstate,0.36366,0.25806666666666667
2023-02-06,Tech,0.6819,0.020100000000000007
2023-02-06,Utilities,0.31292,0.61005
2023-02-07,Comm,0.08004000000000001,-0.26626000000000005
2023-02-07,Consumer,0.487325,0.1775
2023-02-07,Energy,0.34140000000000004,0.25382000000000005
2023-02-07,Financials,0.62188,-0.029725000000000015
2023-02-07,Healthcare,0.34236,0.07232000000000001
2023-02-07,Industrials,0.0,0.33630000000000004
2023-02-07,Materials,-0.08747999999999999,-0.10642500000000002
2023-02-07,RealEstate,0.19299999999999998,0.36366
2023-02-07,Tech,0.44908000000000003,0.6819
2023-02-07,Utilities,0.54825,0.31292
2023-02-08,Comm,0.1796,0.08004000000000001
2023-02-08,Consumer,0.31908000000000003,0.487325
2023-02-08,Energy,0.31858,0.34140000000000004
2023-02-08,Financials,0.056400000000000006,0.62188
2023-02-08,Healthcare,0.28188,0.34236
2023-02-08,Industrials,0.54635,0.0
2023-02-08,Materials,-0.01896666666666667,-0.08747999999999999
2023-02-08,RealEstate,0.0,0.19299999999999998
2023-02-08,Tech,0.05930000000000002,0.44908000000000003
2023-02-08,Utilities,0.7714333333333333,0.54825
2023-02-09,Comm,0.12040000000000001,0.1796
2023-02-09,Consumer,0.43438,0.31908000000000003
2023-02-09,Energy,0.30629999999999996,0.31858
2023-02-09,Financials,-0.31856,0.056400000000000006
2023-02-09,Healthcare,0.41088,0.28188
2023-02-09,Industrials,0.4222333333333333,0.54635
2023-02-09,Materials,0.048949999999999994,-0.01896666666666667
2023-02-09,RealEstate,0.1653,0.0
2023-02-09,Tech,0.5711,0.05930000000000002
2023-02-09,Utilities,0.43844000000000005,0.7714333333333333
2023-02-10,Comm,0.23112499999999997,0.12040000000000001
2023-02-10,Consumer,0.42102000000000006,0.43438
2023-02-10,Energy,0.7056,0.30629999999999996
2023-02-10,Financials,0.4329,-0.31856
2023-02-10,Healthcare,0.33873333333333333,0.41088
2023-02-10,Industrials,0.0,0.4222333333333333
2023-02-10,Materials,0.2202,0.048949999999999994
2023-02-10,RealEstate,0.49746666666666667,0.1653
2023-02-10,Tech,0.13954999999999998,0.5711
2023-02-10,Utilities,0.09106666666666667,0.43844000000000005
2023-02-13,Comm,0.084375,0.23112499999999997
2023-02-13,Consumer,0.71322,0.42102000000000006
2023-02-13,Energy,0.76738,0.7056
2023-02-13,Financials,0.299575,0.4329
2023-02-13,Healthcare,0.26554,0.33873333333333333
2023-02-13,Industrials,0.1966,0.0
2023-02-13,Materials,-0.00645,0.2202
2023-02-13,RealEstate,0.687875,0.49746666666666667
2023-02-13,Tech,0.8513999999999999,0.13954999999999998
2023-02-13,Utilities,0.260025,0.09106666666666667
2023-02-14,Comm,0.0,0.084375
2023-02-14,Consumer,0.71262,0.71322
2023-02-14,Energy,-0.11476,0.76738
2023-02-14,Financials,0.02569999999999999,0.299575
2023-02-14,Healthcare,0.5860000000000001,0.26554
2023-02-14,Industrials,0.36446666666666666,0.1966
2023-02-14,Materials,0.07543333333333334,-0.00645
2023-02-14,RealEstate,0.25061999999999995,0.687875
2023-02-14,Tech,0.5807599999999999,0.8513999999999999
2023-02-14,Utilities,0.21094,0.260025
2023-02-15,Comm,0.24186000000000002,0.0
2023-02-15,Consumer,0.03207499999999999,0.71262
2023-02-15,Energy,0.07573333333333333,-0.11476
2023-02-15,Financials,-0.04277499999999998,0.02569999999999999
2023-02-15,Healthcare,0.09106666666666667,0.5860000000000001
2023-02-15,Industrials,0.022933333333333323,0.36446666666666666
2023-02-15,Materials,0.4329,0.07543333333333334
2023-02-15,RealEstate,0.025733333333333334,0.25061999999999995
2023-02-15,Tech,0.13144,0.5807599999999999
2023-02-15,Utilities,0.27952499999999997,0.21094
2023-02-16,Comm,0.07608000000000001,0.24186000000000002
2023-02-16,Consumer,0.0010399999999999964,0.03207499999999999
2023-02-16,Energy,0.45885999999999993,0.07573333333333333
2023-02-16,Financials,0.19988,-0.04277499999999998
2023-02-16,Healthcare,0.43166000000000004,0.09106666666666667
2023-02-16,Industrials,0.4458,0.022933333333333323
2023-02-16,Materials,0.279,0.4329
2023-02-16,RealEstate,0.08916666666666669,0.025733333333333334
2023-02-16,Tech,0.6328199999999999,0.13144
2023-02-16,Utilities,0.531525,0.27952499999999997
2023-02-17,Comm,0.5184333333333333,0.07608000000000001
2023-02-17,Consumer,0.42245,0.0010399999999999964
2023-02-17,Energy,0.042624999999999996,0.45885999999999993
2023-02-17,Financials,0.30284,0.19988
2023-02-17,Healthcare,0.29834,0.43166000000000004
2023-02-17,Industrials,0.030125,0.4458
2023-02-17,Materials,-0.09866666666666667,0.279
2023-02-17,RealEstate,0.0,0.08916666666666669
2023-02-17,Tech,0.4098,0.6328199999999999
2023-02-17,Utilities,0.126725,0.531525
2023-02-21,Comm,0.23738,0.5184333333333333
2023-02-21,Consumer,0.53444,0.42245
2023-02-21,Energy,0.58512,0.042624999999999996
2023-02-21,Financials,-0.10800000000000001,0.30284
2023-02-21,Healthcare,0.08739999999999999,0.29834
2023-02-21,Industrials,0.672175,0.030125
2023-02-21,Materials,-0.20179999999999998,-0.09866666666666667
2023-02-21,RealEstate,0.2898,0.0
2023-02-21,Tech,0.5154,0.4098
2023-02-21,Utilities,0.17875999999999997,0.126725
2023-02-22,Comm,0.5668666666666666,0.23738
2023-02-22,Consumer,0.48658,0.53444
2023-02-22,Energy,0.38812,0.58512
2023-02-22,Financials,0.269425,-0.10800000000000001
2023-02-22,Healthcare,0.33321999999999996,0.08739999999999999
2023-02-22,Industrials,0.0,0.672175
2023-02-22,Materials,0.1730333333333333,-0.20179999999999998
2023-02-22,RealEstate,0.3009,0.2898
2023-02-22,Tech,0.5408000000000001,0.5154
2023-02-22,Utilities,0.36083333333333334,0.17875999999999997
2023-02-23,Comm,0.23325999999999997,0.5668666666666666
2023-02-23,Consumer,0.38532,0.48658
2023-02-23,Energy,0.609375,0.38812
2023-02-23,Financials,0.31454,0.269425
2023-02-23,Healthcare,0.12513333333333332,0.33321999999999996
2023-02-23,Industrials,0.10565,0.0
2023-02-23,Materials,-0.006400000000000001,0.1730333333333333
2023-02-23,RealEstate,0.22244000000000003,0.3009
2023-02-23,Tech,0.41147999999999996,0.5408000000000001
2023-02-23,Utilities,0.26497499999999996,0.36083333333333334
2023-02-24,Comm,-0.06216666666666667,0.23325999999999997
2023-02-24,Consumer,0.08739999999999999,0.38532
2023-02-24,Energy,0.18994,0.609375
2023-02-24,Financials,0.12029999999999999,0.31454
2023-02-24,Healthcare,0.45293333333333335,0.12513333333333332
2023-02-24,Industrials,0.016633333333333333,0.10565
2023-02-24,Materials,0.174075,-0.006400000000000001
2023-02-24,RealEstate,0.0,0.22244000000000003
2023-02-24,Tech,-0.1197,0.41147999999999996
2023-02-24,Utilities,0.2534,0.26497499999999996
2023-02-27,Comm,0.3846333333333334,-0.06216666666666667
2023-02-27,Consumer,0.35316000000000003,0.08739999999999999
2023-02-27,Energy,-0.10917999999999999,0.18994
2023-02-27,Financials,0.1648,0.12029999999999999
2023-02-27,Healthcare,0.31424,0.45293333333333335
2023-02-27,Industrials,0.27505,0.016633333333333333
2023-02-27,Materials,0.43805000000000005,0.174075
2023-02-27,RealEstate,0.24108000000000002,0.0
2023-02-27,Tech,0.33064,-0.1197
2023-02-27,Utilities,0.39036,0.2534
2023-02-28,Comm,0.246075,0.3846333333333334
2023-02-28,Consumer,0.501525,0.35316000000000003
2023-02-28,Energy,0.6264666666666666,-0.10917999999999999
2023-02-28,Financials,0.2031666666666667,0.1648
2023-02-28,Healthcare,0.1852,0.31424
2023-02-28,Industrials,0.6172,0.27505
2023-02-28,Materials,0.5106,0.43805000000000005
2023-02-28,RealEstate,0.28595,0.24108000000000002
2023-02-28,Tech,0.65375,0.33064
2023-02-28,Utilities,0.2827,0.39036
2023-03-01,Comm,0.17329999999999998,0.246075
2023-03-01,Consumer,0.39778,0.501525
2023-03-01,Energy,0.32142499999999996,0.6264666666666666
2023-03-01,Financials,0.17748000000000003,0.2031666666666667
2023-03-01,Healthcare,0.09852000000000001,0.1852
2023-03-01,Industrials,-0.04427500000000001,0.6172
2023-03-01,Materials,0.3461666666666667,0.5106
2023-03-01,RealEstate,0.028475,0.28595
2023-03-01,Tech,0.61802,0.65375
2023-03-01,Utilities,0.35366666666666663,0.2827
2023-03-02,Comm,0.50958,0.17329999999999998
2023-03-02,Consumer,0.6024200000000001,0.39778
2023-03-02,Energy,0.5740000000000001,0.32142499999999996
2023-03-02,Financials,0.31926,0.17748000000000003
2023-03-02,Healthcare,0.2144,0.09852000000000001
2023-03-02,Industrials,0.45859999999999995,-0.04427500000000001
2023-03-02,Materials,-0.13117499999999999,0.3461666666666667
2023-03-02,RealEstate,0.37386666666666674,0.028475
2023-03-02,Tech,0.34578,0.61802
2023-03-02,Utilities,0.09106666666666667,0.35366666666666663
2023-03-03,Comm,-0.1858,0.50958
2023-03-03,Consumer,0.1696333333333333,0.6024200000000001
2023-03-03,Energy,0.4238,0.5740000000000001
2023-03-03,Financials,0.14604,0.31926
2023-03-03,Healthcare,0.6459,0.2144
2023-03-03,Industrials,0.13595000000000002,0.45859999999999995
2023-03-03,Materials,0.12925,-0.13117499999999999
2023-03-03,RealEstate,-0.2263,0.37386666666666674
2023-03-03,Tech,0.53772,0.34578
2023-03-03,Utilities,0.03463333333333334,0.09106666666666667
2023-03-06,Comm,0.04046,-0.1858
2023-03-06,Consumer,0.020520000000000004,0.1696333333333333
2023-03-06,Energy,0.32506,0.4238
2023-03-06,Financials,0.43506666666666666,0.14604
2023-03-06,Healthcare,0.29394,0.6459
2023-03-06,Industrials,0.46445,0.13595000000000002
2023-03-06,Materials,0.085,0.12925
2023-03-06,RealEstate,0.05504000000000001,-0.2263
2023-03-06,Tech,0.23442,0.53772
2023-03-06,Utilities,0.19125,0.03463333333333334
2023-03-07,Comm,0.19317499999999999,0.04046
2023-03-07,Consumer,0.51086,0.020520000000000004
2023-03-07,Energy,0.5226599999999999,0.32506
2023-03-07,Financials,0.61344,0.43506666666666666
2023-03-07,Healthcare,0.3061,0.29394
2023-03-07,Industrials,0.5233,0.46445
2023-03-07,Materials,0.119175,0.085
2023-03-07,RealEstate,0.2202,0.05504000000000001
2023-03-07,Tech,0.33898,0.23442
2023-03-07,Utilities,0.25072,0.19125
2023-03-08,Comm,0.16219999999999996,0.19317499999999999
2023-03-08,Consumer,0.37652,0.51086
2023-03-08,Energy,0.62344,0.5226599999999999
2023-03-08,Financials,0.2113,0.61344
2023-03-08,Healthcare,0.25648,0.3061
2023-03-08,Industrials,0.32419999999999993,0.5233
2023-03-08,Materials,0.27115,0.119175
2023-03-08,RealEstate,0.247275,0.2202
2023-03-08,Tech,0.41414,0.33898
2023-03-08,Utilities,0.18714999999999998,0.25072
2023-03-09,Comm,-0.05212499999999999,0.16219999999999996
2023-03-09,Consumer,0.34598,0.37652
2023-03-09,Energy,0.66496,0.62344
2023-03-09,Financials,0.14101999999999998,0.2113
2023-03-09,Healthcare,0.37788,0.25648
2023-03-09,Industrials,0.272175,0.32419999999999993
2023-03-09,Materials,-0.05103333333333334,0.27115
2023-03-09,RealEstate,0.125425,0.247275
2023-03-09,Tech,0.72102,0.41414
2023-03-09,Utilities,0.1591,0.18714999999999998
2023-03-10,Comm,0.27396666666666664,-0.05212499999999999
2023-03-10,Consumer,0.50636,0.34598
2023-03-10,Energy,0.260725,0.66496
2023-03-10,Financials,0.11947999999999999,0.14101999999999998
2023-03-10,Healthcare,0.33262499999999995,0.37788
2023-03-10,Industrials,0.50195,0.272175
2023-03-10,Materials,0.14750000000000002,-0.05103333333333334
2023-03-10,RealEstate,0.26661999999999997,0.125425
2023-03-10,Tech,0.3666,0.72102
2023-03-10,Utilities,0.45552499999999996,0.1591
2023-03-13,Comm,0.15773333333333336,0.27396666666666664
2023-03-13,Consumer,0.17,0.50636
2023-03-13,Energy,0.63222,0.260725
2023-03-13,Financials,-0.30646000000000007,0.11947999999999999
2023-03-13,Healthcare,0.48995999999999995,0.33262499999999995
2023-03-13,Industrials,0.620525,0.50195
2023-03-13,Materials,0.1782,0.14750000000000002
2023-03-13,RealEstate,0.09658,0.26661999999999997
2023-03-13,Tech,0.36682000000000003,0.3666
2023-03-13,Utilities,0.5788,0.45552499999999996
2023-03-14,Comm,0.0,0.15773333333333336
2023-03-14,Consumer,0.095,0.17
2023-03-14,Energy,0.7349,0.63222
2023-03-14,Financials,0.21378000000000003,-0.30646000000000007
2023-03-14,Healthcare,0.04111999999999999,0.48995999999999995
2023-03-14,Industrials,0.76065,0.620525
2023-03-14,Materials,0.191475,0.1782
2023-03-14,RealEstate,0.20270000000000002,0.09658
2023-03-14,Tech,0.6239250000000001,0.36682000000000003
2023-03-14,Utilities,0.12080000000000002,0.5788
2023-03-15,Comm,0.5911000000000001,0.0
2023-03-15,Consumer,0.21000000000000002,0.095
2023-03-15,Energy,0.59526,0.7349
2023-03-15,Financials,-0.09582000000000003,0.21378000000000003
2023-03-15,Healthcare,0.1615,0.04111999999999999
2023-03-15,Industrials,0.15265,0.76065
2023-03-15,Materials,0.23834,0.191475
2023-03-15,RealEstate,0.3567,0.20270000000000002
2023-03-15,Tech,0.09992000000000001,0.6239250000000001
2023-03-15,Utilities,0.5231,0.12080000000000002
2023-03-16,Comm,0.39125,0.5911000000000001
2023-03-16,Consumer,0.10748000000000002,0.21000000000000002
2023-03-16,Energy,-0.18734,0.59526
2023-03-16,Financials,-0.21588000000000002,-0.09582000000000003
2023-03-16,Healthcare,-0.078,0.1615
2023-03-16,Industrials,0.17320000000000002,0.15265
2023-03-16,Materials,0.1596666666666667,0.23834
2023-03-16,RealEstate,0.393025,0.3567
2023-03-16,Tech,0.6758,0.09992000000000001
2023-03-16,Utilities,0.24702000000000002,0.5231
2023-03-17,Comm,0.10115,0.39125
2023-03-17,Consumer,0.06552000000000001,0.10748000000000002
2023-03-17,Energy,0.1528,-0.18734
2023-03-17,Financials,-0.12339999999999998,-0.21588000000000002
2023-03-17,Healthcare,0.0655,-0.078
2023-03-17,Industrials,0.15796666666666667,0.17320000000000002
2023-03-17,Materials,0.3602,0.1596666666666667
2023-03-17,RealEstate,0.34197500000000003,0.393025
2023-03-17,Tech,0.44658,0.6758
2023-03-17,Utilities,0.5626,0.24702000000000002
2023-03-20,Comm,0.36274,0.10115
2023-03-20,Consumer,0.21433999999999997,0.06552000000000001
2023-03-20,Energy,0.73036,0.1528
2023-03-20,Financials,0.70122,-0.12339999999999998
2023-03-20,Healthcare,0.32974000000000003,0.0655
2023-03-20,Industrials,0.32115,0.15796666666666667
2023-03-20,Materials,0.5934,0.3602
2023-03-20,RealEstate,0.11307500000000001,0.34197500000000003
2023-03-20,Tech,0.71426,0.44658
2023-03-20,Utilities,0.375675,0.5626
2023-03-21,Comm,0.23915999999999998,0.36274
2023-03-21,Consumer,0.692725,0.21433999999999997
2023-03-21,Energy,-0.185475,0.73036
2023-03-21,Financials,0.31628,0.70122
2023-03-21,Healthcare,0.33204,0.32974000000000003
2023-03-21,Industrials,0.3922333333333334,0.32115
2023-03-21,Materials,0.43625,0.5934
2023-03-21,RealEstate,0.7194,0.11307500000000001
2023-03-21,Tech,0.16126000000000001,0.71426
2023-03-21,Utilities,0.3125,0.375675
2023-03-22,Comm,0.27676666666666666,0.23915999999999998
2023-03-22,Consumer,-0.20662000000000003,0.692725
2023-03-22,Energy,0.46871999999999997,-0.185475
2023-03-22,Financials,0.21422,0.31628
2023-03-22,Healthcare,0.06364,0.33204
2023-03-22,Industrials,0.30396666666666666,0.3922333333333334
2023-03-22,Materials,0.12327500000000001,0.43625
2023-03-22,RealEstate,0.23206666666666667,0.7194
2023-03-22,Tech,0.37207999999999997,0.16126000000000001
2023-03-22,Utilities,0.1366,0.3125
2023-03-23,Comm,0.39954999999999996,0.27676666666666666
2023-03-23,Consumer,0.33740000000000003,-0.20662000000000003
2023-03-23,Energy,0.35134,0.46871999999999997
2023-03-23,Financials,-0.0024800000000000156,0.21422
2023-03-23,Healthcare,0.6504,0.06364
2023-03-23,Industrials,0.21619999999999998,0.30396666666666666
2023-03-23,Materials,0.194575,0.12327500000000001
2023-03-23,RealEstate,0.1365,0.23206666666666667
2023-03-23,Tech,0.65398,0.37207999999999997
2023-03-23,Utilities,0.17,0.1366
2023-03-24,Comm,0.31845,0.39954999999999996
2023-03-24,Consumer,0.52826,0.33740000000000003
2023-03-24,Energy,0.35084,0.35134
2023-03-24,Financials,-0.2677,-0.0024800000000000156
2023-03-24,Healthcare,0.08760000000000001,0.6504
2023-03-24,Industrials,0.300125,0.21619999999999998
2023-03-24,Materials,0.0,0.194575
2023-03-24,RealEstate,0.17,0.1365
2023-03-24,Tech,0.31994,0.65398
2023-03-24,Utilities,0.35015,0.17
2023-03-27,Comm,0.3983333333333334,0.31845
2023-03-27,Consumer,0.38754,0.52826
2023-03-27,Energy,-0.04509999999999999,0.35084
2023-03-27,Financials,0.37106000000000006,-0.2677
2023-03-27,Healthcare,0.4593,0.08760000000000001
2023-03-27,Industrials,0.551525,0.300125
2023-03-27,Materials,0.23835,0.0
2023-03-27,RealEstate,0.23683333333333334,0.17
2023-03-27,Tech,0.68474,0.31994
2023-03-27,Utilities,0.168775,0.35015
2023-03-28,Comm,0.319725,0.3983333333333334
2023-03-28,Consumer,0.39216,0.38754
2023-03-28,Energy,0.2291,-0.04509999999999999
2023-03-28,Financials,0.53124,0.37106000000000006
2023-03-28,Healthcare,0.45382,0.4593
2023-03-28,Industrials,0.2784,0.551525
2023-03-28,Materials,0.70275,0.23835
2023-03-28,RealEstate,0.148,0.23683333333333334
2023-03-28,Tech,0.31232000000000004,0.68474
2023-03-28,Utilities,0.511225,0.168775
2023-03-29,Comm,0.24165000000000003,0.319725
2023-03-29,Consumer,0.27521999999999996,0.39216
2023-03-29,Energy,0.32326,0.2291
2023-03-29,Financials,-0.09206,0.53124
2023-03-29,Healthcare,0.13986,0.45382
2023-03-29,Industrials,0.012899999999999995,0.2784
2023-03-29,Materials,0.30196666666666666,0.70275
2023-03-29,RealEstate,0.3065666666666667,0.148
2023-03-29,Tech,0.45983999999999997,0.31232000000000004
2023-03-29,Utilities,0.28690000000000004,0.511225
2023-03-30,Comm,0.290625,0.24165000000000003
2023-03-30,Consumer,0.4663399999999999,0.27521999999999996
2023-03-30,Energy,0.27806,0.32326
2023-03-30,Financials,0.718,-0.09206
2023-03-30,Healthcare,-0.005400000000000016,0.13986
2023-03-30,Industrials,0.5227666666666667,0.012899999999999995
2023-03-30,Materials,0.1775,0.30196666666666666
2023-03-30,RealEstate,0.5361333333333334,0.3065666666666667
2023-03-30,Tech,0.7715400000000001,0.45983999999999997
2023-03-30,Utilities,0.27390000000000003,0.28690000000000004
2023-03-31,Comm,0.6362333333333333,0.290625
2023-03-31,Consumer,0.55535,0.4663399999999999
2023-03-31,Energy,0.32460000000000006,0.27806
2023-03-31,Financials,0.34598,0.718
2023-03-31,Healthcare,0.30685,-0.005400000000000016
2023-03-31,Industrials,-0.08760000000000001,0.5227666666666667
2023-03-31,Materials,0.10243333333333333,0.1775
2023-03-31,RealEstate,0.3011666666666667,0.5361333333333334
2023-03-31,Tech,0.50612,0.7715400000000001
2023-03-31,Utilities,0.42816666666666664,0.27390000000000003
2023-04-03,Comm,0.5777749999999999,0.6362333333333333
2023-04-03,Consumer,0.4589,0.55535
2023-04-03,Energy,0.37676000000000004,0.32460000000000006
2023-04-03,Financials,0.47308000000000006,0.34598
2023-04-03,Healthcare,-0.08088,0.30685
2023-04-03,Industrials,0.34299999999999997,-0.08760000000000001
2023-04-03,Materials,-0.1531,0.10243333333333333
2023-04-03,RealEstate,0.3317,0.3011666666666667
2023-04-03,Tech,0.62836,0.50612
2023-04-03,Utilities,0.489825,0.42816666666666664
2023-04-04,Comm,0.18596,0.5777749999999999
2023-04-04,Consumer,0.16846,0.4589
2023-04-04,Energy,0.67408,0.37676000000000004
2023-04-04,Financials,-0.14714,0.47308000000000006
2023-04-04,Healthcare,0.422025,-0.08088
2023-04-04,Industrials,0.13424999999999998,0.34299999999999997
2023-04-04,Materials,0.1665,-0.1531
2023-04-04,RealEstate,0.294,0.3317
2023-04-04,Tech,0.44626,0.62836
2023-04-04,Utilities,0.30557500000000004,0.489825
2023-04-05,Comm,0.33335000000000004,0.18596
2023-04-05,Consumer,0.38170000000000004,0.16846
2023-04-05,Energy,0.29562,0.67408
2023-04-05,Financials,-0.0607,-0.14714
2023-04-05,Healthcare,0.10232000000000001,0.422025
2023-04-05,Industrials,-0.11543333333333332,0.13424999999999998
2023-04-05,Materials,0.4091,0.1665
2023-04-05,RealEstate,0.7744,0.294
2023-04-05,Tech,0.043149999999999994,0.44626
2023-04-05,Utilities,0.5423,0.30557500000000004
2023-04-06,Comm,0.44776,0.33335000000000004
2023-04-06,Consumer,0.53888,0.38170000000000004
2023-04-06,Energy,0.460325,0.29562
2023-04-06,Financials,0.22150000000000003,-0.0607
2023-04-06,Healthcare,0.13402000000000003,0.10232000000000001
2023-04-06,Industrials,0.2668,-0.11543333333333332
2023-04-06,Materials,0.31345,0.4091
2023-04-06,RealEstate,0.22462500000000002,0.7744
2023-04-06,Tech,0.43692000000000003,0.043149999999999994
2023-04-06,Utilities,0.443575,0.5423
2023-04-10,Comm,0.25116,0.44776
2023-04-10,Consumer,0.68162,0.53888
2023-04-10,Energy,0.53318,0.460325
2023-04-10,Financials,0.33405,0.22150000000000003
2023-04-10,Healthcare,0.40684000000000003,0.13402000000000003
2023-04-10,Industrials,0.630225,0.2668
2023-04-10,Materials,0.4158,0.31345
2023-04-10,RealEstate,0.3224,0.22462500000000002
2023-04-10,Tech,0.87546,0.43692000000000003
2023-04-10,Utilities,0.5028,0.443575
2023-04-11,Comm,0.11597500000000001,0.25116
2023-04-11,Consumer,0.393875,0.68162
2023-04-11,Energy,0.518825,0.53318
2023-04-11,Financials,0.34168000000000004,0.33405
2023-04-11,Healthcare,0.04284000000000001,0.40684000000000003
2023-04-11,Industrials,0.07467499999999999,0.630225
2023-04-11,Materials,0.133,0.4158
2023-04-11,RealEstate,0.5097,0.3224
2023-04-11,Tech,0.3545,0.87546
2023-04-11,Utilities,0.15342,0.5028
2023-04-12,Comm,0.34615999999999997,0.11597500000000001
2023-04-12,Consumer,0.20026000000000002,0.393875
2023-04-12,Energy,0.14606,0.518825
2023-04-12,Financials,0.50344,0.34168000000000004
2023-04-12,Healthcare,0.25372,0.04284000000000001
2023-04-12,Industrials,0.22820000000000001,0.07467499999999999
2023-04-12,Materials,0.4588,0.133
2023-04-12,RealEstate,0.61785,0.5097
2023-04-12,Tech,0.5002800000000001,0.3545
2023-04-12,Utilities,0.44236666666666663,0.15342
2023-04-13,Comm,0.08615999999999999,0.34615999999999997
2023-04-13,Consumer,0.10558000000000001,0.20026000000000002
2023-04-13,Energy,0.44884999999999997,0.14606
2023-04-13,Financials,0.5054000000000001,0.50344
2023-04-13,Healthcare,0.058925000000000005,0.25372
2023-04-13,Industrials,0.4384333333333334,0.22820000000000001
2023-04-13,Materials,0.085,0.4588
2023-04-13,RealEstate,-0.05135,0.61785
2023-04-13,Tech,0.43192,0.5002800000000001
2023-04-13,Utilities,0.43315000000000003,0.44236666666666663
2023-04-14,Comm,0.22515,0.08615999999999999
2023-04-14,Consumer,0.33654,0.10558000000000001
2023-04-14,Energy,0.73602,0.44884999999999997
2023-04-14,Financials,0.08288,0.5054000000000001
2023-04-14,Healthcare,-0.016199999999999992,0.058925000000000005
2023-04-14,Industrials,0.13025,0.4384333333333334
2023-04-14,Materials,0.3182,0.085
2023-04-14,RealEstate,0.24546666666666664,-0.05135
2023-04-14,Tech,0.7167199999999999,0.43192
2023-04-14,Utilities,0.23435999999999998,0.43315000000000003
2023-04-17,Comm,0.11717999999999999,0.22515
2023-04-17,Consumer,0.19594,0.33654
2023-04-17,Energy,0.38488,0.73602
2023-04-17,Financials,0.72802,0.08288
2023-04-17,Healthcare,0.56642,-0.016199999999999992
2023-04-17,Industrials,0.41057499999999997,0.13025
2023-04-17,Materials,0.26335,0.3182
2023-04-17,RealEstate,0.026475,0.24546666666666664
2023-04-17,Tech,0.55156,0.7167199999999999
2023-04-17,Utilities,0.29485,0.23435999999999998
2023-04-18,Comm,-0.027175000000000005,0.11717999999999999
2023-04-18,Consumer,-0.10346000000000002,0.19594
2023-04-18,Energy,0.3275,0.38488
2023-04-18,Financials,0.56238,0.72802
2023-04-18,Healthcare,0.3551,0.56642
2023-04-18,Industrials,0.2225,0.41057499999999997
2023-04-18,Materials,0.35065,0.26335
2023-04-18,RealEstate,0.43938,0.026475
2023-04-18,Tech,0.78266,0.55156
2023-04-18,Utilities,0.40991999999999995,0.29485
2023-04-19,Comm,0.4041333333333334,-0.027175000000000005
2023-04-19,Consumer,0.38168,-0.10346000000000002
2023-04-19,Energy,0.6673,0.3275
2023-04-19,Financials,0.8712,0.56238
2023-04-19,Healthcare,0.46403999999999995,0.3551
2023-04-19,Industrials,0.440075,0.2225
2023-04-19,Materials,0.022266666666666674,0.35065
2023-04-19,RealEstate,0.175175,0.43938
2023-04-19,Tech,0.2934,0.78266
2023-04-19,Utilities,0.37818,0.40991999999999995
2023-04-20,Comm,-0.008666666666666661,0.4041333333333334
2023-04-20,Consumer,0.52266,0.38168
2023-04-20,Energy,0.5585,0.6673
2023-04-20,Financials,0.39476,0.8712
2023-04-20,Healthcare,0.603475,0.46403999999999995
2023-04-20,Industrials,0.355925,0.440075
2023-04-20,Materials,0.45393999999999995,0.022266666666666674
2023-04-20,RealEstate,0.1694,0.175175
2023-04-20,Tech,0.41798,0.2934
2023-04-20,Utilities,0.36597999999999997,0.37818
2023-04-21,Comm,0.46943999999999997,-0.008666666666666661
2023-04-21,Consumer,0.61654,0.52266
2023-04-21,Energy,0.47090000000000004,0.5585
2023-04-21,Financials,0.22577500000000003,0.39476
2023-04-21,Healthcare,0.19586,0.603475
2023-04-21,Industrials,0.4442,0.355925
2023-04-21,Materials,0.15860000000000002,0.45393999999999995
2023-04-21,RealEstate,0.4164666666666667,0.1694
2023-04-21,Tech,0.51574,0.41798
2023-04-21,Utilities,0.0,0.36597999999999997
2023-04-24,Comm,-0.10547500000000001,0.46943999999999997
2023-04-24,Consumer,0.38088,0.61654
2023-04-24,Energy,0.44198000000000004,0.47090000000000004
2023-04-24,Financials,0.58208,0.22577500000000003
2023-04-24,Healthcare,0.63762,0.19586
2023-04-24,Industrials,0.276625,0.4442
2023-04-24,Materials,0.08092,0.15860000000000002
2023-04-24,RealEstate,0.08168,0.4164666666666667
2023-04-24,Tech,0.65384,0.51574
2023-04-24,Utilities,0.24712499999999998,0.0
2023-04-25,Comm,0.10152499999999999,-0.10547500000000001
2023-04-25,Consumer,0.45262,0.38088
2023-04-25,Energy,0.48160000000000003,0.44198000000000004
2023-04-25,Financials,-0.23704,0.58208
2023-04-25,Healthcare,0.6603800000000001,0.63762
2023-04-25,Industrials,-0.13369999999999999,0.276625
2023-04-25,Materials,0.15626,0.08092
2023-04-25,RealEstate,0.21417999999999998,0.08168
2023-04-25,Tech,0.55808,0.65384
2023-04-25,Utilities,0.30674,0.24712499999999998
2023-04-26,Comm,0.18106,0.10152499999999999
2023-04-26,Consumer,0.42245999999999995,0.45262
2023-04-26,Energy,0.422725,0.48160000000000003
2023-04-26,Financials,0.6454000000000001,-0.23704
2023-04-26,Healthcare,0.05,0.6603800000000001
2023-04-26,Industrials,0.11512500000000003,-0.13369999999999999
2023-04-26,Materials,0.428675,0.15626
2023-04-26,RealEstate,-0.2909,0.21417999999999998
2023-04-26,Tech,0.4918,0.55808
2023-04-26,Utilities,0.36007500000000003,0.30674
2023-04-27,Comm,0.35366,0.18106
2023-04-27,Consumer,0.15934,0.42245999999999995
2023-04-27,Energy,0.45922,0.422725
2023-04-27,Financials,0.7089,0.6454000000000001
2023-04-27,Healthcare,0.42884,0.05
2023-04-27,Industrials,0.2685,0.11512500000000003
2023-04-27,Materials,0.20542,0.428675
2023-04-27,RealEstate,0.3953,-0.2909
2023-04-27,Tech,0.39488,0.4918
2023-04-27,Utilities,0.24808000000000002,0.36007500000000003
2023-04-28,Comm,0.4435,0.35366
2023-04-28,Consumer,0.48544,0.15934
2023-04-28,Energy,0.787275,0.45922
2023-04-28,Financials,0.012659999999999982,0.7089
2023-04-28,Healthcare,0.0903,0.42884
2023-04-28,Industrials,0.25777500000000003,0.2685
2023-04-28,Materials,0.347925,0.20542
2023-04-28,RealEstate,0.2121333333333333,0.3953
2023-04-28,Tech,0.50988,0.39488
2023-04-28,Utilities,0.2385,0.24808000000000002
2023-05-01,Comm,0.16892000000000001,0.4435
2023-05-01,Consumer,0.28352000000000005,0.48544
2023-05-01,Energy,0.32144,0.787275
2023-05-01,Financials,-0.42428,0.012659999999999982
2023-05-01,Healthcare,0.45603999999999995,0.0903
2023-05-01,Industrials,0.575825,0.25777500000000003
2023-05-01,Materials,0.25383333333333336,0.347925
2023-05-01,RealEstate,0.5093666666666666,0.2121333333333333
2023-05-01,Tech,0.6082799999999999,0.50988
2023-05-01,Utilities,0.14434,0.2385
2023-05-02,Comm,0.019399999999999994,0.16892000000000001
2023-05-02,Consumer,0.172,0.28352000000000005
2023-05-02,Energy,0.12635000000000002,0.32144
2023-05-02,Financials,0.203,-0.42428
2023-05-02,Healthcare,-0.031079999999999997,0.45603999999999995
2023-05-02,Industrials,0.30695,0.575825
2023-05-02,Materials,0.0,0.25383333333333336
2023-05-02,RealEstate,0.18295999999999998,0.5093666666666666
2023-05-02,Tech,0.44652000000000003,0.6082799999999999
2023-05-02,Utilities,0.3929,0.14434
2023-05-03,Comm,0.24657500000000002,0.019399999999999994
2023-05-03,Consumer,0.5580499999999999,0.172
2023-05-03,Energy,0.298075,0.12635000000000002
2023-05-03,Financials,0.2514,0.203
2023-05-03,Healthcare,0.012600000000000007,-0.031079999999999997
2023-05-03,Industrials,0.3022,0.30695
2023-05-03,Materials,0.0665,0.0
2023-05-03,RealEstate,0.18500000000000003,0.18295999999999998
2023-05-03,Tech,0.49012,0.44652000000000003
2023-05-03,Utilities,0.23079999999999998,0.3929
2023-05-04,Comm,0.030820000000000004,0.24657500000000002
2023-05-04,Consumer,-0.035440000000000006,0.5580499999999999
2023-05-04,Energy,0.464575,0.298075
2023-05-04,Financials,0.12899999999999998,0.2514
2023-05-04,Healthcare,0.18932000000000002,0.012600000000000007
2023-05-04,Industrials,0.596525,0.3022
2023-05-04,Materials,0.02439999999999999,0.0665
2023-05-04,RealEstate,0.149375,0.18500000000000003
2023-05-04,Tech,0.21934,0.49012
2023-05-04,Utilities,0.21343333333333334,0.23079999999999998
2023-05-05,Comm,0.4123666666666666,0.030820000000000004
2023-05-05,Consumer,0.22237999999999997,-0.035440000000000006
2023-05-05,Energy,0.2731,0.464575
2023-05-05,Financials,0.62045,0.12899999999999998
2023-05-05,Healthcare,0.10028,0.18932000000000002
2023-05-05,Industrials,-0.212675,0.596525
2023-05-05,Materials,0.0,0.02439999999999999
2023-05-05,RealEstate,0.3745200000000001,0.149375
2023-05-05,Tech,0.22271999999999997,0.21934
2023-05-05,Utilities,0.299075,0.21343333333333334
2023-05-08,Comm,0.19805999999999999,0.4123666666666666
2023-05-08,Consumer,0.3224,0.22237999999999997
2023-05-08,Energy,0.57216,0.2731
2023-05-08,Financials,0.20493999999999998,0.62045
2023-05-08,Healthcare,0.405775,0.10028
2023-05-08,Industrials,0.14135,-0.212675
2023-05-08,Materials,0.46775,0.0
2023-05-08,RealEstate,0.21870000000000003,0.3745200000000001
2023-05-08,Tech,0.79696,0.22271999999999997
2023-05-08,Utilities,0.280125,0.299075
2023-05-09,Comm,-0.056400000000000006,0.19805999999999999
2023-05-09,Consumer,0.43004,0.3224
2023-05-09,Energy,0.57112,0.57216
2023-05-09,Financials,-0.28686,0.20493999999999998
2023-05-09,Healthcare,0.30015000000000003,0.405775
2023-05-09,Industrials,0.582,0.14135
2023-05-09,Materials,0.0,0.46775
2023-05-09,RealEstate,0.2023,0.21870000000000003
2023-05-09,Tech,0.08415,0.79696
2023-05-09,Utilities,0.41432500000000005,0.280125
2023-05-10,Comm,0.42404000000000003,-0.056400000000000006
2023-05-10,Consumer,0.17712,0.43004
2023-05-10,Energy,0.344275,0.57112
2023-05-10,Financials,0.10497999999999999,-0.28686
2023-05-10,Healthcare,0.14526,0.30015000000000003
2023-05-10,Industrials,0.20983333333333332,0.582
2023-05-10,Materials,0.2023,0.0
2023-05-10,RealEstate,-0.038275,0.2023
2023-05-10,Tech,0.465325,0.08415
2023-05-10,Utilities,0.29218,0.41432500000000005
2023-05-11,Comm,0.53288,0.42404000000000003
2023-05-11,Consumer,0.57315,0.17712
2023-05-11,Energy,0.65636,0.344275
2023-05-11,Financials,-0.04246,0.10497999999999999
2023-05-11,Healthcare,0.5981,0.14526
2023-05-11,Industrials,0.18076666666666666,0.20983333333333332
2023-05-11,Materials,0.3169,0.2023
2023-05-11,RealEstate,0.08808,-0.038275
2023-05-11,Tech,0.36724999999999997,0.465325
2023-05-11,Utilities,0.547725,0.29218
2023-05-12,Comm,0.4239,0.53288
2023-05-12,Consumer,0.15826,0.57315
2023-05-12,Energy,0.259725,0.65636
2023-05-12,Financials,0.05989999999999999,-0.04246
2023-05-12,Healthcare,0.17020000000000002,0.5981
2023-05-12,Industrials,0.2772,0.18076666666666666
2023-05-12,Materials,0.19733333333333333,0.3169
2023-05-12,RealEstate,0.6767,0.08808
2023-05-12,Tech,0.42945,0.36724999999999997
2023-05-12,Utilities,0.264425,0.547725
2023-05-15,Comm,0.17148,0.4239
2023-05-15,Consumer,0.5582,0.15826
2023-05-15,Energy,0.6878200000000001,0.259725
2023-05-15,Financials,-0.30884,0.05989999999999999
2023-05-15,Healthcare,0.17512000000000003,0.17020000000000002
2023-05-15,Industrials,0.28927499999999995,0.2772
2023-05-15,Materials,0.188525,0.19733333333333333
2023-05-15,RealEstate,0.335525,0.6767
2023-05-15,Tech,0.6782999999999999,0.42945
2023-05-15,Utilities,0.39065,0.264425
2023-05-16,Comm,0.1846,0.17148
2023-05-16,Consumer,-0.024439999999999996,0.5582
2023-05-16,Energy,0.2049,0.6878200000000001
2023-05-16,Financials,0.13126,-0.30884
2023-05-16,Healthcare,-0.029120000000000014,0.17512000000000003
2023-05-16,Industrials,0.1589,0.28927499999999995
2023-05-16,Materials,0.2557,0.188525
2023-05-16,RealEstate,0.4215,0.335525
2023-05-16,Tech,0.38128,0.6782999999999999
2023-05-16,Utilities,0.24945,0.39065
2023-05-17,Comm,0.140375,0.1846
2023-05-17,Consumer,0.404675,-0.024439999999999996
2023-05-17,Energy,0.16136,0.2049
2023-05-17,Financials,0.25132,0.13126
2023-05-17,Healthcare,-0.32278,-0.029120000000000014
2023-05-17,Industrials,0.1686,0.1589
2023-05-17,Materials,0.4939,0.2557
2023-05-17,RealEstate,0.11333333333333334,0.4215
2023-05-17,Tech,0.56404,0.38128
2023-05-17,Utilities,0.36595,0.24945
2023-05-18,Comm,0.23729999999999998,0.140375
2023-05-18,Consumer,0.42425999999999997,0.404675
2023-05-18,Energy,0.4886,0.16136
2023-05-18,Financials,0.2611,0.25132
2023-05-18,Healthcare,0.40245999999999993,-0.32278
2023-05-18,Industrials,0.09866666666666667,0.1686
2023-05-18,Materials,0.142975,0.4939
2023-05-18,RealEstate,0.2854,0.11333333333333334
2023-05-18,Tech,0.5313,0.56404
2023-05-18,Utilities,0.17556666666666665,0.36595
2023-05-19,Comm,0.44934,0.23729999999999998
2023-05-19,Consumer,0.04504000000000001,0.42425999999999997
2023-05-19,Energy,0.22358000000000003,0.4886
2023-05-19,Financials,0.21466000000000002,0.2611
2023-05-19,Healthcare,0.004760000000000009,0.40245999999999993
2023-05-19,Industrials,0.11355,0.09866666666666667
2023-05-19,Materials,0.0,0.142975
2023-05-19,RealEstate,0.0,0.2854
2023-05-19,Tech,0.70236,0.5313
2023-05-19,Utilities,0.312,0.17556666666666665
2023-05-22,Comm,-0.12985,0.44934
2023-05-22,Consumer,0.30126,0.04504000000000001
2023-05-22,Energy,0.801575,0.22358000000000003
2023-05-22,Financials,0.26142000000000004,0.21466000000000002
2023-05-22,Healthcare,0.1649,0.004760000000000009
2023-05-22,Industrials,0.563275,0.11355
2023-05-22,Materials,0.3537333333333333,0.0
2023-05-22,RealEstate,0.34904999999999997,0.0
2023-05-22,Tech,0.28354,0.70236
2023-05-22,Utilities,0.39344,0.312
2023-05-23,Comm,0.1531,-0.12985
2023-05-23,Consumer,-0.06858,0.30126
2023-05-23,Energy,0.4139,0.801575
2023-05-23,Financials,0.42534,0.26142000000000004
2023-05-23,Healthcare,0.26922500000000005,0.1649
2023-05-23,Industrials,0.21075,0.563275
2023-05-23,Materials,0.3498666666666667,0.3537333333333333
2023-05-23,RealEstate,0.08045,0.34904999999999997
2023-05-23,Tech,0.6736800000000001,0.28354
2023-05-23,Utilities,0.25,0.39344
2023-05-24,Comm,0.185625,0.1531
2023-05-24,Consumer,0.21596,-0.06858
2023-05-24,Energy,0.036174999999999985,0.4139
2023-05-24,Financials,0.18194,0.42534
2023-05-24,Healthcare,-0.11494,0.26922500000000005
2023-05-24,Industrials,0.26256666666666667,0.21075
2023-05-24,Materials,0.0407,0.3498666666666667
2023-05-24,RealEstate,0.2897,0.08045
2023-05-24,Tech,0.08318,0.6736800000000001
2023-05-24,Utilities,0.21795000000000003,0.25
2023-05-25,Comm,0.8399,0.185625
2023-05-25,Consumer,0.21682500000000002,0.21596
2023-05-25,Energy,0.36346,0.036174999999999985
2023-05-25,Financials,0.35566,0.18194
2023-05-25,Healthcare,0.11144000000000001,-0.11494
2023-05-25,Industrials,0.35655000000000003,0.26256666666666667
2023-05-25,Materials,0.24486,0.0407
2023-05-25,RealEstate,0.17,0.2897
2023-05-25,Tech,0.85228,0.08318
2023-05-25,Utilities,0.09866666666666667,0.21795000000000003
2023-05-26,Comm,0.46152,0.8399
2023-05-26,Consumer,0.380625,0.21682500000000002
2023-05-26,Energy,0.5347,0.36346
2023-05-26,Financials,0.1602,0.35566
2023-05-26,Healthcare,0.2538,0.11144000000000001
2023-05-26,Industrials,0.3404,0.35655000000000003
2023-05-26,Materials,0.06493333333333334,0.24486
2023-05-26,RealEstate,0.0,0.17
2023-05-26,Tech,0.55822,0.85228
2023-05-26,Utilities,0.10463333333333331,0.09866666666666667
2023-05-30,Comm,-0.010449999999999987,0.46152
2023-05-30,Consumer,0.37252,0.380625
2023-05-30,Energy,0.61656,0.5347
2023-05-30,Financials,-0.10198000000000003,0.1602
2023-05-30,Healthcare,0.68064,0.2538
2023-05-30,Industrials,0.40549999999999997,0.3404
2023-05-30,Materials,0.2336666666666667,0.06493333333333334
2023-05-30,RealEstate,0.2958,0.0
2023-05-30,Tech,0.73778,0.55822
2023-05-30,Utilities,0.3748,0.10463333333333331
2023-05-31,Comm,0.159025,-0.010449999999999987
2023-05-31,Consumer,0.51804,0.37252
2023-05-31,Energy,0.488075,0.61656
2023-05-31,Financials,0.30106,-0.10198000000000003
2023-05-31,Healthcare,0.38778,0.68064
2023-05-31,Industrials,0.296275,0.40549999999999997
2023-05-31,Materials,0.21833333333333335,0.2336666666666667
2023-05-31,RealEstate,0.27537500000000004,0.2958
2023-05-31,Tech,0.5379400000000001,0.73778
2023-05-31,Utilities,0.8402,0.3748
2023-06-01,Comm,0.310775,0.159025
2023-06-01,Consumer,0.45336,0.51804
2023-06-01,Energy,0.6346,0.488075
2023-06-01,Financials,0.3482,0.30106
2023-06-01,Healthcare,0.054220000000000004,0.38778
2023-06-01,Industrials,0.212525,0.296275
2023-06-01,Materials,0.21539999999999998,0.21833333333333335
2023-06-01,RealEstate,0.198075,0.27537500000000004
2023-06-01,Tech,0.73476,0.5379400000000001
2023-06-01,Utilities,0.34240000000000004,0.8402
2023-06-02,Comm,-0.441475,0.310775
2023-06-02,Consumer,-0.108075,0.45336
2023-06-02,Energy,0.01805000000000001,0.6346
2023-06-02,Financials,-0.43570000000000003,0.3482
2023-06-02,Healthcare,0.160675,0.054220000000000004
2023-06-02,Industrials,0.6510333333333334,0.212525
2023-06-02,Materials,0.77685,0.21539999999999998
2023-06-02,RealEstate,0.0516,0.198075
2023-06-02,Tech,0.23521999999999998,0.73476
2023-06-02,Utilities,0.2436,0.34240000000000004
2023-06-05,Comm,0.406575,-0.441475
2023-06-05,Consumer,0.47804,-0.108075
2023-06-05,Energy,0.54756,0.01805000000000001
2023-06-05,Financials,0.26676,-0.43570000000000003
2023-06-05,Healthcare,0.13006,0.160675
2023-06-05,Industrials,0.40132500000000004,0.6510333333333334
2023-06-05,Materials,0.3839333333333333,0.77685
2023-06-05,RealEstate,0.29436666666666667,0.0516
2023-06-05,Tech,0.6414799999999999,0.23521999999999998
2023-06-05,Utilities,0.36376,0.2436
2023-06-06,Comm,0.7884,0.406575
2023-06-06,Consumer,0.41032,0.47804
2023-06-06,Energy,-0.15104,0.54756
2023-06-06,Financials,0.5776600000000001,0.26676
2023-06-06,Healthcare,0.37532,0.13006
2023-06-06,Industrials,0.4313666666666667,0.40132500000000004
2023-06-06,Materials,0.0802666666666667,0.3839333333333333
2023-06-06,RealEstate,0.13066666666666665,0.29436666666666667
2023-06-06,Tech,0.1565,0.6414799999999999
2023-06-06,Utilities,0.36376,0.36376
2023-06-07,Comm,0.532875,0.7884
2023-06-07,Consumer,0.41874,0.41032
2023-06-07,Energy,0.238925,-0.15104
2023-06-07,Financials,0.37924,0.5776600000000001
2023-06-07,Healthcare,0.59654,0.37532
2023-06-07,Industrials,0.16265000000000002,0.4313666666666667
2023-06-07,Materials,0.16094999999999998,0.0802666666666667
2023-06-07,RealEstate,0.4215,0.13066666666666665
2023-06-07,Tech,0.6852199999999999,0.1565
2023-06-07,Utilities,0.5076666666666667,0.36376
2023-06-08,Comm,-0.05243333333333333,0.532875
2023-06-08,Consumer,0.52092,0.41874
2023-06-08,Energy,0.23902,0.238925
2023-06-08,Financials,0.19964,0.37924
2023-06-08,Healthcare,0.57008,0.59654
2023-06-08,Industrials,0.1461,0.16265000000000002
2023-06-08,Materials,0.11333333333333334,0.16094999999999998
2023-06-08,RealEstate,0.15164,0.4215
2023-06-08,Tech,0.65632,0.6852199999999999
2023-06-08,Utilities,0.364375,0.5076666666666667
2023-06-09,Comm,0.540475,-0.05243333333333333
2023-06-09,Consumer,0.31562,0.52092
2023-06-09,Energy,0.43515000000000004,0.23902
2023-06-09,Financials,-0.16555,0.19964
2023-06-09,Healthcare,0.031000000000000028,0.57008
2023-06-09,Industrials,-0.06370000000000002,0.1461
2023-06-09,Materials,0.17,0.11333333333333334
2023-06-09,RealEstate,0.28396666666666665,0.15164
2023-06-09,Tech,0.5051599999999999,0.65632
2023-06-09,Utilities,0.5645,0.364375
2023-06-12,Comm,0.2423,0.540475
2023-06-12,Consumer,0.37268,0.31562
2023-06-12,Energy,0.39254,0.43515000000000004
2023-06-12,Financials,0.4021,-0.16555
2023-06-12,Healthcare,0.54146,0.031000000000000028
2023-06-12,Industrials,0.41515,-0.06370000000000002
2023-06-12,Materials,0.0386,0.17
2023-06-12,RealEstate,0.3359,0.28396666666666665
2023-06-12,Tech,0.83152,0.5051599999999999
2023-06-12,Utilities,0.270975,0.5645
2023-06-13,Comm,0.3671,0.2423
2023-06-13,Consumer,0.13224,0.37268
2023-06-13,Energy,0.36406,0.39254
2023-06-13,Financials,0.62804,0.4021
2023-06-13,Healthcare,0.182525,0.54146
2023-06-13,Industrials,0.2044,0.41515
2023-06-13,Materials,0.444325,0.0386
2023-06-13,RealEstate,0.0,0.3359
2023-06-13,Tech,0.75688,0.83152
2023-06-13,Utilities,0.0908,0.270975
2023-06-14,Comm,0.5490666666666667,0.3671
2023-06-14,Consumer,0.21726,0.13224
2023-06-14,Energy,0.20572,0.36406
2023-06-14,Financials,0.5014000000000001,0.62804
2023-06-14,Healthcare,0.43756666666666666,0.182525
2023-06-14,Industrials,0.6484333333333333,0.2044
2023-06-14,Materials,0.3727666666666667,0.444325
2023-06-14,RealEstate,0.6705,0.0
2023-06-14,Tech,0.83506,0.75688
2023-06-14,Utilities,0.8268,0.0908
2023-06-15,Comm,0.40693333333333337,0.5490666666666667
2023-06-15,Consumer,0.30482,0.21726
2023-06-15,Energy,0.26,0.20572
2023-06-15,Financials,0.33246,0.5014000000000001
2023-06-15,Healthcare,-0.14446666666666666,0.43756666666666666
2023-06-15,Industrials,0.12972499999999998,0.6484333333333333
2023-06-15,Materials,0.21306000000000003,0.3727666666666667
2023-06-15,RealEstate,0.14985,0.6705
2023-06-15,Tech,0.64592,0.83506
2023-06-15,Utilities,0.15293333333333334,0.8268
2023-06-16,Comm,0.45872,0.40693333333333337
2023-06-16,Consumer,0.01544,0.30482
2023-06-16,Energy,0.12433999999999998,0.26
2023-06-16,Financials,0.25342000000000003,0.33246
2023-06-16,Healthcare,0.22939999999999997,-0.14446666666666666
2023-06-16,Industrials,0.46375,0.12972499999999998
2023-06-16,Materials,0.2993,0.21306000000000003
2023-06-16,RealEstate,-0.2934,0.14985
2023-06-16,Tech,0.48672000000000004,0.64592
2023-06-16,Utilities,0.3952333333333333,0.15293333333333334
2023-06-20,Comm,0.42042,0.45872
2023-06-20,Consumer,0.31804,0.01544
2023-06-20,Energy,0.54284,0.12433999999999998
2023-06-20,Financials,0.54528,0.25342000000000003
2023-06-20,Healthcare,0.30023999999999995,0.22939999999999997
2023-06-20,Industrials,0.557425,0.46375
2023-06-20,Materials,0.18656666666666666,0.2993
2023-06-20,RealEstate,0.0,-0.2934
2023-06-20,Tech,0.52328,0.48672000000000004
2023-06-20,Utilities,-0.04594999999999999,0.3952333333333333
2023-06-21,Comm,0.3873666666666667,0.42042
2023-06-21,Consumer,0.45827999999999997,0.31804
2023-06-21,Energy,0.16194000000000003,0.54284
2023-06-21,Financials,0.315825,0.54528
2023-06-21,Healthcare,0.31307999999999997,0.30023999999999995
2023-06-21,Industrials,-0.285775,0.557425
2023-06-21,Materials,0.365625,0.18656666666666666
2023-06-21,RealEstate,0.0,0.0
2023-06-21,Tech,0.39596,0.52328
2023-06-21,Utilities,0.5613333333333334,-0.04594999999999999
2023-06-22,Comm,0.39198,0.3873666666666667
2023-06-22,Consumer,0.33092,0.45827999999999997
2023-06-22,Energy,0.05420000000000001,0.16194000000000003
2023-06-22,Financials,0.33067499999999994,0.315825
2023-06-22,Healthcare,0.11896,0.31307999999999997
2023-06-22,Industrials,0.1101,-0.285775
2023-06-22,Materials,0.1468,0.365625
2023-06-22,RealEstate,0.04426000000000001,0.0
2023-06-22,Tech,0.72214,0.39596
2023-06-22,Utilities,0.53925,0.5613333333333334
2023-06-23,Comm,0.32395,0.39198
2023-06-23,Consumer,0.03364,0.33092
2023-06-23,Energy,0.30988000000000004,0.05420000000000001
2023-06-23,Financials,-0.04562,0.33067499999999994
2023-06-23,Healthcare,0.4282,0.11896
2023-06-23,Industrials,0.11597499999999998,0.1101
2023-06-23,Materials,0.09866666666666667,0.1468
2023-06-23,RealEstate,0.16208,0.04426000000000001
2023-06-23,Tech,0.65482,0.72214
2023-06-23,Utilities,0.5103,0.53925
2023-06-26,Comm,0.33449999999999996,0.32395
2023-06-26,Consumer,0.68918,0.03364
2023-06-26,Energy,0.42160000000000003,0.30988000000000004
2023-06-26,Financials,0.52722,-0.04562
2023-06-26,Healthcare,0.48914,0.4282
2023-06-26,Industrials,0.5788666666666666,0.11597499999999998
2023-06-26,Materials,0.1806,0.09866666666666667
2023-06-26,RealEstate,0.359575,0.16208
2023-06-26,Tech,0.72384,0.65482
2023-06-26,Utilities,0.6325666666666666,0.5103
2023-06-27,Comm,0.28776,0.33449999999999996
2023-06-27,Consumer,0.36373999999999995,0.68918
2023-06-27,Energy,0.37002,0.42160000000000003
2023-06-27,Financials,0.691825,0.52722
2023-06-27,Healthcare,0.450175,0.48914
2023-06-27,Industrials,0.1715,0.5788666666666666
2023-06-27,Materials,0.12264,0.1806
2023-06-27,RealEstate,0.522825,0.359575
2023-06-27,Tech,0.67086,0.72384
2023-06-27,Utilities,0.40536000000000005,0.6325666666666666
2023-06-28,Comm,0.191575,0.28776
2023-06-28,Consumer,0.31850000000000006,0.36373999999999995
2023-06-28,Energy,0.238475,0.37002
2023-06-28,Financials,-0.20318,0.691825
2023-06-28,Healthcare,0.12248,0.450175
2023-06-28,Industrials,0.17020000000000002,0.1715
2023-06-28,Materials,0.366225,0.12264
2023-06-28,RealEstate,0.48340000000000005,0.522825
2023-06-28,Tech,0.61248,0.67086
2023-06-28,Utilities,0.2732,0.40536000000000005
2023-06-29,Comm,0.21965,0.191575
2023-06-29,Consumer,0.08120000000000001,0.31850000000000006
2023-06-29,Energy,0.428725,0.238475
2023-06-29,Financials,0.42446,-0.20318
2023-06-29,Healthcare,0.39440000000000003,0.12248
2023-06-29,Industrials,0.119175,0.17020000000000002
2023-06-29,Materials,0.008800000000000007,0.366225
2023-06-29,RealEstate,0.292825,0.48340000000000005
2023-06-29,Tech,0.51118,0.61248
2023-06-29,Utilities,0.282525,0.2732
2023-06-30,Comm,-0.16993333333333335,0.21965
2023-06-30,Consumer,0.54462,0.08120000000000001
2023-06-30,Energy,0.12294000000000001,0.428725
2023-06-30,Financials,0.09142,0.42446
2023-06-30,Healthcare,0.04526,0.39440000000000003
2023-06-30,Industrials,0.1575,0.119175
2023-06-30,Materials,-0.1858,0.008800000000000007
2023-06-30,RealEstate,0.0386,0.292825
2023-06-30,Tech,0.40280000000000005,0.51118
2023-06-30,Utilities,0.38434,0.282525
2023-07-03,Comm,0.5787,-0.16993333333333335
2023-07-03,Consumer,0.46746,0.54462
2023-07-03,Energy,0.71546,0.12294000000000001
2023-07-03,Financials,0.48052,0.09142
2023-07-03,Healthcare,0.55932,0.04526
2023-07-03,Industrials,0.39759999999999995,0.1575
2023-07-03,Materials,0.11333333333333334,-0.1858
2023-07-03,RealEstate,0.4518,0.0386
2023-07-03,Tech,0.87766,0.40280000000000005
2023-07-03,Utilities,0.1894,0.38434
2023-07-05,Comm,0.53225,0.5787
2023-07-05,Consumer,0.31378,0.46746
2023-07-05,Energy,0.46104999999999996,0.71546
2023-07-05,Financials,0.65748,0.48052
2023-07-05,Healthcare,0.52394,0.55932
2023-07-05,Industrials,0.476525,0.39759999999999995
2023-07-05,Materials,0.4356333333333333,0.11333333333333334
2023-07-05,RealEstate,0.5132333333333333,0.4518
2023-07-05,Tech,0.5398400000000001,0.87766
2023-07-05,Utilities,0.5386500000000001,0.1894
2023-07-06,Comm,0.244,0.53225
2023-07-06,Consumer,0.24752000000000002,0.31378
2023-07-06,Energy,0.25915999999999995,0.46104999999999996
2023-07-06,Financials,0.33284,0.65748
2023-07-06,Healthcare,0.7801333333333332,0.52394
2023-07-06,Industrials,0.1774,0.476525
2023-07-06,Materials,0.2627,0.4356333333333333
2023-07-06,RealEstate,0.2652,0.5132333333333333
2023-07-06,Tech,0.0938,0.5398400000000001
2023-07-06,Utilities,0.3781,0.5386500000000001
2023-07-07,Comm,0.337375,0.244
2023-07-07,Consumer,0.389375,0.24752000000000002
2023-07-07,Energy,0.08008,0.25915999999999995
2023-07-07,Financials,0.33648,0.33284
2023-07-07,Healthcare,0.23208,0.7801333333333332
2023-07-07,Industrials,-0.02414999999999999,0.1774
2023-07-07,Materials,0.29533333333333334,0.2627
2023-07-07,RealEstate,0.050575,0.2652
2023-07-07,Tech,0.32742,0.0938
2023-07-07,Utilities,0.4203333333333334,0.3781
2023-07-10,Comm,0.159225,0.337375
2023-07-10,Consumer,0.11866000000000003,0.389375
2023-07-10,Energy,0.36012,0.08008
2023-07-10,Financials,-0.15489999999999998,0.33648
2023-07-10,Healthcare,0.30964,0.23208
2023-07-10,Industrials,0.2672,-0.02414999999999999
2023-07-10,Materials,0.3281,0.29533333333333334
2023-07-10,RealEstate,0.38763333333333333,0.050575
2023-07-10,Tech,0.62354,0.32742
2023-07-10,Utilities,0.3774333333333333,0.4203333333333334
2023-07-11,Comm,0.29504,0.159225
2023-07-11,Consumer,0.49298000000000003,0.11866000000000003
2023-07-11,Energy,-0.18203999999999998,0.36012
2023-07-11,Financials,0.48719999999999997,-0.15489999999999998
2023-07-11,Healthcare,-0.06348,0.30964
2023-07-11,Industrials,0.368225,0.2672
2023-07-11,Materials,0.17468,0.3281
2023-07-11,RealEstate,0.3818,0.38763333333333333
2023-07-11,Tech,0.67754,0.62354
2023-07-11,Utilities,0.470375,0.3774333333333333
2023-07-12,Comm,0.5114,0.29504
2023-07-12,Consumer,0.560225,0.49298000000000003
2023-07-12,Energy,0.59432,-0.18203999999999998
2023-07-12,Financials,0.12498000000000001,0.48719999999999997
2023-07-12,Healthcare,0.6212,-0.06348
2023-07-12,Industrials,-0.0258,0.368225
2023-07-12,Materials,0.13582,0.17468
2023-07-12,RealEstate,0.2409,0.3818
2023-07-12,Tech,0.6281800000000001,0.67754
2023-07-12,Utilities,0.18213333333333334,0.470375
2023-07-13,Comm,0.22829999999999998,0.5114
2023-07-13,Consumer,0.76348,0.560225
2023-07-13,Energy,0.61922,0.59432
2023-07-13,Financials,0.09502,0.12498000000000001
2023-07-13,Healthcare,0.17914,0.6212
2023-07-13,Industrials,0.20847500000000002,-0.0258
2023-07-13,Materials,0.0,0.13582
2023-07-13,RealEstate,0.4544,0.2409
2023-07-13,Tech,0.6996,0.6281800000000001
2023-07-13,Utilities,0.17415,0.18213333333333334
2023-07-14,Comm,0.304725,0.22829999999999998
2023-07-14,Consumer,0.5313800000000001,0.76348
2023-07-14,Energy,0.49268,0.61922
2023-07-14,Financials,0.15856,0.09502
2023-07-14,Healthcare,0.18891999999999998,0.17914
2023-07-14,Industrials,-0.03453333333333333,0.20847500000000002
2023-07-14,Materials,0.0,0.0
2023-07-14,RealEstate,0.083375,0.4544
2023-07-14,Tech,0.60886,0.6996
2023-07-14,Utilities,0.42,0.17415
2023-07-17,Comm,0.21866,0.304725
2023-07-17,Consumer,0.33168,0.5313800000000001
2023-07-17,Energy,0.70294,0.49268
2023-07-17,Financials,0.39631999999999995,0.15856
2023-07-17,Healthcare,0.33418000000000003,0.18891999999999998
2023-07-17,Industrials,0.0683,-0.03453333333333333
2023-07-17,Materials,0.26030000000000003,0.0
2023-07-17,RealEstate,0.5997399999999999,0.083375
2023-07-17,Tech,0.66606,0.60886
2023-07-17,Utilities,0.31845,0.42
2023-07-18,Comm,0.01656,0.21866
2023-07-18,Consumer,0.1667,0.33168
2023-07-18,Energy,-0.04129999999999999,0.70294
2023-07-18,Financials,0.8549,0.39631999999999995
2023-07-18,Healthcare,0.22254000000000002,0.33418000000000003
2023-07-18,Industrials,0.54145,0.0683
2023-07-18,Materials,0.26058000000000003,0.26030000000000003
2023-07-18,RealEstate,0.26460000000000006,0.5997399999999999
2023-07-18,Tech,0.81992,0.66606
2023-07-18,Utilities,0.4322,0.31845
2023-07-19,Comm,0.59175,0.01656
2023-07-19,Consumer,0.54878,0.1667
2023-07-19,Energy,0.0936,-0.04129999999999999
2023-07-19,Financials,0.8494400000000001,0.8549
2023-07-19,Healthcare,0.017140000000000023,0.22254000000000002
2023-07-19,Industrials,0.571025,0.54145
2023-07-19,Materials,0.0,0.26058000000000003
2023-07-19,RealEstate,0.40345000000000003,0.26460000000000006
2023-07-19,Tech,0.56208,0.81992
2023-07-19,Utilities,0.534,0.4322
2023-07-20,Comm,0.02387999999999999,0.59175
2023-07-20,Consumer,0.47614,0.54878
2023-07-20,Energy,0.44448,0.0936
2023-07-20,Financials,0.68896,0.8494400000000001
2023-07-20,Healthcare,0.28828,0.017140000000000023
2023-07-20,Industrials,0.04829999999999999,0.571025
2023-07-20,Materials,0.3087,0.0
2023-07-20,RealEstate,0.23157999999999998,0.40345000000000003
2023-07-20,Tech,0.3724,0.56208
2023-07-20,Utilities,0.5373,0.534
2023-07-21,Comm,0.25495,0.02387999999999999
2023-07-21,Consumer,0.1343,0.47614
2023-07-21,Energy,0.24210000000000004,0.44448
2023-07-21,Financials,0.6620999999999999,0.68896
2023-07-21,Healthcare,0.05007999999999999,0.28828
2023-07-21,Industrials,0.273625,0.04829999999999999
2023-07-21,Materials,-0.08808,0.3087
2023-07-21,RealEstate,0.21423333333333336,0.23157999999999998
2023-07-21,Tech,0.56386,0.3724
2023-07-21,Utilities,0.147575,0.5373
2023-07-24,Comm,0.40396,0.25495
2023-07-24,Consumer,0.34392,0.1343
2023-07-24,Energy,0.8802,0.24210000000000004
2023-07-24,Financials,0.67778,0.6620999999999999
2023-07-24,Healthcare,0.36084,0.05007999999999999
2023-07-24,Industrials,0.646775,0.273625
2023-07-24,Materials,0.37408,-0.08808
2023-07-24,RealEstate,0.5365800000000001,0.21423333333333336
2023-07-24,Tech,0.91546,0.56386
2023-07-24,Utilities,0.45225000000000004,0.147575
2023-07-25,Comm,0.05561999999999998,0.40396
2023-07-25,Consumer,0.47042,0.34392
2023-07-25,Energy,0.53576,0.8802
2023-07-25,Financials,0.32389999999999997,0.67778
2023-07-25,Healthcare,0.30484,0.36084
2023-07-25,Industrials,0.4758,0.646775
2023-07-25,Materials,0.161825,0.37408
2023-07-25,RealEstate,0.14909999999999998,0.5365800000000001
2023-07-25,Tech,-0.03204000000000001,0.91546
2023-07-25,Utilities,0.39126000000000005,0.45225000000000004
2023-07-26,Comm,0.66496,0.05561999999999998
2023-07-26,Consumer,0.6133,0.47042
2023-07-26,Energy,0.1855,0.53576
2023-07-26,Financials,0.36396,0.32389999999999997
2023-07-26,Healthcare,0.12614,0.30484
2023-07-26,Industrials,-0.2257,0.4758
2023-07-26,Materials,0.3687,0.161825
2023-07-26,RealEstate,0.30715000000000003,0.14909999999999998
2023-07-26,Tech,0.58104,-0.03204000000000001
2023-07-26,Utilities,0.4681,0.39126000000000005
2023-07-27,Comm,0.19815999999999998,0.66496
2023-07-27,Consumer,0.78315,0.6133
2023-07-27,Energy,0.010999999999999996,0.1855
2023-07-27,Financials,0.40506000000000003,0.36396
2023-07-27,Healthcare,0.601325,0.12614
2023-07-27,Industrials,0.53265,-0.2257
2023-07-27,Materials,0.100475,0.3687
2023-07-27,RealEstate,0.3524,0.30715000000000003
2023-07-27,Tech,0.6176,0.58104
2023-07-27,Utilities,0.24138,0.4681
2023-07-28,Comm,0.67135,0.19815999999999998
2023-07-28,Consumer,0.4793,0.78315
2023-07-28,Energy,0.77485,0.010999999999999996
2023-07-28,Financials,0.272175,0.40506000000000003
2023-07-28,Healthcare,-0.13644,0.601325
2023-07-28,Industrials,-0.00027499999999999747,0.53265
2023-07-28,Materials,0.2732,0.100475
2023-07-28,RealEstate,0.41240000000000004,0.3524
2023-07-28,Tech,0.8569599999999999,0.6176
2023-07-28,Utilities,0.09545,0.24138
2023-07-31,Comm,0.724075,0.67135
2023-07-31,Consumer,0.72212,0.4793
2023-07-31,Energy,0.92936,0.77485
2023-07-31,Financials,0.46821999999999997,0.272175
2023-07-31,Healthcare,0.38151999999999997,-0.13644
2023-07-31,Industrials,0.45852499999999996,-0.00027499999999999747
2023-07-31,Materials,0.2732,0.2732
2023-07-31,RealEstate,0.301675,0.41240000000000004
2023-07-31,Tech,0.96042,0.8569599999999999
2023-07-31,Utilities,0.4869,0.09545
2023-08-01,Comm,0.59398,0.724075
2023-08-01,Consumer,0.39370000000000005,0.72212
2023-08-01,Energy,0.5481199999999999,0.92936
2023-08-01,Financials,0.35044,0.46821999999999997
2023-08-01,Healthcare,0.43147499999999994,0.38151999999999997
2023-08-01,Industrials,0.12815,0.45852499999999996
2023-08-01,Materials,0.265775,0.2732
2023-08-01,RealEstate,0.3016,0.301675
2023-08-01,Tech,0.8874000000000001,0.96042
2023-08-01,Utilities,0.40455,0.4869
2023-08-02,Comm,0.38818,0.59398
2023-08-02,Consumer,0.022820000000000017,0.39370000000000005
2023-08-02,Energy,0.21835999999999997,0.5481199999999999
2023-08-02,Financials,-0.12142,0.35044
2023-08-02,Healthcare,0.4622,0.43147499999999994
2023-08-02,Industrials,0.3808666666666667,0.12815
2023-08-02,Materials,-0.30515,0.265775
2023-08-02,RealEstate,0.317475,0.3016
2023-08-02,Tech,-0.30368,0.8874000000000001
2023-08-02,Utilities,0.0256,0.40455
2023-08-03,Comm,0.18929999999999997,0.38818
2023-08-03,Consumer,0.044399999999999995,0.022820000000000017
2023-08-03,Energy,0.26596000000000003,0.21835999999999997
2023-08-03,Financials,0.1631,-0.12142
2023-08-03,Healthcare,0.51254,0.4622
2023-08-03,Industrials,0.39336666666666664,0.3808666666666667
2023-08-03,Materials,0.159175,-0.30515
2023-08-03,RealEstate,0.19054,0.317475
2023-08-03,Tech,0.69834,-0.30368
2023-08-03,Utilities,0.2978,0.0256
2023-08-04,Comm,0.1361,0.18929999999999997
2023-08-04,Consumer,0.34146,0.044399999999999995
2023-08-04,Energy,0.08415000000000002,0.26596000000000003
2023-08-04,Financials,0.2254,0.1631
2023-08-04,Healthcare,-0.030279999999999994,0.51254
2023-08-04,Industrials,0.34199999999999997,0.39336666666666664
2023-08-04,Materials,0.159175,0.159175
2023-08-04,RealEstate,0.004919999999999991,0.19054
2023-08-04,Tech,0.55378,0.69834
2023-08-04,Utilities,0.39906,0.2978
2023-08-07,Comm,0.29322000000000004,0.1361
2023-08-07,Consumer,0.18714000000000003,0.34146
2023-08-07,Energy,0.55764,0.08415000000000002
2023-08-07,Financials,-0.07443999999999999,0.2254
2023-08-07,Healthcare,0.31682,-0.030279999999999994
2023-08-07,Industrials,0.137125,0.34199999999999997
2023-08-07,Materials,0.0,0.159175
2023-08-07,RealEstate,0.3014,0.004919999999999991
2023-08-07,Tech,0.51372,0.55378
2023-08-07,Utilities,0.24996000000000002,0.39906
2023-08-08,Comm,0.2725,0.29322000000000004
2023-08-08,Consumer,0.71166,0.18714000000000003
2023-08-08,Energy,0.5543,0.55764
2023-08-08,Financials,-0.43174,-0.07443999999999999
2023-08-08,Healthcare,0.49015,0.31682
2023-08-08,Industrials,0.41625,0.137125
2023-08-08,Materials,0.0258,0.0
2023-08-08,RealEstate,0.0,0.3014
2023-08-08,Tech,0.63612,0.51372
2023-08-08,Utilities,-0.2814,0.24996000000000002
2023-08-09,Comm,0.11372500000000002,0.2725
2023-08-09,Consumer,0.23306,0.71166
2023-08-09,Energy,0.05103999999999999,0.5543
2023-08-09,Financials,0.25476,-0.43174
2023-08-09,Healthcare,0.61298,0.49015
2023-08-09,Industrials,0.4682666666666666,0.41625
2023-08-09,Materials,0.3541,0.0258
2023-08-09,RealEstate,-0.03062,0.0
2023-08-09,Tech,0.39505999999999997,0.63612
2023-08-09,Utilities,0.50335,-0.2814
2023-08-10,Comm,0.1753,0.11372500000000002
2023-08-10,Consumer,0.38598,0.23306
2023-08-10,Energy,0.5786,0.05103999999999999
2023-08-10,Financials,0.24162,0.25476
2023-08-10,Healthcare,0.45189999999999997,0.61298
2023-08-10,Industrials,0.12040000000000001,0.4682666666666666
2023-08-10,Materials,0.08808,0.3541
2023-08-10,RealEstate,0.49238,-0.03062
2023-08-10,Tech,0.33184,0.39505999999999997
2023-08-10,Utilities,0.30074,0.50335
2023-08-11,Comm,0.513075,0.1753
2023-08-11,Consumer,0.5197,0.38598
2023-08-11,Energy,0.6834,0.5786
2023-08-11,Financials,0.42762500000000003,0.24162
2023-08-11,Healthcare,0.15298,0.45189999999999997
2023-08-11,Industrials,0.261275,0.12040000000000001
2023-08-11,Materials,0.8126,0.08808
2023-08-11,RealEstate,0.4461,0.49238
2023-08-11,Tech,0.64722,0.33184
2023-08-11,Utilities,0.28636666666666666,0.30074
2023-08-14,Comm,0.042225,0.513075
2023-08-14,Consumer,0.39727999999999997,0.5197
2023-08-14,Energy,0.7501599999999999,0.6834
2023-08-14,Financials,0.40724,0.42762500000000003
2023-08-14,Healthcare,0.731425,0.15298
2023-08-14,Industrials,0.1585,0.261275
2023-08-14,Materials,0.5251,0.8126
2023-08-14,RealEstate,0.4098,0.4461
2023-08-14,Tech,0.6635,0.64722
2023-08-14,Utilities,0.7119,0.28636666666666666
2023-08-15,Comm,0.28825,0.042225
2023-08-15,Consumer,0.45258000000000004,0.39727999999999997
2023-08-15,Energy,0.33224,0.7501599999999999
2023-08-15,Financials,-0.3765,0.40724
2023-08-15,Healthcare,0.13626,0.731425
2023-08-15,Industrials,0.30724999999999997,0.1585
2023-08-15,Materials,0.12404,0.5251
2023-08-15,RealEstate,0.08895,0.4098
2023-08-15,Tech,0.7693,0.6635
2023-08-15,Utilities,0.09106666666666667,0.7119
2023-08-16,Comm,0.16048,0.28825
2023-08-16,Consumer,0.52188,0.45258000000000004
2023-08-16,Energy,0.56375,0.33224
2023-08-16,Financials,0.019159999999999976,-0.3765
2023-08-16,Healthcare,-0.025574999999999987,0.13626
2023-08-16,Industrials,0.45965,0.30724999999999997
2023-08-16,Materials,0.12404,0.12404
2023-08-16,RealEstate,0.22505,0.08895
2023-08-16,Tech,0.59202,0.7693
2023-08-16,Utilities,0.2787,0.09106666666666667
2023-08-17,Comm,0.19104000000000002,0.16048
2023-08-17,Consumer,0.1807,0.52188
2023-08-17,Energy,0.305,0.56375
2023-08-17,Financials,0.3432,0.019159999999999976
2023-08-17,Healthcare,0.11554,-0.025574999999999987
2023-08-17,Industrials,0.20413333333333336,0.45965
2023-08-17,Materials,0.30028,0.12404
2023-08-17,RealEstate,0.55114,0.22505
2023-08-17,Tech,0.5414,0.59202
2023-08-17,Utilities,0.5117,0.2787
2023-08-18,Comm,0.376375,0.19104000000000002
2023-08-18,Consumer,0.22349999999999998,0.1807
2023-08-18,Energy,0.67056,0.305
2023-08-18,Financials,0.48888,0.3432
2023-08-18,Healthcare,0.62885,0.11554
2023-08-18,Industrials,-0.070275,0.20413333333333336
2023-08-18,Materials,0.1307,0.30028
2023-08-18,RealEstate,0.3785,0.55114
2023-08-18,Tech,0.8254250000000001,0.5414
2023-08-18,Utilities,0.19742500000000002,0.5117
2023-08-21,Comm,0.15244,0.376375
2023-08-21,Consumer,0.52174,0.22349999999999998
2023-08-21,Energy,0.35545,0.67056
2023-08-21,Financials,0.54432,0.48888
2023-08-21,Healthcare,0.24318,0.62885
2023-08-21,Industrials,0.37106666666666666,-0.070275
2023-08-21,Materials,-0.04022499999999998,0.1307
2023-08-21,RealEstate,0.26525,0.3785
2023-08-21,Tech,0.398225,0.8254250000000001
2023-08-21,Utilities,-0.1193,0.19742500000000002
2023-08-22,Comm,-0.139025,0.15244
2023-08-22,Consumer,0.16552000000000003,0.52174
2023-08-22,Energy,0.02445,0.35545
2023-08-22,Financials,0.0015799999999999703,0.54432
2023-08-22,Healthcare,0.066925,0.24318
2023-08-22,Industrials,0.5137,0.37106666666666666
2023-08-22,Materials,0.056575,-0.04022499999999998
2023-08-22,RealEstate,0.42863333333333326,0.26525
2023-08-22,Tech,0.42636,0.398225
2023-08-22,Utilities,0.135575,-0.1193
2023-08-23,Comm,0.66,-0.139025
2023-08-23,Consumer,0.58134,0.16552000000000003
2023-08-23,Energy,0.7134,0.02445
2023-08-23,Financials,0.46975999999999996,0.0015799999999999703
2023-08-23,Healthcare,0.49190000000000006,0.066925
2023-08-23,Industrials,0.4212,0.5137
2023-08-23,Materials,0.0,0.056575
2023-08-23,RealEstate,0.0,0.42863333333333326
2023-08-23,Tech,0.7336199999999999,0.42636
2023-08-23,Utilities,0.49528,0.135575
2023-08-24,Comm,0.574,0.66
2023-08-24,Consumer,0.43344000000000005,0.58134
2023-08-24,Energy,0.28866,0.7134
2023-08-24,Financials,-0.021920000000000005,0.46975999999999996
2023-08-24,Healthcare,0.12374,0.49190000000000006
2023-08-24,Industrials,0.345925,0.4212
2023-08-24,Materials,0.09545,0.0
2023-08-24,RealEstate,0.13808,0.0
2023-08-24,Tech,0.79524,0.7336199999999999
2023-08-24,Utilities,0.449275,0.49528
2023-08-25,Comm,-0.167625,0.574
2023-08-25,Consumer,0.5427,0.43344000000000005
2023-08-25,Energy,-0.0456,0.28866
2023-08-25,Financials,0.05477999999999998,-0.021920000000000005
2023-08-25,Healthcare,0.15819999999999998,0.12374
2023-08-25,Industrials,0.152025,0.345925
2023-08-25,Materials,0.36410000000000003,0.09545
2023-08-25,RealEstate,0.1678,0.13808
2023-08-25,Tech,0.45215999999999995,0.79524
2023-08-25,Utilities,0.42419999999999997,0.449275
2023-08-28,Comm,0.4201333333333333,-0.167625
2023-08-28,Consumer,0.07936000000000001,0.5427
2023-08-28,Energy,0.51856,-0.0456
2023-08-28,Financials,0.23807999999999999,0.05477999999999998
2023-08-28,Healthcare,0.241775,0.15819999999999998
2023-08-28,Industrials,0.13525,0.152025
2023-08-28,Materials,0.3703,0.36410000000000003
2023-08-28,RealEstate,0.327575,0.1678
2023-08-28,Tech,0.8145,0.45215999999999995
2023-08-28,Utilities,0.18765,0.42419999999999997
2023-08-29,Comm,0.5153666666666666,0.4201333333333333
2023-08-29,Consumer,0.717,0.07936000000000001
2023-08-29,Energy,-0.04198000000000001,0.51856
2023-08-29,Financials,-0.10350000000000001,0.23807999999999999
2023-08-29,Healthcare,0.40948,0.241775
2023-08-29,Industrials,0.4352,0.13525
2023-08-29,Materials,0.0,0.3703
2023-08-29,RealEstate,0.29336666666666666,0.327575
2023-08-29,Tech,0.60564,0.8145
2023-08-29,Utilities,0.30179999999999996,0.18765
2023-08-30,Comm,0.3227333333333333,0.5153666666666666
2023-08-30,Consumer,0.30538000000000004,0.717
2023-08-30,Energy,0.4208,-0.04198000000000001
2023-08-30,Financials,0.03380000000000001,-0.10350000000000001
2023-08-30,Healthcare,0.13105,0.40948
2023-08-30,Industrials,0.1255333333333333,0.4352
2023-08-30,Materials,0.5576,0.0
2023-08-30,RealEstate,0.30065000000000003,0.29336666666666666
2023-08-30,Tech,0.67404,0.60564
2023-08-30,Utilities,0.4144666666666666,0.30179999999999996
2023-08-31,Comm,0.41274,0.3227333333333333
2023-08-31,Consumer,0.7249,0.30538000000000004
2023-08-31,Energy,0.362225,0.4208
2023-08-31,Financials,0.43764000000000003,0.03380000000000001
2023-08-31,Healthcare,0.4961,0.13105
2023-08-31,Industrials,0.2942,0.1255333333333333
2023-08-31,Materials,0.43324999999999997,0.5576
2023-08-31,RealEstate,0.516575,0.30065000000000003
2023-08-31,Tech,0.3478,0.67404
2023-08-31,Utilities,0.36382,0.4144666666666666
2023-09-01,Comm,-0.015349999999999989,0.41274
2023-09-01,Consumer,0.46362000000000003,0.7249
2023-09-01,Energy,0.32483333333333336,0.362225
2023-09-01,Financials,0.20285,0.43764000000000003
2023-09-01,Healthcare,0.12462000000000002,0.4961
2023-09-01,Industrials,0.64845,0.2942
2023-09-01,Materials,0.351,0.43324999999999997
2023-09-01,RealEstate,0.42134,0.516575
2023-09-01,Tech,0.54384,0.3478
2023-09-01,Utilities,0.34840000000000004,0.36382
2023-09-05,Comm,0.5887800000000001,-0.015349999999999989
2023-09-05,Consumer,0.36482000000000003,0.46362000000000003
2023-09-05,Energy,-0.0803,0.32483333333333336
2023-09-05,Financials,0.5786,0.20285
2023-09-05,Healthcare,0.17826,0.12462000000000002
2023-09-05,Industrials,0.563225,0.64845
2023-09-05,Materials,0.20165,0.351
2023-09-05,RealEstate,0.28185,0.42134
2023-09-05,Tech,0.9510799999999999,0.54384
2023-09-05,Utilities,0.463,0.34840000000000004
2023-09-06,Comm,0.294,0.5887800000000001
2023-09-06,Consumer,0.36147999999999997,0.36482000000000003
2023-09-06,Energy,0.37174,-0.0803
2023-09-06,Financials,0.8614999999999999,0.5786
2023-09-06,Healthcare,0.36626,0.17826
2023-09-06,Industrials,0.36885,0.563225
2023-09-06,Materials,0.16096,0.20165
2023-09-06,RealEstate,0.32030000000000003,0.28185
2023-09-06,Tech,0.7411,0.9510799999999999
2023-09-06,Utilities,0.4173,0.463
2023-09-07,Comm,0.18287499999999995,0.294
2023-09-07,Consumer,0.43315,0.36147999999999997
2023-09-07,Energy,0.24200000000000002,0.37174
2023-09-07,Financials,0.68628,0.8614999999999999
2023-09-07,Healthcare,-0.10747999999999999,0.36626
2023-09-07,Industrials,0.43379999999999996,0.36885
2023-09-07,Materials,0.09265000000000002,0.16096
2023-09-07,RealEstate,0.068,0.32030000000000003
2023-09-07,Tech,0.57652,0.7411
2023-09-07,Utilities,0.50568,0.4173
2023-09-08,Comm,0.39896000000000004,0.18287499999999995
2023-09-08,Consumer,0.63644,0.43315
2023-09-08,Energy,0.5363800000000001,0.24200000000000002
2023-09-08,Financials,0.28908,0.68628
2023-09-08,Healthcare,0.50392,-0.10747999999999999
2023-09-08,Industrials,0.30770000000000003,0.43379999999999996
2023-09-08,Materials,0.116825,0.09265000000000002
2023-09-08,RealEstate,0.255,0.068
2023-09-08,Tech,0.61976,0.57652
2023-09-08,Utilities,0.39982,0.50568
2023-09-11,Comm,0.27322500000000005,0.39896000000000004
2023-09-11,Consumer,0.47108,0.63644
2023-09-11,Energy,0.5144,0.5363800000000001
2023-09-11,Financials,0.5179199999999999,0.28908
2023-09-11,Healthcare,0.57824,0.50392
2023-09-11,Industrials,0.393625,0.30770000000000003
2023-09-11,Materials,0.16076,0.116825
2023-09-11,RealEstate,0.46146000000000004,0.255
2023-09-11,Tech,0.97852,0.61976
2023-09-11,Utilities,0.22319999999999998,0.39982
2023-09-12,Comm,0.19125,0.27322500000000005
2023-09-12,Consumer,0.40800000000000003,0.47108
2023-09-12,Energy,0.39238,0.5144
2023-09-12,Financials,0.52204,0.5179199999999999
2023-09-12,Healthcare,0.10244,0.57824
2023-09-12,Industrials,0.53145,0.393625
2023-09-12,Materials,0.100475,0.16076
2023-09-12,RealEstate,-0.19063333333333332,0.46146000000000004
2023-09-12,Tech,0.52186,0.97852
2023-09-12,Utilities,0.06783333333333334,0.22319999999999998
2023-09-13,Comm,0.190225,0.19125
2023-09-13,Consumer,0.596925,0.40800000000000003
2023-09-13,Energy,0.38516,0.39238
2023-09-13,Financials,0.22077999999999998,0.52204
2023-09-13,Healthcare,0.3805666666666667,0.10244
2023-09-13,Industrials,0.34457499999999996,0.53145
2023-09-13,Materials,0.1806,0.100475
2023-09-13,RealEstate,0.164925,-0.19063333333333332
2023-09-13,Tech,0.88598,0.52186
2023-09-13,Utilities,0.33462000000000003,0.06783333333333334
2023-09-14,Comm,0.5578333333333333,0.190225
2023-09-14,Consumer,0.14876,0.596925
2023-09-14,Energy,0.38889999999999997,0.38516
2023-09-14,Financials,0.885175,0.22077999999999998
2023-09-14,Healthcare,0.37364,0.3805666666666667
2023-09-14,Industrials,0.3609,0.34457499999999996
2023-09-14,Materials,0.068475,0.1806
2023-09-14,RealEstate,0.100475,0.164925
2023-09-14,Tech,0.9077999999999999,0.88598
2023-09-14,Utilities,0.24211999999999997,0.33462000000000003
2023-09-15,Comm,-0.07144999999999999,0.5578333333333333
2023-09-15,Consumer,0.75062,0.14876
2023-09-15,Energy,0.17345,0.38889999999999997
2023-09-15,Financials,0.19707999999999998,0.885175
2023-09-15,Healthcare,0.020099999999999993,0.37364
2023-09-15,Industrials,0.3791,0.3609
2023-09-15,Materials,-0.4637,0.068475
2023-09-15,RealEstate,0.50532,0.100475
2023-09-15,Tech,0.23028000000000004,0.9077999999999999
2023-09-15,Utilities,0.4472666666666667,0.24211999999999997
2023-09-18,Comm,0.36862500000000004,-0.07144999999999999
2023-09-18,Consumer,0.47996,0.75062
2023-09-18,Energy,-0.051140000000000005,0.17345
2023-09-18,Financials,0.62102,0.19707999999999998
2023-09-18,Healthcare,0.1578,0.020099999999999993
2023-09-18,Industrials,0.5237,0.3791
2023-09-18,Materials,0.296075,-0.4637
2023-09-18,RealEstate,0.3498666666666667,0.50532
2023-09-18,Tech,0.8038399999999999,0.23028000000000004
2023-09-18,Utilities,0.22960000000000003,0.4472666666666667
2023-09-19,Comm,0.28595,0.36862500000000004
2023-09-19,Consumer,0.54844,0.47996
2023-09-19,Energy,0.46346,-0.051140000000000005
2023-09-19,Financials,0.075425,0.62102
2023-09-19,Healthcare,-0.017220000000000003,0.1578
2023-09-19,Industrials,0.3882,0.5237
2023-09-19,Materials,0.0,0.296075
2023-09-19,RealEstate,0.321525,0.3498666666666667
2023-09-19,Tech,0.63792,0.8038399999999999
2023-09-19,Utilities,0.4587333333333334,0.22960000000000003
2023-09-20,Comm,0.26776666666666665,0.28595
2023-09-20,Consumer,-0.49792000000000003,0.54844
2023-09-20,Energy,0.0033249999999999946,0.46346
2023-09-20,Financials,0.29006,0.075425
2023-09-20,Healthcare,-0.28278,-0.017220000000000003
2023-09-20,Industrials,0.24762499999999998,0.3882
2023-09-20,Materials,0.06743333333333333,0.0
2023-09-20,RealEstate,0.5156499999999999,0.321525
2023-09-20,Tech,0.36838,0.63792
2023-09-20,Utilities,0.3843,0.4587333333333334
2023-09-21,Comm,0.13452,0.26776666666666665
2023-09-21,Consumer,-0.11358000000000001,-0.49792000000000003
2023-09-21,Energy,0.65725,0.0033249999999999946
2023-09-21,Financials,0.25026000000000004,0.29006
2023-09-21,Healthcare,0.28738,-0.28278
2023-09-21,Industrials,0.48214999999999997,0.24762499999999998
2023-09-21,Materials,-0.03430000000000001,0.06743333333333333
2023-09-21,RealEstate,0.48777499999999996,0.5156499999999999
2023-09-21,Tech,0.68528,0.36838
2023-09-21,Utilities,0.33568000000000003,0.3843
2023-09-22,Comm,0.10582499999999999,0.13452
2023-09-22,Consumer,0.53396,-0.11358000000000001
2023-09-22,Energy,0.5684400000000001,0.65725
2023-09-22,Financials,-0.02734000000000001,0.25026000000000004
2023-09-22,Healthcare,-0.31685,0.28738
2023-09-22,Industrials,0.360375,0.48214999999999997
2023-09-22,Materials,0.2553,-0.03430000000000001
2023-09-22,RealEstate,0.5398000000000001,0.48777499999999996
2023-09-22,Tech,0.39627999999999997,0.68528
2023-09-22,Utilities,0.2787,0.33568000000000003
2023-09-25,Comm,0.251675,0.10582499999999999
2023-09-25,Consumer,0.68814,0.53396
2023-09-25,Energy,0.555375,0.5684400000000001
2023-09-25,Financials,0.15108000000000002,-0.02734000000000001
2023-09-25,Healthcare,0.26832500000000004,-0.31685
2023-09-25,Industrials,0.4289,0.360375
2023-09-25,Materials,0.1952,0.2553
2023-09-25,RealEstate,0.18532,0.5398000000000001
2023-09-25,Tech,0.45237999999999995,0.39627999999999997
2023-09-25,Utilities,0.5107666666666667,0.2787
2023-09-26,Comm,0.2902,0.251675
2023-09-26,Consumer,0.62042,0.68814
2023-09-26,Energy,0.42085999999999996,0.555375
2023-09-26,Financials,0.2592,0.15108000000000002
2023-09-26,Healthcare,0.36845,0.26832500000000004
2023-09-26,Industrials,0.492875,0.4289
2023-09-26,Materials,0.2732,0.1952
2023-09-26,RealEstate,0.41196666666666665,0.18532
2023-09-26,Tech,0.3578,0.45237999999999995
2023-09-26,Utilities,0.311,0.5107666666666667
2023-09-27,Comm,0.10606666666666666,0.2902
2023-09-27,Consumer,-0.018440000000000005,0.62042
2023-09-27,Energy,0.35453999999999997,0.42085999999999996
2023-09-27,Financials,0.36462,0.2592
2023-09-27,Healthcare,0.4978666666666667,0.36845
2023-09-27,Industrials,0.55735,0.492875
2023-09-27,Materials,0.049819999999999996,0.2732
2023-09-27,RealEstate,0.44645,0.41196666666666665
2023-09-27,Tech,0.62682,0.3578
2023-09-27,Utilities,0.21176,0.311
2023-09-28,Comm,0.434025,0.10606666666666666
2023-09-28,Consumer,0.32372500000000004,-0.018440000000000005
2023-09-28,Energy,0.4226,0.35453999999999997
2023-09-28,Financials,0.5725,0.36462
2023-09-28,Healthcare,0.30551999999999996,0.4978666666666667
2023-09-28,Industrials,0.241775,0.55735
2023-09-28,Materials,0.24780000000000002,0.049819999999999996
2023-09-28,RealEstate,0.7122,0.44645
2023-09-28,Tech,0.29374,0.62682
2023-09-28,Utilities,0.33285,0.21176
2023-09-29,Comm,0.630175,0.434025
2023-09-29,Consumer,0.6458,0.32372500000000004
2023-09-29,Energy,0.59496,0.4226
2023-09-29,Financials,0.33518,0.5725
2023-09-29,Healthcare,0.08110000000000002,0.30551999999999996
2023-09-29,Industrials,0.3532666666666667,0.241775
2023-09-29,Materials,0.0,0.24780000000000002
2023-09-29,RealEstate,0.21230000000000002,0.7122
2023-09-29,Tech,0.47892,0.29374
2023-09-29,Utilities,0.6603600000000001,0.33285
2023-10-02,Comm,0.45262,0.630175
2023-10-02,Consumer,0.69672,0.6458
2023-10-02,Energy,0.68154,0.59496
2023-10-02,Financials,0.5354,0.33518
2023-10-02,Healthcare,0.36916000000000004,0.08110000000000002
2023-10-02,Industrials,0.68845,0.3532666666666667
2023-10-02,Materials,0.28887999999999997,0.0
2023-10-02,RealEstate,0.5170250000000001,0.21230000000000002
2023-10-02,Tech,0.8465,0.47892
2023-10-02,Utilities,0.60426,0.6603600000000001
2023-10-03,Comm,0.0,0.45262
2023-10-03,Consumer,0.61692,0.69672
2023-10-03,Energy,0.4854,0.68154
2023-10-03,Financials,0.8243499999999999,0.5354
2023-10-03,Healthcare,0.31565,0.36916000000000004
2023-10-03,Industrials,0.5258,0.68845
2023-10-03,Materials,0.3479,0.28887999999999997
2023-10-03,RealEstate,0.28036,0.5170250000000001
2023-10-03,Tech,0.72118,0.8465
2023-10-03,Utilities,0.38346,0.60426
2023-10-04,Comm,0.47700000000000004,0.0
2023-10-04,Consumer,0.46088000000000007,0.61692
2023-10-04,Energy,0.80252,0.4854
2023-10-04,Financials,0.4301333333333333,0.8243499999999999
2023-10-04,Healthcare,0.46675,0.31565
2023-10-04,Industrials,0.13652499999999998,0.5258
2023-10-04,Materials,0.18083333333333332,0.3479
2023-10-04,RealEstate,0.5447500000000001,0.28036
2023-10-04,Tech,0.46642,0.72118
2023-10-04,Utilities,0.22502,0.38346
2023-10-05,Comm,0.22519999999999998,0.47700000000000004
2023-10-05,Consumer,0.42206,0.46088000000000007
2023-10-05,Energy,0.68248,0.80252
2023-10-05,Financials,0.28556,0.4301333333333333
2023-10-05,Healthcare,-0.05464,0.46675
2023-10-05,Industrials,0.15924,0.13652499999999998
2023-10-05,Materials,0.130975,0.18083333333333332
2023-10-05,RealEstate,0.274275,0.5447500000000001
2023-10-05,Tech,0.8492799999999999,0.46642
2023-10-05,Utilities,0.46943999999999997,0.22502
2023-10-06,Comm,0.30643333333333334,0.22519999999999998
2023-10-06,Consumer,0.44086,0.42206
2023-10-06,Energy,0.285575,0.68248
2023-10-06,Financials,0.41612,0.28556
2023-10-06,Healthcare,0.1719,-0.05464
2023-10-06,Industrials,0.25605,0.15924
2023-10-06,Materials,0.3286,0.130975
2023-10-06,RealEstate,0.25112500000000004,0.274275
2023-10-06,Tech,0.29662,0.8492799999999999
2023-10-06,Utilities,0.471325,0.46943999999999997
2023-10-09,Comm,0.5088,0.30643333333333334
2023-10-09,Consumer,0.18349999999999997,0.44086
2023-10-09,Energy,0.04466000000000001,0.285575
2023-10-09,Financials,0.43162,0.41612
2023-10-09,Healthcare,0.6561199999999999,0.1719
2023-10-09,Industrials,0.07144000000000003,0.25605
2023-10-09,Materials,0.07655,0.3286
2023-10-09,RealEstate,0.03210000000000002,0.25112500000000004
2023-10-09,Tech,0.38167999999999996,0.29662
2023-10-09,Utilities,0.03383333333333333,0.471325
2023-10-10,Comm,0.37770000000000004,0.5088
2023-10-10,Consumer,0.69244,0.18349999999999997
2023-10-10,Energy,0.59258,0.04466000000000001
2023-10-10,Financials,-0.012450000000000017,0.43162
2023-10-10,Healthcare,-0.14792,0.6561199999999999
2023-10-10,Industrials,0.47653999999999996,0.07144000000000003
2023-10-10,Materials,0.0,0.07655
2023-10-10,RealEstate,0.35375,0.03210000000000002
2023-10-10,Tech,0.56696,0.38167999999999996
2023-10-10,Utilities,0.4438,0.03383333333333333
2023-10-11,Comm,0.6711,0.37770000000000004
2023-10-11,Consumer,0.24496,0.69244
2023-10-11,Energy,0.5125666666666667,0.59258
2023-10-11,Financials,0.17645999999999998,-0.012450000000000017
2023-10-11,Healthcare,0.231,-0.14792
2023-10-11,Industrials,0.40072,0.47653999999999996
2023-10-11,Materials,0.6812666666666667,0.0
2023-10-11,RealEstate,0.0,0.35375
2023-10-11,Tech,0.78256,0.56696
2023-10-11,Utilities,0.22893333333333332,0.4438
2023-10-12,Comm,0.28566,0.6711
2023-10-12,Consumer,0.36058,0.24496
2023-10-12,Energy,0.52186,0.5125666666666667
2023-10-12,Financials,0.43432000000000004,0.17645999999999998
2023-10-12,Healthcare,0.2902,0.231
2023-10-12,Industrials,0.4862,0.40072
2023-10-12,Materials,0.461475,0.6812666666666667
2023-10-12,RealEstate,0.49734,0.0
2023-10-12,Tech,0.622425,0.78256
2023-10-12,Utilities,0.37060000000000004,0.22893333333333332
2023-10-13,Comm,0.1772,0.28566
2023-10-13,Consumer,0.12028000000000001,0.36058
2023-10-13,Energy,-0.564675,0.52186
2023-10-13,Financials,0.18874,0.43432000000000004
2023-10-13,Healthcare,0.179425,0.2902
2023-10-13,Industrials,0.159375,0.4862
2023-10-13,Materials,0.3460666666666667,0.461475
2023-10-13,RealEstate,0.26335,0.49734
2023-10-13,Tech,0.71804,0.622425
2023-10-13,Utilities,0.5771200000000001,0.37060000000000004
2023-10-16,Comm,-0.04050000000000001,0.1772
2023-10-16,Consumer,0.70442,0.12028000000000001
2023-10-16,Energy,0.6234000000000001,-0.564675
2023-10-16,Financials,0.37872,0.18874
2023-10-16,Healthcare,0.06742,0.179425
2023-10-16,Industrials,0.11664,0.159375
2023-10-16,Materials,0.32236666666666663,0.3460666666666667
2023-10-16,RealEstate,0.535475,0.26335
2023-10-16,Tech,0.73752,0.71804
2023-10-16,Utilities,0.3618,0.5771200000000001
2023-10-17,Comm,-0.042666666666666665,-0.04050000000000001
2023-10-17,Consumer,0.37039999999999995,0.70442
2023-10-17,Energy,0.8485333333333333,0.6234000000000001
2023-10-17,Financials,0.57948,0.37872
2023-10-17,Healthcare,0.4290999999999999,0.06742
2023-10-17,Industrials,0.21059999999999998,0.11664
2023-10-17,Materials,0.262575,0.32236666666666663
2023-10-17,RealEstate,0.254725,0.535475
2023-10-17,Tech,0.59374,0.73752
2023-10-17,Utilities,0.44205,0.3618
2023-10-18,Comm,0.3276,-0.042666666666666665
2023-10-18,Consumer,0.4281,0.37039999999999995
2023-10-18,Energy,-0.18692,0.8485333333333333
2023-10-18,Financials,-0.015759999999999996,0.57948
2023-10-18,Healthcare,0.03730000000000001,0.4290999999999999
2023-10-18,Industrials,0.2468,0.21059999999999998
2023-10-18,Materials,-0.11124,0.262575
2023-10-18,RealEstate,0.395375,0.254725
2023-10-18,Tech,0.22619999999999996,0.59374
2023-10-18,Utilities,0.38295,0.44205
2023-10-19,Comm,0.613675,0.3276
2023-10-19,Consumer,0.227,0.4281
2023-10-19,Energy,0.5376000000000001,-0.18692
2023-10-19,Financials,0.44722,-0.015759999999999996
2023-10-19,Healthcare,0.7432000000000001,0.03730000000000001
2023-10-19,Industrials,0.42598,0.2468
2023-10-19,Materials,0.15484,-0.11124
2023-10-19,RealEstate,-0.005599999999999994,0.395375
2023-10-19,Tech,0.35562,0.22619999999999996
2023-10-19,Utilities,0.1417,0.38295
2023-10-20,Comm,0.23879999999999998,0.613675
2023-10-20,Consumer,0.3061,0.227
2023-10-20,Energy,0.377425,0.5376000000000001
2023-10-20,Financials,0.29825999999999997,0.44722
2023-10-20,Healthcare,0.18904,0.7432000000000001
2023-10-20,Industrials,-0.1719,0.42598
2023-10-20,Materials,-0.100475,0.15484
2023-10-20,RealEstate,0.38472,-0.005599999999999994
2023-10-20,Tech,0.58204,0.35562
2023-10-20,Utilities,0.31845,0.1417
2023-10-23,Comm,0.140025,0.23879999999999998
2023-10-23,Consumer,0.80216,0.3061
2023-10-23,Energy,0.14940000000000003,0.377425
2023-10-23,Financials,0.209825,0.29825999999999997
2023-10-23,Healthcare,0.29276,0.18904
2023-10-23,Industrials,0.68562,-0.1719
2023-10-23,Materials,0.29901999999999995,-0.100475
2023-10-23,RealEstate,0.6288666666666667,0.38472
2023-10-23,Tech,0.6275600000000001,0.58204
2023-10-23,Utilities,-0.09244999999999999,0.31845
2023-10-24,Comm,0.5658333333333333,0.140025
2023-10-24,Consumer,0.45167999999999997,0.80216
2023-10-24,Energy,0.71976,0.14940000000000003
2023-10-24,Financials,0.2205,0.209825
2023-10-24,Healthcare,0.34784000000000004,0.29276
2023-10-24,Industrials,0.60982,0.68562
2023-10-24,Materials,0.6133666666666667,0.29901999999999995
2023-10-24,RealEstate,0.36878,0.6288666666666667
2023-10-24,Tech,0.8394999999999999,0.6275600000000001
2023-10-24,Utilities,0.2675666666666667,-0.09244999999999999
2023-10-25,Comm,0.41269999999999996,0.5658333333333333
2023-10-25,Consumer,0.09946000000000002,0.45167999999999997
2023-10-25,Energy,0.7489666666666667,0.71976
2023-10-25,Financials,0.714,0.2205
2023-10-25,Healthcare,0.32972,0.34784000000000004
2023-10-25,Industrials,-0.13738,0.60982
2023-10-25,Materials,0.20082499999999998,0.6133666666666667
2023-10-25,RealEstate,0.6022333333333334,0.36878
2023-10-25,Tech,0.673,0.8394999999999999
2023-10-25,Utilities,0.4721,0.2675666666666667
2023-10-26,Comm,0.6510750000000001,0.41269999999999996
2023-10-26,Consumer,0.31448,0.09946000000000002
2023-10-26,Energy,0.47519999999999996,0.7489666666666667
2023-10-26,Financials,0.43624,0.714
2023-10-26,Healthcare,0.66032,0.32972
2023-10-26,Industrials,0.48398,-0.13738
2023-10-26,Materials,0.40492,0.20082499999999998
2023-10-26,RealEstate,0.10115,0.6022333333333334
2023-10-26,Tech,0.60472,0.673
2023-10-26,Utilities,0.54086,0.4721
2023-10-27,Comm,-0.3791,0.6510750000000001
2023-10-27,Consumer,0.51278,0.31448
2023-10-27,Energy,0.61,0.47519999999999996
2023-10-27,Financials,0.20875,0.43624
2023-10-27,Healthcare,0.51712,0.66032
2023-10-27,Industrials,-0.2824,0.48398
2023-10-27,Materials,0.0386,0.40492
2023-10-27,RealEstate,0.3291,0.10115
2023-10-27,Tech,0.6807000000000001,0.60472
2023-10-27,Utilities,0.6432333333333333,0.54086
2023-10-30,Comm,0.37371999999999994,-0.3791
2023-10-30,Consumer,0.56098,0.51278
2023-10-30,Energy,0.601275,0.61
2023-10-30,Financials,0.46875,0.20875
2023-10-30,Healthcare,0.23746,0.51712
2023-10-30,Industrials,0.471075,-0.2824
2023-10-30,Materials,0.16892000000000001,0.0386
2023-10-30,RealEstate,0.48735999999999996,0.3291
2023-10-30,Tech,0.31894,0.6807000000000001
2023-10-30,Utilities,0.5859,0.6432333333333333
2023-10-31,Comm,0.2991,0.37371999999999994
2023-10-31,Consumer,0.4471,0.56098
2023-10-31,Energy,0.4744,0.601275
2023-10-31,Financials,0.325525,0.46875
2023-10-31,Healthcare,0.31008,0.23746
2023-10-31,Industrials,0.33788,0.471075
2023-10-31,Materials,0.0,0.16892000000000001
2023-10-31,RealEstate,0.3317333333333334,0.48735999999999996
2023-10-31,Tech,0.5777599999999999,0.31894
2023-10-31,Utilities,0.207825,0.5859
2023-11-01,Comm,0.30154,0.2991
2023-11-01,Consumer,0.6532600000000001,0.4471
2023-11-01,Energy,0.6514599999999999,0.4744
2023-11-01,Financials,0.3841666666666667,0.325525
2023-11-01,Healthcare,-0.1586,0.31008
2023-11-01,Industrials,0.30585999999999997,0.33788
2023-11-01,Materials,0.36738,0.0
2023-11-01,RealEstate,0.21843333333333334,0.3317333333333334
2023-11-01,Tech,0.74906,0.5777599999999999
2023-11-01,Utilities,0.09614,0.207825
2023-11-02,Comm,0.14694000000000002,0.30154
2023-11-02,Consumer,0.52914,0.6532600000000001
2023-11-02,Energy,0.5033799999999999,0.6514599999999999
2023-11-02,Financials,0.29076,0.3841666666666667
2023-11-02,Healthcare,0.4778,-0.1586
2023-11-02,Industrials,0.6121000000000001,0.30585999999999997
2023-11-02,Materials,0.2567,0.36738
2023-11-02,RealEstate,0.406,0.21843333333333334
2023-11-02,Tech,0.89056,0.74906
2023-11-02,Utilities,0.6500600000000001,0.09614
2023-11-03,Comm,0.3134333333333333,0.14694000000000002
2023-11-03,Consumer,0.38348000000000004,0.52914
2023-11-03,Energy,0.4663,0.5033799999999999
2023-11-03,Financials,0.31538000000000005,0.29076
2023-11-03,Healthcare,0.3607,0.4778
2023-11-03,Industrials,-0.166,0.6121000000000001
2023-11-03,Materials,0.27253333333333335,0.2567
2023-11-03,RealEstate,0.1902,0.406
2023-11-03,Tech,0.67916,0.89056
2023-11-03,Utilities,0.355275,0.6500600000000001
2023-11-06,Comm,0.21264000000000002,0.3134333333333333
2023-11-06,Consumer,0.36844,0.38348000000000004
2023-11-06,Energy,0.64022,0.4663
2023-11-06,Financials,0.1908,0.31538000000000005
2023-11-06,Healthcare,0.42126,0.3607
2023-11-06,Industrials,0.45027999999999996,-0.166
2023-11-06,Materials,0.44530000000000003,0.27253333333333335
2023-11-06,RealEstate,0.36355,0.1902
2023-11-06,Tech,0.73042,0.67916
2023-11-06,Utilities,0.540675,0.355275
2023-11-07,Comm,0.46485,0.21264000000000002
2023-11-07,Consumer,0.7906000000000001,0.36844
2023-11-07,Energy,0.6171200000000001,0.64022
2023-11-07,Financials,0.2273666666666667,0.1908
2023-11-07,Healthcare,0.39638,0.42126
2023-11-07,Industrials,0.12207499999999999,0.45027999999999996
2023-11-07,Materials,0.127375,0.44530000000000003
2023-11-07,RealEstate,0.3685333333333333,0.36355
2023-11-07,Tech,0.8956200000000001,0.73042
2023-11-07,Utilities,0.284975,0.540675
2023-11-08,Comm,0.31911999999999996,0.46485
2023-11-08,Consumer,0.17562,0.7906000000000001
2023-11-08,Energy,0.56755,0.6171200000000001
2023-11-08,Financials,0.21515,0.2273666666666667
2023-11-08,Healthcare,0.23432,0.39638
2023-11-08,Industrials,0.33476,0.12207499999999999
2023-11-08,Materials,0.0129,0.127375
2023-11-08,RealEstate,0.10986666666666665,0.3685333333333333
2023-11-08,Tech,0.34278,0.8956200000000001
2023-11-08,Utilities,0.3245,0.284975
2023-11-09,Comm,0.4647,0.31911999999999996
2023-11-09,Consumer,0.45936000000000005,0.17562
2023-11-09,Energy,0.39727999999999997,0.56755
2023-11-09,Financials,0.23688000000000003,0.21515
2023-11-09,Healthcare,0.45586000000000004,0.23432
2023-11-09,Industrials,0.343125,0.33476
2023-11-09,Materials,0.00645,0.0129
2023-11-09,RealEstate,0.27985,0.10986666666666665
2023-11-09,Tech,0.8069599999999999,0.34278
2023-11-09,Utilities,0.48679999999999995,0.3245
2023-11-10,Comm,0.3774333333333333,0.4647
2023-11-10,Consumer,0.34802,0.45936000000000005
2023-11-10,Energy,0.34936,0.39727999999999997
2023-11-10,Financials,0.17064,0.23688000000000003
2023-11-10,Healthcare,0.22265,0.45586000000000004
2023-11-10,Industrials,0.13245,0.343125
2023-11-10,Materials,-0.01766666666666668,0.00645
2023-11-10,RealEstate,-0.25453333333333333,0.27985
2023-11-10,Tech,0.80456,0.8069599999999999
2023-11-10,Utilities,0.49924999999999997,0.48679999999999995
2023-11-13,Comm,0.44639999999999996,0.3774333333333333
2023-11-13,Consumer,0.86198,0.34802
2023-11-13,Energy,0.7026,0.34936
2023-11-13,Financials,-0.10846,0.17064
2023-11-13,Healthcare,0.32064,0.22265
2023-11-13,Industrials,0.19126,0.13245
2023-11-13,Materials,0.11885,-0.01766666666666668
2023-11-13,RealEstate,0.25836,-0.25453333333333333
2023-11-13,Tech,0.75708,0.80456
2023-11-13,Utilities,0.25515,0.49924999999999997
2023-11-14,Comm,0.15293333333333334,0.44639999999999996
2023-11-14,Consumer,0.45533999999999997,0.86198
2023-11-14,Energy,0.6744,0.7026
2023-11-14,Financials,0.35308,-0.10846
2023-11-14,Healthcare,0.07004999999999997,0.32064
2023-11-14,Industrials,0.35197500000000004,0.19126
2023-11-14,Materials,0.4497333333333333,0.11885
2023-11-14,RealEstate,0.3612,0.25836
2023-11-14,Tech,0.8732,0.75708
2023-11-14,Utilities,0.64795,0.25515
2023-11-15,Comm,0.256675,0.15293333333333334
2023-11-15,Consumer,0.63892,0.45533999999999997
2023-11-15,Energy,0.30505000000000004,0.6744
2023-11-15,Financials,0.4153,0.35308
2023-11-15,Healthcare,0.24630000000000002,0.07004999999999997
2023-11-15,Industrials,0.41742500000000005,0.35197500000000004
2023-11-15,Materials,0.5331333333333333,0.4497333333333333
2023-11-15,RealEstate,0.3395,0.3612
2023-11-15,Tech,0.49184,0.8732
2023-11-15,Utilities,0.0,0.64795
2023-11-16,Comm,0.056,0.256675
2023-11-16,Consumer,0.1961,0.63892
2023-11-16,Energy,0.087525,0.30505000000000004
2023-11-16,Financials,0.2029,0.4153
2023-11-16,Healthcare,0.08088000000000001,0.24630000000000002
2023-11-16,Industrials,0.3578,0.41742500000000005
2023-11-16,Materials,0.100475,0.5331333333333333
2023-11-16,RealEstate,0.46905,0.3395
2023-11-16,Tech,0.6645200000000001,0.49184
2023-11-16,Utilities,0.38788,0.0
2023-11-17,Comm,0.0,0.056
2023-11-17,Consumer,0.37170000000000003,0.1961
2023-11-17,Energy,0.4563,0.087525
2023-11-17,Financials,0.27522,0.2029
2023-11-17,Healthcare,0.33215,0.08088000000000001
2023-11-17,Industrials,0.5119,0.3578
2023-11-17,Materials,0.24135,0.100475
2023-11-17,RealEstate,-0.0386,0.46905
2023-11-17,Tech,0.5231,0.6645200000000001
2023-11-17,Utilities,0.22752499999999998,0.38788
2023-11-20,Comm,0.12894,0.0
2023-11-20,Consumer,0.29922,0.37170000000000003
2023-11-20,Energy,0.163825,0.4563
2023-11-20,Financials,0.07886,0.27522
2023-11-20,Healthcare,0.38542,0.33215
2023-11-20,Industrials,0.16205000000000003,0.5119
2023-11-20,Materials,0.6332666666666666,0.24135
2023-11-20,RealEstate,0.28945,-0.0386
2023-11-20,Tech,0.74942,0.5231
2023-11-20,Utilities,0.2732,0.22752499999999998
2023-11-21,Comm,0.41556666666666664,0.12894
2023-11-21,Consumer,0.348375,0.29922
2023-11-21,Energy,0.5094799999999999,0.163825
2023-11-21,Financials,0.16194999999999998,0.07886
2023-11-21,Healthcare,0.31945,0.38542
2023-11-21,Industrials,0.32154,0.16205000000000003
2023-11-21,Materials,0.1147,0.6332666666666666
2023-11-21,RealEstate,0.2524,0.28945
2023-11-21,Tech,0.75282,0.74942
2023-11-21,Utilities,0.044320000000000005,0.2732
2023-11-22,Comm,0.1794,0.41556666666666664
2023-11-22,Consumer,0.12808000000000003,0.348375
2023-11-22,Energy,0.274375,0.5094799999999999
2023-11-22,Financials,0.12824,0.16194999999999998
2023-11-22,Healthcare,0.2904,0.31945
2023-11-22,Industrials,0.69458,0.32154
2023-11-22,Materials,0.6256999999999999,0.1147
2023-11-22,RealEstate,-0.08333333333333333,0.2524
2023-11-22,Tech,0.5411400000000001,0.75282
2023-11-22,Utilities,0.35233333333333333,0.044320000000000005
2023-11-24,Comm,0.34206000000000003,0.1794
2023-11-24,Consumer,0.33462000000000003,0.12808000000000003
2023-11-24,Energy,0.5231,0.274375
2023-11-24,Financials,0.274175,0.12824
2023-11-24,Healthcare,0.16798,0.2904
2023-11-24,Industrials,0.561875,0.69458
2023-11-24,Materials,0.131675,0.6256999999999999
2023-11-24,RealEstate,0.06743333333333333,-0.08333333333333333
2023-11-24,Tech,0.45636,0.5411400000000001
2023-11-24,Utilities,0.14500000000000002,0.35233333333333333
2023-11-27,Comm,0.1628,0.34206000000000003
2023-11-27,Consumer,0.7151799999999999,0.33462000000000003
2023-11-27,Energy,0.4949,0.5231
2023-11-27,Financials,0.38286000000000003,0.274175
2023-11-27,Healthcare,0.43285999999999997,0.16798
2023-11-27,Industrials,0.15008000000000002,0.561875
2023-11-27,Materials,0.081425,0.131675
2023-11-27,RealEstate,0.19365000000000002,0.06743333333333333
2023-11-27,Tech,0.79426,0.45636
2023-11-27,Utilities,0.62085,0.14500000000000002
2023-11-28,Comm,0.47963333333333336,0.1628
2023-11-28,Consumer,0.40966,0.7151799999999999
2023-11-28,Energy,-0.060540000000000004,0.4949
2023-11-28,Financials,0.49330000000000007,0.38286000000000003
2023-11-28,Healthcare,0.245425,0.43285999999999997
2023-11-28,Industrials,0.25125,0.15008000000000002
2023-11-28,Materials,0.3409,0.081425
2023-11-28,RealEstate,0.64625,0.19365000000000002
2023-11-28,Tech,0.51208,0.79426
2023-11-28,Utilities,0.0683,0.62085
2023-11-29,Comm,0.16884000000000002,0.47963333333333336
2023-11-29,Consumer,0.47546,0.40966
2023-11-29,Energy,0.35222,-0.060540000000000004
2023-11-29,Financials,0.300825,0.49330000000000007
2023-11-29,Healthcare,0.31986,0.245425
2023-11-29,Industrials,0.20572,0.25125
2023-11-29,Materials,0.2869,0.3409
2023-11-29,RealEstate,0.415325,0.64625
2023-11-29,Tech,0.80296,0.51208
2023-11-29,Utilities,0.4431333333333333,0.0683
2023-11-30,Comm,0.6353,0.16884000000000002
2023-11-30,Consumer,0.32108,0.47546
2023-11-30,Energy,0.60025,0.35222
2023-11-30,Financials,0.43764000000000003,0.300825
2023-11-30,Healthcare,0.36866000000000004,0.31986
2023-11-30,Industrials,0.18348,0.20572
2023-11-30,Materials,0.100475,0.2869
2023-11-30,RealEstate,0.17585,0.415325
2023-11-30,Tech,0.41418,0.80296
2023-11-30,Utilities,0.6384333333333333,0.4431333333333333
2023-12-01,Comm,0.3010333333333333,0.6353
2023-12-01,Consumer,0.47975,0.32108
2023-12-01,Energy,0.16666666666666666,0.60025
2023-12-01,Financials,0.2138,0.43764000000000003
2023-12-01,Healthcare,0.0,0.36866000000000004
2023-12-01,Industrials,-0.015059999999999985,0.18348
2023-12-01,Materials,0.21105,0.100475
2023-12-01,RealEstate,0.279625,0.17585
2023-12-01,Tech,0.26992,0.41418
2023-12-01,Utilities,0.3593,0.6384333333333333
2023-12-04,Comm,0.26280000000000003,0.3010333333333333
2023-12-04,Consumer,0.5453,0.47975
2023-12-04,Energy,0.15180000000000002,0.16666666666666666
2023-12-04,Financials,0.564125,0.2138
2023-12-04,Healthcare,0.22271999999999997,0.0
2023-12-04,Industrials,0.44154,-0.015059999999999985
2023-12-04,Materials,0.0,0.21105
2023-12-04,RealEstate,0.35514999999999997,0.279625
2023-12-04,Tech,0.8236399999999999,0.26992
2023-12-04,Utilities,0.5551,0.3593
2023-12-05,Comm,0.48472499999999996,0.26280000000000003
2023-12-05,Consumer,0.35588,0.5453
2023-12-05,Energy,0.16956666666666664,0.15180000000000002
2023-12-05,Financials,0.456825,0.564125
2023-12-05,Healthcare,0.2753333333333333,0.22271999999999997
2023-12-05,Industrials,-0.03260000000000003,0.44154
2023-12-05,Materials,0.0,0.0
2023-12-05,RealEstate,0.32715,0.35514999999999997
2023-12-05,Tech,0.5847,0.8236399999999999
2023-12-05,Utilities,0.1531,0.5551
2023-12-06,Comm,0.23352,0.48472499999999996
2023-12-06,Consumer,0.44089999999999996,0.35588
2023-12-06,Energy,0.54104,0.16956666666666664
2023-12-06,Financials,-0.09479999999999998,0.456825
2023-12-06,Healthcare,0.5923,0.2753333333333333
2023-12-06,Industrials,0.38880000000000003,-0.03260000000000003
2023-12-06,Materials,0.100475,0.0
2023-12-06,RealEstate,0.42574999999999996,0.32715
2023-12-06,Tech,0.74448,0.5847
2023-12-06,Utilities,0.3454,0.1531
2023-12-07,Comm,0.17862,0.23352
2023-12-07,Consumer,0.71802,0.44089999999999996
2023-12-07,Energy,0.10264000000000002,0.54104
2023-12-07,Financials,0.2562333333333333,-0.09479999999999998
2023-12-07,Healthcare,0.460225,0.5923
2023-12-07,Industrials,0.00010000000000001119,0.38880000000000003
2023-12-07,Materials,0.08606,0.100475
2023-12-07,RealEstate,0.37126666666666663,0.42574999999999996
2023-12-07,Tech,0.63156,0.74448
2023-12-07,Utilities,0.41624,0.3454
2023-12-08,Comm,0.25115999999999994,0.17862
2023-12-08,Consumer,-0.11750000000000001,0.71802
2023-12-08,Energy,0.46364,0.10264000000000002
2023-12-08,Financials,0.19466,0.2562333333333333
2023-12-08,Healthcare,0.0030799999999999938,0.460225
2023-12-08,Industrials,0.0683,0.00010000000000001119
2023-12-08,Materials,0.2895666666666667,0.08606
2023-12-08,RealEstate,0.074,0.37126666666666663
2023-12-08,Tech,0.91692,0.63156
2023-12-08,Utilities,0.0683,0.41624
2023-12-11,Comm,0.35802,0.25115999999999994
2023-12-11,Consumer,0.74746,-0.11750000000000001
2023-12-11,Energy,0.7699,0.46364
2023-12-11,Financials,0.30791999999999997,0.19466
2023-12-11,Healthcare,0.60702,0.0030799999999999938
2023-12-11,Industrials,0.09732,0.0683
2023-12-11,Materials,0.2726,0.2895666666666667
2023-12-11,RealEstate,0.10073999999999998,0.074
2023-12-11,Tech,0.9153399999999999,0.91692
2023-12-11,Utilities,0.29047999999999996,0.0683
2023-12-12,Comm,0.8489,0.35802
2023-12-12,Consumer,0.01212000000000002,0.74746
2023-12-12,Energy,0.4551,0.7699
2023-12-12,Financials,0.73874,0.30791999999999997
2023-12-12,Healthcare,0.50618,0.60702
2023-12-12,Industrials,0.73372,0.09732
2023-12-12,Materials,0.12326666666666665,0.2726
2023-12-12,RealEstate,0.49034000000000005,0.10073999999999998
2023-12-12,Tech,0.68336,0.9153399999999999
2023-12-12,Utilities,0.12143999999999999,0.29047999999999996
2023-12-13,Comm,0.54425,0.8489
2023-12-13,Consumer,0.28654,0.01212000000000002
2023-12-13,Energy,0.67892,0.4551
2023-12-13,Financials,0.33614,0.73874
2023-12-13,Healthcare,0.15576,0.50618
2023-12-13,Industrials,0.58336,0.73372
2023-12-13,Materials,0.65445,0.12326666666666665
2023-12-13,RealEstate,0.71228,0.49034000000000005
2023-12-13,Tech,0.73136,0.68336
2023-12-13,Utilities,0.48616666666666664,0.12143999999999999
2023-12-14,Comm,0.5727,0.54425
2023-12-14,Consumer,0.34112,0.28654
2023-12-14,Energy,0.39432500000000004,0.67892
2023-12-14,Financials,0.16596666666666668,0.33614
2023-12-14,Healthcare,0.2231,0.15576
2023-12-14,Industrials,0.21373333333333333,0.58336
2023-12-14,Materials,0.0,0.65445
2023-12-14,RealEstate,0.20562499999999997,0.71228
2023-12-14,Tech,0.46665999999999996,0.73136
2023-12-14,Utilities,0.5687666666666666,0.48616666666666664
2023-12-15,Comm,-0.038275,0.5727
2023-12-15,Consumer,0.396075,0.34112
2023-12-15,Energy,0.1991,0.39432500000000004
2023-12-15,Financials,0.7519333333333332,0.16596666666666668
2023-12-15,Healthcare,0.0,0.2231
2023-12-15,Industrials,0.148,0.21373333333333333
2023-12-15,Materials,-0.2732,0.0
2023-12-15,RealEstate,0.277,0.20562499999999997
2023-12-15,Tech,0.48334,0.46665999999999996
2023-12-15,Utilities,0.2394666666666667,0.5687666666666666
2023-12-18,Comm,0.58294,-0.038275
2023-12-18,Consumer,0.22749999999999998,0.396075
2023-12-18,Energy,0.6279,0.1991
2023-12-18,Financials,0.423825,0.7519333333333332
2023-12-18,Healthcare,0.75998,0.0
2023-12-18,Industrials,0.66202,0.148
2023-12-18,Materials,-0.09965,-0.2732
2023-12-18,RealEstate,0.6934666666666667,0.277
2023-12-18,Tech,0.74568,0.48334
2023-12-18,Utilities,0.1366,0.2394666666666667
2023-12-19,Comm,0.58294,0.58294
2023-12-19,Consumer,0.22749999999999998,0.22749999999999998
2023-12-19,Energy,0.6279,0.6279
2023-12-19,Financials,0.423825,0.423825
2023-12-19,Healthcare,0.75998,0.75998
2023-12-19,Industrials,0.66202,0.66202
2023-12-19,Materials,-0.09965,-0.09965
2023-12-19,RealEstate,0.6934666666666667,0.6934666666666667
2023-12-19,Tech,0.7622,0.74568
2023-12-19,Utilities,0.1366,0.1366
2023-12-20,Comm,0.58294,0.58294
2023-12-20,Consumer,0.22749999999999998,0.22749999999999998
2023-12-20,Energy,0.6279,0.6279
2023-12-20,Financials,0.423825,0.423825
2023-12-20,Healthcare,0.75998,0.75998
2023-12-20,Industrials,0.66202,0.66202
2023-12-20,Materials,-0.09965,-0.09965
2023-12-20,RealEstate,0.6934666666666667,0.6934666666666667
2023-12-20,Tech,0.3736,0.7622
2023-12-20,Utilities,0.1366,0.1366
2023-12-21,Comm,0.58294,0.58294
2023-12-21,Consumer,0.22749999999999998,0.22749999999999998
2023-12-21,Energy,0.6279,0.6279
2023-12-21,Financials,0.423825,0.423825
2023-12-21,Healthcare,0.75998,0.75998
2023-12-21,Industrials,0.66202,0.66202
2023-12-21,Materials,-0.09965,-0.09965
2023-12-21,RealEstate,0.6934666666666667,0.6934666666666667
2023-12-21,Tech,0.743,0.3736
2023-12-21,Utilities,0.1366,0.1366
2023-12-22,Comm,0.58294,0.58294
2023-12-22,Consumer,0.22749999999999998,0.22749999999999998
2023-12-22,Energy,0.6279,0.6279
2023-12-22,Financials,0.423825,0.423825
2023-12-22,Healthcare,0.75998,0.75998
2023-12-22,Industrials,0.66202,0.66202
2023-12-22,Materials,-0.09965,-0.09965
2023-12-22,RealEstate,0.6934666666666667,0.6934666666666667
2023-12-22,Tech,0.4767,0.743
2023-12-22,Utilities,0.1366,0.1366
2023-12-26,Comm,0.58294,0.58294
2023-12-26,Consumer,0.22749999999999998,0.22749999999999998
2023-12-26,Energy,0.6279,0.6279
2023-12-26,Financials,0.423825,0.423825
2023-12-26,Healthcare,0.75998,0.75998
2023-12-26,Industrials,0.66202,0.66202
2023-12-26,Materials,-0.09965,-0.09965
2023-12-26,RealEstate,0.6934666666666667,0.6934666666666667
2023-12-26,Tech,0.9623,0.4767
2023-12-26,Utilities,0.1366,0.1366
2023-12-27,Comm,0.0,0.58294
2023-12-27,Consumer,0.0,0.22749999999999998
2023-12-27,Energy,0.0,0.6279
2023-12-27,Financials,0.0,0.423825
2023-12-27,Healthcare,0.0,0.75998
2023-12-27,Industrials,0.0,0.66202
2023-12-27,Materials,0.0,-0.09965
2023-12-27,RealEstate,0.0,0.6934666666666667
2023-12-27,Tech,0.6249,0.9623
2023-12-27,Utilities,0.0,0.1366
2023-12-28,Comm,0.0,0.0
2023-12-28,Consumer,0.0,0.0
2023-12-28,Energy,0.0,0.0
2023-12-28,Financials,0.0,0.0
2023-12-28,Healthcare,0.0,0.0
2023-12-28,Industrials,0.0,0.0
2023-12-28,Materials,0.0,0.0
2023-12-28,RealEstate,0.0,0.0
2023-12-28,Tech,0.7579,0.6249
2023-12-28,Utilities,0.0,0.0
2023-12-29,Comm,0.0,0.0
2023-12-29,Consumer,0.0,0.0
2023-12-29,Energy,0.0,0.0
2023-12-29,Financials,0.0,0.0
2023-12-29,Healthcare,0.0,0.0
2023-12-29,Industrials,0.0,0.0
2023-12-29,Materials,0.0,0.0
2023-12-29,RealEstate,0.0,0.0
2023-12-29,Tech,0.5095,0.7579
2023-12-29,Utilities,0.0,0.0
